t,elapsed,x,y,dx,dy,dz,xy,xyz,yaw_deg
1781078532.5989854,0.0,228.17369565269576,-48.089092750663504,-0.42604583235143423,-0.331580413635308,1.3604176778076404,0.5398709308442049,1.463624569369523,-0.03132080104567416
1781078533.5685954,0.9696099758148193,228.17159798002103,-48.087986377633634,-0.422715633586904,-0.33028964301878005,1.3707683904456858,0.5364510743434585,1.4720005894731518,-0.020197443145044243
1781078533.6668253,1.0678398609161377,228.17159798002103,-48.087986377633634,-0.42331473871033154,-0.3290950214468822,1.3696531591258665,0.5361892400547777,1.4708666416279847,-0.02295372395787797
1781078533.7672465,1.1682610511779785,228.17159863827968,-48.0879856962249,-0.4252352674411952,-0.33509394530417325,1.3706119341182508,0.5413990994223218,1.4736655179526572,-0.02560869494947838
1781078533.8981884,1.2992029190063477,228.17159862423685,-48.08687868938055,-0.42425589085439697,-0.3332069729008609,1.3707552657421265,0.5394626471910849,1.4730885738047732,-0.02630867578988767
1781078533.9493935,1.3504080772399902,228.17055033728695,-48.08687871054653,-0.42288745939819705,-0.33320059092863374,1.3695257721242606,0.5383831694169613,1.471549278014163,-0.02656262266247403
1781078534.0664198,1.4674344062805176,228.17055037294583,-48.086878717841415,-0.42066582677142605,-0.3307262473671173,1.3694614938663805,0.5351070813499136,1.4702939745824852,-0.023782954067569712
1781078534.1662965,1.5673110485076904,228.17055048032447,-48.08687874120959,-0.42019084990013766,-0.33036509376068324,1.3650446071542184,0.5345104727835602,1.4659632413659351,-0.0249917486168889
1781078534.2679522,1.6689667701721191,228.17159891031187,-48.08687875026832,-0.4234947052636926,-0.331359410666785,1.3626249337037968,0.5377237435931399,1.4648868674321227,-0.02698440265161342
1781078534.3693008,1.770315408706665,228.17159891031187,-48.08687875026832,-0.42157353696757127,-0.33130121121674705,1.3626109571121625,0.5361760341763065,1.4643064433605266,-0.020788475741450988
1781078534.465763,1.8667776584625244,228.17159894610475,-48.08687875791159,-0.42243804818266995,-0.3299998310809471,1.3616661473088003,0.5360539087310505,1.4633825507339593,-0.026060871960507277
1781078534.5653768,1.9663913249969482,228.17055062366785,-48.08687877113749,-0.42250892446492117,-0.3305483835858709,1.3607041046014419,0.536447597761176,1.4626317668582711,-0.025166662813212764
1781078534.674247,2.0752615928649902,228.1695023596535,-48.08577179334714,-0.4180855506491241,-0.3318343848229688,1.3603938536552944,0.5337692259885535,1.4613627283037987,-0.022484451907227976
1781078534.7773092,2.178323745727539,228.16740571609913,-48.08577181995372,-0.4208235998769396,-0.3340901076971292,1.3594049861766835,0.5373162032495075,1.4617423229545266,-0.01842003544983713
1781078534.8722255,2.273240089416504,228.16740575167208,-48.08577182757121,-0.4196838363235429,-0.33413012289832267,1.358445605762519,0.5364489365254577,1.4605313845702843,-0.026590451717846613
1781078534.9758306,2.376845121383667,228.16740573745747,-48.084664821372044,-0.41778280907510634,-0.3331310427872509,1.3591358158846243,0.5343395617275666,1.460400264738257,-0.026257283405876297
1781078535.0822654,2.4832799434661865,228.16845407278953,-48.08577181419052,-0.4161946924675135,-0.332081694614196,1.359379365830037,0.5324436814687205,1.4599344280413549,-0.024258640492509996
1781078535.1731753,2.5741899013519287,228.16952092589094,-48.08686035210315,-0.4247575671421657,-0.3362356166878584,1.3591094401898445,0.5417318347429805,1.4630966650181212,-0.009138538779729734
1781078535.2736433,2.6746578216552734,228.17159897466803,-48.089092769781594,-0.4244653719436542,-0.32930787133051354,1.3604862939732765,0.5372285603907324,1.4627157899566952,-0.03267952928173379
1781078535.3782578,2.7792723178863525,228.171599010241,-48.089092777399074,-0.42282130926463424,-0.32937556380318256,1.3608004339534605,0.535972127632514,1.462547073651597,-0.02345352526302158
1781078535.480521,2.881535530090332,228.171599010241,-48.089092777399074,-0.42342817076072947,-0.3292930020548894,1.3605256716094547,0.536400314127517,1.462448426476796,-0.02409875184808386
1781078535.606822,3.0078365802764893,228.16950238795906,-48.08798580662328,-0.4212843966733715,-0.33023581374865785,1.3590478901915033,0.5352907953278151,1.4606667667187685,-0.026390880194614278
1781078535.6642623,3.065276861190796,228.16845410109508,-48.08798582746666,-0.4210128374725173,-0.33152386416299606,1.358326869169343,0.5358730090480625,1.4602094936458996,-0.02502168718782529
1781078535.770015,3.171029567718506,228.1674058017277,-48.08687884164627,-0.41860821343672683,-0.3303551087133272,1.3576356590942167,0.5332610375882364,1.4586095834917137,-0.024737778467324046
1781078535.8710012,3.2720158100128174,228.1674058017277,-48.08687884164627,-0.4232305136391119,-0.3369056378698758,1.3576912942975436,0.5409523791460153,1.4614907208446701,-0.02517136239213354
1781078535.9712782,3.3722927570343018,228.1674058375206,-48.08687884928954,-0.41999894828791184,-0.3311534785694761,1.355200825770011,0.5348474015376877,1.456925194064313,-0.02506200522065338
1781078536.0674775,3.468492031097412,228.1674058375206,-48.08687884928954,-0.4182057853325034,-0.3312424508202554,1.3570919767821585,0.5334956795616861,1.4581893819245468,-0.023946649449601218
1781078536.1686552,3.569669723510742,228.17159906024852,-48.090199791679865,-0.4229988519548158,-0.3275029673594787,1.3593415746795523,0.5349637580101627,1.4608202281720502,-0.025235338516293383
1781078536.269366,3.6703805923461914,228.17474399616054,-48.093520754707846,-0.4257937750940073,-0.3230649384507913,1.361210569434336,0.5344822666515884,1.4623835022677083,-0.027230302765765112
1781078536.3692417,3.770256280899048,228.17474399616054,-48.093520754707846,-0.4244529826943051,-0.32484786902947604,1.3625958200029116,0.5344964663410636,1.4636781890909254,-0.02317339509295601
1781078536.473758,3.874772548675537,228.17474403195342,-48.09352076235112,-0.4267372982741904,-0.324953062059258,1.360324315494284,0.5363760008427328,1.4622521867328615,-0.02591000953548997
1781078536.570168,3.9711825847625732,228.17474403195342,-48.09352076235112,-0.4263378904475985,-0.3257521832098291,1.3609167384089453,0.5365430846607554,1.4628646043222593,-0.02430724785796098
1781078536.6700408,4.0710554122924805,228.17474403195342,-48.09352076235112,-0.426369177197671,-0.3252019575444791,1.3606298509289128,0.5362340799081873,1.46248438613676,-0.026279969255100687
1781078536.7734554,4.174469947814941,228.1747440677463,-48.09352076999439,-0.426350406054155,-0.32539085636846465,1.3598657136335996,0.5363337376585083,1.4618100551258242,-0.029336022899147492
1781078536.8687167,4.269731283187866,228.1747440677463,-48.09352076999439,-0.4245603249731289,-0.3247405911589851,1.3596945190720697,0.534516530228557,1.4609849781165456,-0.022501000977463343
1781078536.9682198,4.369234323501587,228.1747440677463,-48.09352076999439,-0.4273948229782718,-0.32495540991869376,1.359124935035791,0.5369006920688915,1.4613291696876847,-0.023167347589770564
1781078537.069274,4.470288515090942,228.1747440677463,-48.09352076999439,-0.42584714422861225,-0.3235412159731439,1.358572904550832,0.5348127790928756,1.460049672326503,-0.025310229044823905
1781078537.16914,4.570154666900635,228.17474410331926,-48.093520777611865,-0.42532947826663303,-0.3245692213142277,1.3587314194632893,0.5350236859309038,1.460274431312079,-0.02823007624023337
1781078537.2689803,4.669994831085205,228.17474410331926,-48.093520777611865,-0.4236549484658383,-0.3233710158017189,1.3594259733226493,0.5329655985335523,1.4601682458417111,-0.023256737211963946
1781078537.3681097,4.769124269485474,228.17474411771602,-48.09462778439205,-0.42540875693083535,-0.3234702195878185,1.3585745809783487,0.5344208018346872,1.4599076976008196,-0.026459623984515963
1781078537.4720104,4.873024940490723,228.1747441533749,-48.09462779168693,-0.4265730017436056,-0.32338104838275683,1.3561311704538788,0.5352941511633403,1.4579545876831308,-0.02625842996049664
1781078537.5703506,4.971365213394165,228.17369578101633,-48.093520791186165,-0.4231329691132828,-0.3237738009322655,1.3592252746265192,0.5327954426613919,1.459919289174674,-0.024498911159476573
1781078537.6676538,5.068668365478516,228.17264741011132,-48.09241379118856,-0.42324857643970404,-0.3247151687427632,1.359490475527613,0.5334597438137926,1.460408727486991,-0.023952257023526567
1781078537.7687674,5.169781923294067,228.17159902436973,-48.09019978392083,-0.4232498295874052,-0.3273314643609737,1.3600283540280595,0.5350572920785839,1.4614935612471032,-0.025703322312428976
1781078537.867724,5.268738508224487,228.17055068749823,-48.089092790921775,-0.4217637242852561,-0.3291877642972736,1.3611003021491883,0.5350226381060963,1.4624784633616383,-0.028202877115495892
1781078537.9685495,5.369564056396484,228.1695017082249,-48.08798514998234,-0.4201173432248879,-0.33138591290353503,1.360973038397279,0.5350842974235439,1.462382582156109,-0.022063824219589575
1781078538.0703905,5.471405029296875,228.1674050863347,-48.08687817771044,-0.419195987135879,-0.3315865025481699,1.3585618192679172,0.5344856259086408,1.4599195529464986,-0.02266384261610203
1781078538.1704917,5.5715062618255615,228.1663574649421,-48.085771848762974,-0.41903306856261224,-0.33399905668748175,1.3575189826054443,0.5358582670978647,1.4594525927727995,-0.024438058318284377
1781078538.2712955,5.67231011390686,228.1663574649421,-48.085771848762974,-0.41903602229379544,-0.33369732033895616,1.3573575811133907,0.5356725581744936,1.4592342829673381,-0.02555089324360233
1781078538.371855,5.77286958694458,228.1653091796176,-48.08577186978693,-0.4178616762982301,-0.33482329648921194,1.3568786353276536,0.5354577671401075,1.4587099270928765,-0.018903130616818205
1781078538.4675894,5.868603944778442,228.1653091796176,-48.08577186978693,-0.41837133006225713,-0.3337836665731686,1.3568494508409412,0.5352066011262289,1.4585905999067914,-0.02137452362371099
1781078538.620279,6.021293640136719,228.16532771754947,-48.0846464152668,-0.42012217878948377,-0.33740897287297145,1.3571040348531145,0.5388389927297546,1.4601639707582912,-0.013373736276606221
1781078538.72758,6.128594636917114,228.16635742936916,-48.085771841145494,-0.41887242955752413,-0.33243988459193474,1.3577711563150574,0.5347619929566066,1.4592850653768954,-0.025130142489285863
1781078538.796097,6.1971116065979,228.16530912969597,-48.0846648556219,-0.4161656068446007,-0.3333300003150228,1.3591795845635875,0.5332004326989503,1.4600246040819977,-0.016192353445505105
1781078538.875418,6.276432514190674,228.16530907245885,-48.085771846882906,-0.4175429542585505,-0.3333973556857117,1.3605505369759499,0.5343181780822949,1.46170916364875,-0.022984918450216982
1781078538.9732652,6.374279737472534,228.16637585234912,-48.086860369651006,-0.41949456146301145,-0.33285139749522585,1.3619254594261025,0.5355051259433182,1.4634229385056698,-0.014866080476052002
1781078539.0749824,6.475996971130371,228.16635726449567,-48.086878810006105,-0.4191812351949977,-0.33349357350468267,1.3642124811749954,0.5356592867752105,1.4656079166346518,-0.02936322231585989
1781078539.1770768,6.578091382980347,228.16530892920142,-48.08577181619405,-0.4159788791573362,-0.33062879914881904,1.3627907589844186,0.5313697683643509,1.462720917846228,-0.01766382652923843
1781078539.258083,6.659097671508789,228.16530896499432,-48.08577182383732,-0.41833286226889754,-0.33297337975138674,1.3632057748400273,0.5346715396176887,1.4643099534710364,-0.025224450620522858
1781078539.3918304,6.792845010757446,228.16530896499432,-48.08577182383732,-0.4172108465035649,-0.3319145850074534,1.3629729581621353,0.5331343003229967,1.4635325301687465,-0.02822190755645632
1781078539.452883,6.853897571563721,228.16427919453204,-48.08575338938745,-0.41679615536122583,-0.33289074864475054,1.363013626292841,0.533418490171799,1.4636739497296254,-0.018871861046798936
1781078539.5623925,6.963407039642334,228.16427919453204,-48.08575338938745,-0.41710406562111757,-0.33487768747593805,1.362241106457479,0.5349008012023329,1.4634957120707235,-0.014271216135017754
1781078539.692318,7.093332529067993,228.16637580251344,-48.085753355163384,-0.41699371491117176,-0.33269084890640954,1.36452909578929,0.5334481785717212,1.4650961103207611,-0.012170295079018695
1781078539.7581692,7.159183740615845,228.1653274811761,-48.08575336851827,-0.41624516359280506,-0.331513377963951,1.3632649301473487,0.5321288903860327,1.463438562343198,-0.013192501865957192
1781078539.892189,7.293203592300415,228.16635725053877,-48.08577180283916,-0.4187805231931918,-0.33180651826256735,1.362978725325731,0.5342964459618751,1.4639616449408932,-0.024712152494675895
1781078539.9592998,7.36031436920166,228.16740553718282,-48.08577178196998,-0.4185896815860133,-0.33341807850749916,1.364698569734012,0.5351494525886323,1.4658741838370613,-0.015213753465008978
1781078540.062302,7.4633166790008545,228.16847238843897,-48.0868603204372,-0.41945698277328347,-0.33108579439664254,1.3669109949860134,0.5343799805835941,1.4676537847401805,-0.019485844219130764
1781078540.1950903,7.596104860305786,228.1684538364643,-48.086878768112975,-0.4212551538084597,-0.3333379238706087,1.3654507661146569,0.5371871890696545,1.467319280451143,-0.0239471793128616
1781078540.2585118,7.659526348114014,228.1684538364643,-48.086878768112975,-0.42048262012463056,-0.3316301747845358,1.3654001671383793,0.5355223680244329,1.466663500287646,-0.023409430145433743
1781078540.3619225,7.762937068939209,228.16845387225717,-48.08687877575625,-0.42341779144314273,-0.3373131713811688,1.3647371727346198,0.5413527516304045,1.4681860755168241,-0.01793370646146612
1781078540.4605436,7.861558198928833,228.16845387225717,-48.08687877575625,-0.4201004347791013,-0.3307661573811629,1.3647030477720636,0.5346874097734957,1.4657097375567405,-0.022004189450537736
1781078540.567807,7.9688215255737305,228.16847242423185,-48.08686032808047,-0.4236947548085652,-0.3369059811568249,1.3648321296337114,0.5413158831879341,1.4682607491423398,-0.020713055787278962
1781078540.6921213,8.093135833740234,228.16952071118175,-48.08686030691449,-0.42221780158922684,-0.3324986829276497,1.3655882648153548,0.5374227815486253,1.4675334936991635,-0.01393610066019501
1781078540.7601821,8.1611967086792,228.1684538364643,-48.086878768112975,-0.42089622930637915,-0.3325761862947587,1.3649217568389762,0.5364331790024682,1.4665510416712715,-0.025823650160205356
1781078540.892377,8.293391466140747,228.16742406732155,-48.086860333817874,-0.41935536154869624,-0.3316583592487703,1.365417468080518,0.5346552033967538,1.4663632048911472,-0.007775903415214882
1781078540.9952638,8.396278381347656,228.1674239959557,-48.08686031811877,-0.42220878814819685,-0.33684554270890743,1.3682259607079859,0.5401158953710096,1.470975003182487,-0.01327983869319951
1781078541.0493774,8.450392007827759,228.1674239959557,-48.08686031811877,-0.42016133251016186,-0.33186083034798486,1.3668481330680777,0.5354130704941454,1.467971721433236,-0.015631420394013842
1781078541.199494,8.600508451461792,228.16635714298832,-48.08577178055453,-0.4162817580542253,-0.33181652787612137,1.3672933264271985,0.5323464194117223,1.4672708511903434,-0.0173797568852653
1781078541.2745116,8.675526142120361,228.16635714298832,-48.08577178055453,-0.41829823357232954,-0.3329903553319582,1.3670940973290284,0.5346550186370973,1.4679244735018577,-0.025166876626459226
1781078541.372535,8.773549556732178,228.16637573075587,-48.085753340522025,-0.41840106199387606,-0.33392286416346195,1.3653843283605789,0.5353166613218135,1.466573657209689,-0.019752672834903364
1781078541.4704378,8.871452331542969,228.16742403152864,-48.08686032573625,-0.4214289632076884,-0.33641722302929367,1.3666709966946928,0.5392392038613742,1.4692067697187874,-0.014652649799480938
1781078541.5693393,8.970353841781616,228.16847230962355,-48.089074309377374,-0.4204360615350424,-0.3281931617255367,1.3687166117304992,0.5333640719457041,1.4689664381698855,-0.01606296986468079
1781078541.6707776,9.071792125701904,228.16952061061627,-48.09018129505575,-0.41932315174068435,-0.3266920054203126,1.3709346173466095,0.5315633282980369,1.4703813440841056,-0.013110442458392955
1781078541.7755032,9.176517724990845,228.16952061061627,-48.09018129505575,-0.41973685453862686,-0.32596481933349963,1.3692885882995087,0.5314434029142722,1.468803366195885,-0.014033805747491773
1781078541.8746479,9.275662422180176,228.1684722739647,-48.08907430208249,-0.4194238626444644,-0.3271042740156034,1.3683172322880552,0.5318962141573086,1.4680618620519101,-0.013837204980979336
1781078541.975671,9.376685619354248,228.16847230962355,-48.089074309377374,-0.42365408699373575,-0.3340855426885767,1.3693841927745911,0.5395330715164889,1.4718386469586042,-0.014773416900280601
1781078542.0885072,9.489521741867065,228.16740542231685,-48.08798576467303,-0.4204349552568942,-0.3297945696698221,1.3678207646977836,0.5343500816745234,1.468490263544161,-0.024948251822194407
1781078542.156149,9.55716347694397,228.16635713558688,-48.0879857858648,-0.41663626214594274,-0.3304627099327959,1.3687946657884638,0.5317813249739689,1.4684652582482236,-0.02098005651276326
1781078542.280084,9.681098461151123,228.16635713558688,-48.0879857858648,-0.41728000192995296,-0.3284778642860857,1.368453884660167,0.5310558420134456,1.4678849892883676,-0.030046783777018506
1781078542.3423674,9.743381977081299,228.16635713558688,-48.0879857858648,-0.4181642274603803,-0.33163552035371424,1.3668351738650184,0.5337072601040906,1.467338349530343,-0.018542304581986666
1781078542.492453,9.893467664718628,228.16637568756155,-48.087967338189024,-0.4164698256559518,-0.32982179508941556,1.3669305204645399,0.5312527950024388,1.4665362525268038,-0.014117174683384673
1781078542.565713,9.966727495193481,228.16742404596317,-48.0879673319612,-0.4200902551959018,-0.33423157131129955,1.366600288731486,0.5368301088536095,1.4682584632593674,-0.01349404378150397
1781078542.6918337,10.092848300933838,228.16742403152864,-48.08686032573625,-0.4169329317317363,-0.3293866888223036,1.366503340466531,0.5313460833917398,1.4661718998268687,-0.015993239877670026
1781078542.7692916,10.170306205749512,228.16635719304392,-48.086878795067946,-0.4145032055419904,-0.3287147450241079,1.366428404563535,0.5290239039975886,1.4652620502145333,-0.02333767921759216
1781078542.891156,10.292170524597168,228.1632122922025,-48.08909285483949,-0.4127488431205677,-0.32702421129526016,1.3654170778982966,0.5265989387291375,1.4634446483850958,-0.025246721291487348
1781078542.9577446,10.35875916481018,228.16111567673377,-48.09130689469642,-0.4129787211335554,-0.32789937681980064,1.3648578805512945,0.5273228853633422,1.4631836725206075,-0.02333035148837566
1781078543.094023,10.49503755569458,228.15272990694098,-48.09794970705278,-0.4059505877828542,-0.3248567033253522,1.3652679317261434,0.5199305313372746,1.4609189857129115,-0.024700282342478095
1781078543.1789894,10.5800039768219,228.1464400751411,-48.10569883176498,-0.40398008402667074,-0.31932083846983517,1.364856212155878,0.5149424299582183,1.4587659805574593,-0.024873311843137586
1781078543.2619827,10.662997245788574,228.13805291769697,-48.11344732404507,-0.39825352037834705,-0.3147613777442544,1.3643068152762294,0.5076224890735316,1.4556832339566104,-0.024800693130034156
1781078543.384731,10.785745620727539,228.12337663313474,-48.127838601533384,-0.38694452915427746,-0.3025568216320238,1.3628348289134131,0.49118906640773036,1.448649533136966,-0.02167555850171878
1781078543.456371,10.857385635375977,228.11289354349722,-48.137801792953844,-0.38716101126524904,-0.30648964257913747,1.363222770798346,0.4937909979457075,1.4498985731682534,-0.02198429362952725
1781078543.5878644,10.988878965377808,228.09297705032267,-48.162156154730226,-0.38075087211879577,-0.2930629085159495,1.3646517336929755,0.4804759046685394,1.4467658584713337,-0.019286031841499737
1781078543.677335,11.078349590301514,228.0762041322891,-48.180976817701065,-0.3775249498770279,-0.2858163886155367,1.3668888647724784,0.47351462045102677,1.4465826158294155,-0.01648215838529415
1781078543.792091,11.193105459213257,228.0531406449905,-48.20533058177093,-0.3724969023162146,-0.28425856184844633,1.3673992455854167,0.46856896207423143,1.4454541047874503,-0.020168347259958815
1781078543.8617175,11.262732028961182,228.03530084825266,-48.22195302158475,-0.3672832274638438,-0.2782224083981646,1.3662961197243568,0.4607653173917637,1.4418979729803931,-0.029018621224396576
1781078543.9642167,11.365231275558472,228.00699583264847,-48.24962788946135,-0.3649941756079045,-0.2776347750541035,1.3684539638872908,0.4585867601087459,1.443249135744025,-0.02003077666760193
1781078544.0916624,11.492676973342896,227.96611251663776,-48.2905896412827,-0.349825188237304,-0.26256686824594055,1.3693609844471295,0.437400300212227,1.4375216618721813,-0.02071747641117318
1781078544.1539264,11.554940938949585,227.9440973596587,-48.312729389565334,-0.3610145533680509,-0.27412313923188947,1.3697339847847885,0.4532935066884139,1.4427911117969552,-0.020831946904665968
1781078544.279867,11.68088150024414,227.89272691373628,-48.363649094749995,-0.3389099292581932,-0.2532366475988681,1.3702326897929549,0.42307060857131973,1.4340594004483018,-0.021524348931040542
1781078544.383092,11.784106492996216,227.8486986187614,-48.40682354880423,-0.3406045638805608,-0.25359761076812504,1.3734706986971112,0.42464481290081535,1.4376178133645603,-0.016107767822514357
1781078544.4666002,11.86761474609375,227.81515207915743,-48.44003352398303,-0.33983341106952025,-0.2529759633842801,1.3724041432921494,0.42365503104454,1.4363066238985354,-0.016621283577183243
1781078544.5992107,12.000225305557251,227.737576043871,-48.51752370410833,-0.3070629985931248,-0.21450036160735664,1.3697157710705272,0.374563866696573,1.420006825249096,-0.019352308631389297
1781078544.6730309,12.074045419692993,227.68935587511422,-48.56512752263275,-0.3130845696690585,-0.2235923238916726,1.3696868803576385,0.3847277934697962,1.4226937918230957,-0.02132213632629315
1781078544.7767632,12.177777767181396,227.6201490164864,-48.633779960539236,-0.2959987759444118,-0.20875197881051122,1.3719317610830588,0.36220527883769754,1.418939541025747,-0.028657767041757883
1781078544.8715942,12.272608757019043,227.5593649691385,-48.693538694702,-0.29659321669407746,-0.2138012527422788,1.3767790549597656,0.3656207213262232,1.4244995886412228,-0.005086776813468246
1781078544.9711874,12.372201919555664,227.4901985405403,-48.76326440499272,-0.28867658711376976,-0.20468005846007742,1.3795204451327414,0.35387582324718736,1.4241856468937297,-0.01341600423842787
1781078545.0708265,12.471841096878052,227.41681761086173,-48.83743409525275,-0.2916294160711175,-0.2102248007661771,1.3800280925232302,0.3595026886897507,1.4260854530246303,-0.021622299804275092
1781078545.1788952,12.579909801483154,227.33083568650198,-48.92268995625689,-0.270488973842788,-0.18306299092508738,1.3833244986863242,0.3266134467791599,1.4213595647417065,-0.03514313413541894
1781078545.2551627,12.656177282333374,227.27422697526495,-48.9780397221679,-0.29883134454877336,-0.20880949514427272,1.3821710812952372,0.36455668660337825,1.4294399167912162,-0.021555776868841508
1781078545.3918376,12.79285216331482,227.15576875455653,-49.096490255967204,-0.25139886387304955,-0.16630015107308793,1.3881466395508306,0.3014251631891272,1.42049576623792,-0.022125919555231077
1781078545.4604733,12.861487865447998,227.0939013940706,-49.159611360248064,-0.2729391302313502,-0.18430856538675755,1.388531345240948,0.3293408812861996,1.4270545584535328,-0.027110290835284465
1781078545.5613585,12.96237301826477,227.00476319717177,-49.258178763440746,-0.2816360663187538,-0.17989935059278395,1.3825301063774984,0.334189542318737,1.4223474066610393,-0.03370359888906678
1781078545.6658883,13.066902875900269,226.90304321923315,-49.36891622721756,-0.2521687298593065,-0.1469065092902042,1.3740775402404402,0.29184000889303846,1.4047276167940557,-0.03472121326279571
1781078545.813376,13.214390516281128,226.75415949550336,-49.52059403529613,-0.2046374666857389,-0.09325515503419268,1.3734230502317188,0.22488445191255044,1.3917125750742525,-0.035656102625198555
1781078545.8683302,13.269344806671143,226.70277193151514,-49.57153618396076,-0.2560074181142511,-0.1435743006735919,1.3691416383831507,0.2935189567020092,1.4002507646482234,-0.03558554009543104
1781078545.9697928,13.370807409286499,226.59897284609914,-49.675612567919565,-0.26159214973748135,-0.14609906120684002,1.3675220459464092,0.29962541362474054,1.3999614046963045,-0.034494157441382386
1781078546.0683823,13.469396829605103,226.49311419108096,-49.7829743207784,-0.2576299913339426,-0.1404426177402769,1.3685065248831056,0.29342348459601675,1.3996097491658535,-0.016367912379371
1781078546.1736143,13.574628829956055,226.38513651688973,-49.89257135419461,-0.24454478638168098,-0.13173503044805557,1.3723914016094156,0.2777701762133799,1.400219422092505,-0.031482052487172986
1781078546.2694302,13.67044472694397,226.28449618662486,-49.99330899491212,-0.2570152136939612,-0.14123650008831135,1.3716570798894443,0.2932653559958082,1.4026573757829048,-0.03189145000736371
1781078546.3685658,13.769580364227295,226.15972750653867,-50.118416992284445,-0.2431044207054356,-0.1236116740681581,1.3775627816983775,0.27272624613787716,1.4043001185120756,-0.03187411397696172
1781078546.4683833,13.86939787864685,226.05594641226637,-50.22358641328863,-0.24485899713286585,-0.12483353238336292,1.3748318293460473,0.2748442091153112,1.4020349133553058,-0.03217338131272139
1781078546.5668314,13.967845916748047,225.92386090678232,-50.35421480606578,-0.23526072745923443,-0.11895787457226703,1.371614778764231,0.2636258443464893,1.3967196165057072,-0.031157552260439477
1781078546.6665301,14.06754469871521,225.81375215010772,-50.4638474113113,-0.24896478682623524,-0.13262694726113722,1.369966169572057,0.2820875258128959,1.3987067877118404,-0.045419947878753204
1781078546.7723677,14.17338228225708,225.67850127043855,-50.597816070747214,-0.2229842167298557,-0.11306073803667971,1.3602266684439381,0.250009382615985,1.3830116705733617,-0.028155610324022265
1781078546.8664203,14.26743483543396,225.55374978121176,-50.72069162706489,-0.22274888436933793,-0.11394518229521111,1.3635209545070968,0.2502010592624931,1.3862863930068772,-0.02023042391676245
1781078546.9653196,14.366334199905396,225.44159670616523,-50.83137779583173,-0.23109656850800775,-0.12475259039896969,1.3674374223826264,0.2626191782551865,1.3924273542701864,-0.021888326780170886
1781078547.0650332,14.466047763824463,225.31788259052524,-50.95760099390874,-0.226842133475202,-0.11791751516931015,1.366190662584393,0.2556597228804057,1.3899060473413547,-0.04029818766214601
1781078547.1668763,14.567890882492065,225.1910378455468,-51.08379933509005,-0.22962342488489185,-0.12054489300579974,1.3696608130506758,0.2593414515376346,1.3939973928570617,-0.03548479484473945
1781078547.2785225,14.679537057876587,225.03798139497619,-51.23545929857485,-0.19653348976805773,-0.09004792595794697,1.372295844201394,0.21618057630078413,1.389219178381207,-0.03340774153951419
1781078547.3736103,14.774624824523926,224.92265035660472,-51.35171489401917,-0.21052689994002094,-0.10682852134659981,1.3642698745149942,0.2360803011084502,1.384545484655746,-0.03210098385431916
1781078547.4747984,14.875813007354736,224.79475791100907,-51.47791389674025,-0.20364920694706257,-0.0984006298978457,1.369633693415438,0.22617622212438762,1.3881830346151312,-0.032374936383537486
1781078547.5694444,14.970458984375,224.67839361147168,-51.590830709613954,-0.2012061862707526,-0.09980379140389317,1.3690207893952147,0.22459903421923394,1.3873221139910188,-0.03036824337256121
1781078547.6704059,15.071420431137085,224.53792376358578,-51.72921013774612,-0.2100919079094581,-0.11105368457986486,1.3622008402330705,0.2376373931598315,1.3827735388556883,-0.033110596135720365
1781078547.769824,15.170838594436646,224.42470709442452,-51.84101983345434,-0.20820300091955346,-0.10939075312339952,1.3667702029624642,0.2351910424757119,1.386858180985665,-0.02275402107738107
1781078547.912702,15.313716650009155,224.23705988567852,-52.02810628349212,-0.1492117036998195,-0.05383689372738587,1.3694072627791916,0.15862705837030633,1.3785640336957925,-0.017452949388804147
1781078547.9790077,15.380022287368774,224.163659113981,-52.102294502687045,-0.20906491952234774,-0.115064305135121,1.3690475318242286,0.23863766444363715,1.3896902817840837,-0.035059588464168276
1781078548.1031334,15.504148006439209,224.00431420062583,-52.259490841502675,-0.1881903933125102,-0.09424654961138401,1.368612408528991,0.21047098671495879,1.3847013977852027,-0.031181634104297657
1781078548.2349322,15.63594675064087,223.84918580149363,-52.41334941529432,-0.12973701550316719,-0.037498637411992775,1.366507308786101,0.13504755088273593,1.3731642530903787,-0.012004177227412274
1781078548.309663,15.71067762374878,223.76742043757073,-52.49637582037556,-0.18117393746697985,-0.09027902357210138,1.3706165808351582,0.20242109009295736,1.3854833486457645,-0.018110535123598843
1781078548.392934,15.793948650360107,223.6636188070045,-52.601564551680084,-0.19622765325610203,-0.10344573106274879,1.3767266149989057,0.2218249561647732,1.3944828731912948,-0.025261592392138415
1781078548.4601548,15.861169338226318,223.60699310912122,-52.660257746024946,-0.26217227511341434,-0.16645503554396157,1.3722842511256967,0.3105504479083637,1.4069845935843432,-0.027540298585350224
1781078548.5584326,15.959447145462036,223.46758720364613,-52.80525811388294,-0.2196695095895791,-0.11965625040416938,1.3719593386351683,0.2501445816005445,1.3945769030685828,-0.01941406635807225
1781078548.6962528,16.097267389297485,223.3207847876018,-52.95474083366187,-0.18921365620909114,-0.08729695872472831,1.3789990899583628,0.20838082133104058,1.3946544578513316,-0.03485234263746424
1781078548.768762,16.169776678085327,223.24320786770252,-53.0322316458987,-0.22541603564778256,-0.12192460965123075,1.380684489661384,0.2562771928318386,1.4042676595141268,-0.030357312095271607
1781078548.868731,16.269745588302612,223.13523283959054,-53.141828616481575,-0.23514077622169793,-0.1290598339494906,1.3788985653915549,0.26823054520544953,1.4047451295591316,-0.027417184335853835
1781078548.9723835,16.373398065567017,223.01887057494082,-53.26027975129758,-0.2268527950245698,-0.11598805912593235,1.379991682885832,0.2547850475798379,1.4033148133274769,-0.02599567196213745
1781078549.070056,16.471070528030396,222.91508879375522,-53.366555674406776,-0.24001059457964402,-0.13007132605694238,1.376510416716329,0.2729901744984344,1.4033191236141718,-0.02618604250768688
1781078549.191782,16.592796564102173,222.79348647852277,-53.49165025948778,-0.21686006776693034,-0.10300202678155301,1.3779683464723884,0.2400785423834987,1.398726016914261,-0.02553164147071684
1781078549.2944548,16.69546937942505,222.69284819381878,-53.59349681227387,-0.21712994832330423,-0.10263075928538967,1.3798740800794607,0.24016345935711447,1.4006180650289766,-0.029329487635306982
1781078549.362158,16.76317262649536,222.62472741464376,-53.66432963935856,-0.2545441771847834,-0.1374350306034131,1.3802040624053595,0.28927690155911084,1.4101930292183043,-0.025760590573002184
1781078549.472626,16.873640537261963,222.5272340193756,-53.76285374930235,-0.25901146423970545,-0.14168284060565384,1.381852034496555,0.29523036078574866,1.4130378661493652,-0.026160305967787893
1781078549.5660865,16.967101097106934,222.43181797142145,-53.859181631280876,-0.2558730109091414,-0.13319556632579577,1.3839780550261949,0.2884650006509612,1.4137210875539235,-0.03553771003141277
1781078549.6717381,17.072752714157104,222.32908302057206,-53.964347844543205,-0.25881743132643464,-0.1362058097844212,1.3902398076019635,0.29246963154735167,1.4206706895049914,-0.028447020647158334
1781078549.7740278,17.175042390823364,222.23576572871596,-54.05846372010413,-0.2587552450661974,-0.134510998150823,1.3869566879060968,0.2916290202857023,1.4172848477283064,-0.04128578445764482
1781078549.8644917,17.265506267547607,222.1539962614257,-54.14259588356791,-0.26604541359256473,-0.14084230105066808,1.3874041979409557,0.30102610494587645,1.4196855723444797,-0.034394730590858694
1781078549.9650865,17.366101026535034,222.06279136405544,-54.23337091004674,-0.26684564760950025,-0.14478809049247587,1.3856915555383063,0.3035954393540703,1.4185595785467602,-0.032659248163520185
1781078550.0646796,17.465694189071655,221.97261769556715,-54.32305875656288,-0.27079126375733154,-0.14785093928654192,1.388938748657393,0.30852521578503983,1.4227925556092744,-0.04306884374382207
1781078550.1688557,17.569870233535767,221.87617130375125,-54.41937022032879,-0.26860477485513456,-0.14797775953531556,1.3919263179119907,0.3066691089628514,1.4253086742485297,-0.03423796765555276
1781078550.2636442,17.664658784866333,221.7985964792944,-54.49796864478534,-0.27563256798524094,-0.15598222436791787,1.3920472659895955,0.3167076993899926,1.427620172735735,-0.03545869040664546
1781078550.3655975,17.76661205291748,221.71370464136905,-54.58540466071335,-0.27525059707534183,-0.15614012424097723,1.3939223950207478,0.31645320284098877,1.4293922739852407,-0.032252214812370186
1781078550.4694145,17.870429039001465,221.62986317373904,-54.67062864515355,-0.27525942922790136,-0.155561207927974,1.395810173152234,0.316175651799566,1.431171926173145,-0.03395407634960618
1781078550.564773,17.965787649154663,221.5491640261948,-54.75364007542053,-0.27317255270395435,-0.1509584051749826,1.3950127127849261,0.3121084485299444,1.429500665433678,-0.04299210298531359
1781078550.6647298,18.065744400024414,221.4673780604139,-54.83447032488965,-0.28592237188956915,-0.16358493390173834,1.3997657181445438,0.32941104011036604,1.438004067810416,-0.05721469630997961
1781078550.7655547,18.166569232940674,221.3866582236616,-54.91528278192921,-0.2857345863324099,-0.16608304495229476,1.402147735192727,0.33049634135218403,1.4405714501381988,-0.04261226598629705
1781078550.8642676,18.265282154083252,221.30593702573768,-54.994989680104375,-0.28490003268487385,-0.16431560929414957,1.408368978232864,0.32888850402765646,1.446260981610937,-0.047795952195763956
1781078550.9646237,18.365638256072998,221.2273103793839,-55.07469586254411,-0.28929968799454286,-0.16756670294017084,1.41180921161702,0.334324556992123,1.4508542860723992,-0.04790785662216707
1781078551.0671406,18.46815514564514,221.14866734288287,-55.15331140332995,-0.29144735738356076,-0.17170457296647612,1.4175613407096754,0.3382662006518844,1.4573620611152445,-0.056260776396823586
1781078551.16616,18.567174673080444,221.07109311192127,-55.22969370287598,-0.28710510683271195,-0.1638850260737712,1.4118473936805356,0.33058681785670707,1.450034726199047,-0.04816012853216731
1781078551.2664056,18.667420148849487,220.99458706868208,-55.30605611339417,-0.29708095975209403,-0.17749259351769098,1.4100692834119535,0.3460646144881929,1.4519146329666774,-0.044530157221582385
1781078551.3637753,18.764789819717407,220.91910886180224,-55.38354886645911,-0.29387711036216047,-0.17389829814011648,1.4034279049364193,0.3414738263627862,1.4443733099323977,-0.046107295752297
1781078551.465658,18.86667251586914,220.84361014204305,-55.45995525277377,-0.2938818056166781,-0.17088884532926585,1.4054001833445673,0.3399551634120134,1.4459319446209882,-0.05772322202973909
1781078551.5654871,18.966501712799072,220.76708222311512,-55.53744805709228,-0.29083233641514994,-0.1628295540551008,1.4070334483940181,0.3333120333538499,1.4459737329834315,-0.047055592754943885
1781078551.6638038,19.064818382263184,220.6905391263777,-55.61827821795523,-0.29868272488988623,-0.17030011740518347,1.4129616167880448,0.34382190176873073,1.4541918823360802,-0.04908207748783393
1781078551.7647967,19.16581130027771,220.6119193788779,-55.69798288464837,-0.2994585515351673,-0.16725955586950647,1.4118306066843886,0.34300318237183314,1.4528994614521729,-0.061381138439226476
1781078551.864736,19.265750646591187,220.5322698780384,-55.779883045785176,-0.2925770609008964,-0.1615582128702897,1.4159760207887189,0.3342190789156847,1.4548850415616703,-0.04769092521551765
1781078551.9653642,19.366378784179688,220.45155215291422,-55.865125565677786,-0.2888111276858183,-0.1529997634929785,1.418962824892654,0.32683450721131235,1.4561168543531808,-0.0634383548351254
1781078552.0638916,19.464906215667725,220.36873345533454,-55.951473802532114,-0.29299750368011246,-0.15319612063154864,1.4227706198939982,0.33063059226171665,1.4606823150065469,-0.07445148156001113
1781078552.1647537,19.565768241882324,220.2827699071716,-56.038926270133665,-0.27773446474535035,-0.13629086018112702,1.4261779247428772,0.30937296500550554,1.4593474927172752,-0.05967395885260924
1781078552.2641845,19.665199041366577,220.19366282632487,-56.127487170846415,-0.2830483385489515,-0.14199534838106587,1.4248476076050374,0.3166686610910245,1.4596128753251598,-0.06056423314121003
1781078552.3635855,19.764600038528442,220.10352678060863,-56.2193513173787,-0.2775572408733922,-0.13629075059288454,1.4294485469966316,0.3092138267581547,1.4625102868592765,-0.05060705058507351
1781078552.4626133,19.863627910614014,220.0102272631233,-56.31344800796825,-0.27729577746444534,-0.13242188232221963,1.433839625830896,0.30729221128653905,1.4663985050866135,-0.0576371604676513
1781078552.563147,19.96416163444519,219.915861701209,-56.40977933017008,-0.27060445339881767,-0.1263559263802776,1.4360464622796563,0.29865128549981335,1.4667726586477563,-0.0623262842711916
1781078552.6627522,20.063766717910767,219.8267368148031,-56.492822993348994,-0.2745528365393852,-0.1357447712416473,1.4320769623801364,0.3062774934128682,1.4644624710627405,-0.07218870055082748
1781078552.762351,20.163365602493286,219.71771192435207,-56.60130887936335,-0.2638990525267957,-0.12688947757927593,1.431106163729754,0.29282016570735364,1.4607561402609868,-0.059671693634212326
1781078552.8638353,20.26484990119934,219.61812248504714,-56.70204628477242,-0.25615604169823314,-0.11535139214293366,1.4356547399226143,0.2809303496737578,1.46288290496201,-0.06507768278027888
1781078552.9634867,20.364501237869263,219.51435621667795,-56.80055336179333,-0.2671820823488815,-0.13284087000494793,1.435692859136337,0.29838391691234967,1.4663720358923331,-0.06105331977267473
1781078553.0632024,20.464216947555542,219.4095224532891,-56.90018664676867,-0.24593678035083144,-0.12125625848202048,1.4402427015086667,0.27420426719945784,1.4661128944932496,-0.0610637613387387
1781078553.1629398,20.56395435333252,219.3046915023323,-57.00424931930991,-0.2507967224254344,-0.12485706204579117,1.4454661872938048,0.28015760193513745,1.4723657088277136,-0.06250169676626419
1781078553.2630816,20.664096117019653,219.19879724684674,-57.11054240329846,-0.2508080084685105,-0.12172339622639328,1.4443740540372967,0.2787852978563037,1.4710328515288038,-0.06449469616866868
1781078553.3638246,20.76483917236328,219.09187104156013,-57.217921884415176,-0.25218812699074533,-0.12129133671006542,1.4441608047620769,0.2798400252930498,1.4710237488793525,-0.062256064540666206
1781078553.4641933,20.86520791053772,218.98389590555283,-57.326409121299605,-0.25391877337580127,-0.1242707676738064,1.4450861286968937,0.2826976603562695,1.472478144667378,-0.06927501577245121
1781078553.5644026,20.96541714668274,218.88533499305035,-57.424952447578384,-0.2750113972203394,-0.14389784336852074,1.444897747940545,0.3103834047226021,1.4778590460293746,-0.07701826115250553
1781078553.6645896,21.065604209899902,218.76268081581617,-57.547832422094686,-0.23573920725976905,-0.10593127500519728,1.4452835659806256,0.25844614306213026,1.4682094520051845,-0.07298690190828411
1781078553.763528,21.16454267501831,218.65155944137197,-57.65964216611904,-0.23745856808011467,-0.10755784038013871,1.4443343168796687,0.26068229817518845,1.467670562319132,-0.06106586143573865
1781078553.862644,21.26365852355957,218.53938970761243,-57.77255750949476,-0.24188855836462153,-0.11377581628856603,1.4425942489165937,0.2673107013193532,1.4671513821167452,-0.06708986607240508
1781078553.9613326,21.36234712600708,218.43875271211041,-57.874404022472376,-0.2503432877652756,-0.12331185189577099,1.443295703258777,0.2790655380857553,1.470027231581898,-0.06177218200139497
1781078554.0636015,21.464616060256958,218.31507351012115,-57.999480129492504,-0.24424033061157502,-0.11849826874199465,1.44327559231249,0.27146855949096843,1.4685842209955378,-0.05252906036005476
1781078554.1651373,21.5661518573761,218.2018553947867,-58.114609472647686,-0.24047982281081204,-0.112906476319246,1.4425121551049094,0.2656659887414044,1.4667718756505246,-0.0672583903888826
1781078554.2751892,21.676203727722168,218.07499144435545,-58.24193667778378,-0.22024348955278583,-0.08977099028742686,1.4398681135001197,0.23783613137530926,1.4593787067317268,-0.08012764908046324
1781078554.3647273,21.76574182510376,217.97121024896634,-58.34599653406307,-0.24987148627073452,-0.11990417425432298,1.4413013023070798,0.2771511693187617,1.4677064470413834,-0.0736862696157889
1781078554.4654565,21.8664710521698,217.85484649278865,-58.46334064581348,-0.24303820093498985,-0.10877322668059008,1.4443348220855867,0.26626900299551115,1.4686736398006288,-0.06573163101373958
1781078554.5641026,21.96511721611023,217.73743794970525,-58.58068544272274,-0.24494108890414168,-0.11095196712430067,1.4453431869875053,0.26889863525555224,1.470144007984761,-0.07458267875537736
1781078554.6633961,22.06441068649292,217.632609883443,-58.68696218720327,-0.25042367679139943,-0.1103392252763129,1.4458888098715734,0.27365445827228946,1.471557410719723,-0.07158063456532303
1781078554.7643583,22.165372848510742,217.50259962566562,-58.81871606661656,-0.2291257757856613,-0.0855541554632211,1.4432176128219485,0.2445774614440303,1.463794798667453,-0.07441358715600653
1781078554.904067,22.305081605911255,217.33589850917474,-58.985893140225485,-0.18658721960764524,-0.048756346032440945,1.4459295491978312,0.19285220195617875,1.4587337773023528,-0.07755307910615927
1781078554.9604833,22.36149787902832,217.26463266824263,-59.05783162527907,-0.2281978703983043,-0.0931815607304145,1.446845285070506,0.24648949534306167,1.467691503772244,-0.07143668039652117
1781078555.0719156,22.472930192947388,217.1566546134991,-59.165210410999855,-0.251998246074578,-0.1185393011418654,1.4410240021209433,0.2784864124869747,1.467686906880526,-0.06701854898993137
1781078555.1691585,22.570173025131226,217.01198578256233,-59.30912088926699,-0.20902212248054752,-0.07467592868139405,1.4511635891188712,0.22196112725137632,1.4680403619775124,-0.06685691312270142
1781078555.2755218,22.676536321640015,216.89248559764658,-59.42978878778042,-0.21940261553800156,-0.08104166209856345,1.4484036304288792,0.23389155329043812,1.4671667714817465,-0.06899496835560946
1781078555.3805954,22.781610012054443,216.75827923106604,-59.563758223300404,-0.2117887225241475,-0.07650901260236509,1.4447588583750264,0.22518457317897955,1.462202534141871,-0.07187342021625567
1781078555.475187,22.876201629638672,216.64924945546028,-59.673351778265875,-0.22416503183927716,-0.08728311657855414,1.449739607540504,0.24055831712740597,1.4695622591815782,-0.06279329714970458
1781078555.5793073,22.980321884155273,216.5140181680346,-59.8072990478469,-0.2033746407811634,-0.07857455266120894,1.4572052048360058,0.21802569765689628,1.4734253336494259,-0.06301250231207213
1781078555.6795762,23.08059072494507,216.39136529587626,-59.92907055158067,-0.1981903811538075,-0.07345434977451504,1.4510601844258515,0.21136453979484895,1.4663732906421456,-0.0684159857274181
1781078555.7695608,23.170575380325317,216.28234111383358,-60.03977392373628,-0.21225933856189272,-0.07887800120306565,1.453209427507448,0.22644152861284747,1.47074586726499,-0.06988499005544767
1781078555.8746927,23.275707244873047,216.1607221774739,-60.163779305018046,-0.20691743127702011,-0.0709424721011942,1.4529332694713586,0.2187410745930198,1.4693068921266381,-0.0678648563326671
1781078555.9699674,23.3709819316864,216.03911544414134,-60.28665849288407,-0.18965647938324537,-0.05740386162839428,1.447369775815681,0.1981534342420015,1.4608709906924136,-0.056996712361657
1781078556.0678976,23.46891212463379,215.9154108469214,-60.409536306934875,-0.20179919130262647,-0.07227399427200965,1.449899690228101,0.21435121613469915,1.4656587445861904,-0.06202473751168549
1781078556.171909,23.57292366027832,215.79276137201703,-60.533522504219775,-0.20443076832006568,-0.07794888789430843,1.453396030253325,0.21878749543767767,1.4697714070276426,-0.06984641038706972
1781078556.2688258,23.669840335845947,215.66799201067633,-60.657526558249714,-0.20650306793601203,-0.07616468749624516,1.4555538001681363,0.2201012873392291,1.4721010297776063,-0.07410141561150524
1781078556.3714492,23.77246379852295,215.55477120739195,-60.77154888119809,-0.23400758265185573,-0.09996684619118668,1.4613528022240034,0.25446594875538353,1.4833424862936828,-0.06535137156515536
1781078556.46929,23.870304584503174,215.41746378400484,-60.90990780985259,-0.20947430114378562,-0.08243465300124342,1.4618007876935255,0.22511098341731972,1.4790322842171242,-0.052848690684202636
1781078556.5686662,23.969680786132812,215.30529670939262,-61.022824515451745,-0.22276287168267572,-0.09621524471071297,1.4592850176041507,0.2426533954327749,1.4793219503945048,-0.052480272507769044
1781078556.6700864,24.07110095024109,215.17006349192806,-61.15898796172364,-0.20998627529536407,-0.07961287348827284,1.4589848087479802,0.2245716933130268,1.4761670358041667,-0.06635525040673426
1781078556.770656,24.17167067527771,215.0631185084517,-61.26749380661876,-0.23380797356603011,-0.10199471869508869,1.451295122036506,0.25508643857473823,1.4735422024467777,-0.06258638657269998
1781078556.869539,24.270553588867188,214.93312779386642,-61.399228538792116,-0.22943816984223986,-0.10357321761465244,1.4374072874390926,0.2517325667997859,1.45928372675454,-0.05139950831126918
1781078556.9708824,24.371896982192993,214.81571533016873,-61.51878601908971,-0.2333564472820342,-0.10665971355102499,1.4297035875799082,0.2565765499473393,1.4525439319764961,-0.047859282254741904
1781078557.0679898,24.4690043926239,214.6993379387337,-61.63614932719529,-0.24240586348196302,-0.11476094894103284,1.4270490134380414,0.2681989523698451,1.4520329076184084,-0.0621181424968898
1781078557.170546,24.571560621261597,214.58610485705213,-61.75351613078596,-0.2508583235148194,-0.12092127734568692,1.428655527475924,0.2784813347274433,1.455544046045701,-0.07003427614179064
1781078557.2679474,24.668962001800537,214.48336844396135,-61.856468261183,-0.259470084371884,-0.12936756845755326,1.4300417256773557,0.28993222044569716,1.4591367412380656,-0.062099277453016806
1781078557.3695855,24.770600080490112,214.359684319574,-61.98043242434305,-0.2610147352762624,-0.12816019635230447,1.4359112081795216,0.29078123729085165,1.4650579257271612,-0.05036112251326095
1781078557.4680984,24.869112968444824,214.24856481979992,-62.09002599546827,-0.2637205940059175,-0.1403019591812651,1.4333373710398156,0.2987192518953798,1.4641342871035654,-0.0538935404186522
1781078557.5677137,24.9687283039093,214.15106930966996,-62.18855075142778,-0.29263695566697834,-0.16300642542604749,1.4315374984274054,0.33497385353518955,1.4702064793613203,-0.064315315455591
1781078557.6711926,25.07220721244812,214.0325896470349,-62.31033929177743,-0.28410452946803844,-0.15138716141157715,1.4341480690896111,0.3219215064336498,1.4698347323348875,-0.07378133243639415
1781078557.7685437,25.16955828666687,213.927761812429,-62.41993614996467,-0.2745905389305108,-0.13610429799057755,1.442298489383778,0.3064707881701881,1.474499669881409,-0.06263612639861395
1781078557.8780282,25.279042720794678,213.83341385523025,-62.51735519921903,-0.27710543073402505,-0.1415404406201688,1.4469797251109342,0.31116091668659335,1.4800579181083946,-0.058624924406921845
1781078557.969906,25.370920658111572,213.72856374676704,-62.62253990804708,-0.28133384682803353,-0.14646050221886497,1.4473927989600919,0.3171741037368303,1.4817372663744373,-0.0667158795449518
1781078558.070902,25.471916675567627,213.61428157677042,-62.73879617178088,-0.2740766762705391,-0.13496305103398498,1.447670413681357,0.30550458199494807,1.4795548912657006,-0.06581741132441489
1781078558.1691046,25.57011914253235,213.52203029965204,-62.83178580946528,-0.2873550200953616,-0.1513825264992974,1.4501368676874453,0.3247915899516429,1.4860641008818132,-0.057379152175739336
1781078558.2698212,25.670835733413696,213.4077618071583,-62.94691446390652,-0.27443745631657634,-0.13797096327647296,1.4520407945994416,0.307167550592426,1.484174643806425,-0.046984906982473686
1781078558.371699,25.772713661193848,213.3050288115128,-63.0509742905554,-0.2681321236581198,-0.13167529930206712,1.448277406184784,0.29871929998529084,1.4787632215635564,-0.04727875778137339
1781078558.4760506,25.877065181732178,213.20124680796715,-63.15614182358279,-0.26612274621916754,-0.12970955409562634,1.4489638626993093,0.2960504762349111,1.4788989687897618,-0.0577403178713943
1781078558.571526,25.972540616989136,213.09639503836615,-63.265754462731536,-0.27440638360130265,-0.13211716282560104,1.463007140160155,0.3045550985851848,1.494370670293628,-0.059448531249449765
1781078558.668388,26.06940245628357,212.99156518050586,-63.37645764969617,-0.2674499361374103,-0.11691153505932306,1.4713909934500338,0.29188657963296666,1.5000630756657234,-0.057142582561456844
1781078558.7677846,26.16879916191101,212.8846367358395,-63.48605181184074,-0.26712489157714003,-0.11906344359610443,1.475061031782346,0.2924582214625904,1.503774204720862,-0.054219877494312126
1781078558.8787472,26.279761791229248,212.76722592746526,-63.606715489269774,-0.2557654762658217,-0.10639432042950148,1.48019990341789,0.27701214823386,1.5058975676809725,-0.049138214375948286
1781078558.972208,26.373222589492798,212.66973579166057,-63.70634857479929,-0.26638603112201054,-0.11379243295879604,1.47791535200167,0.2896726348408128,1.5060358638020008,-0.0539677548263952
1781078559.0785606,26.479575157165527,212.54917811970077,-63.8281186615437,-0.2533028194056328,-0.10300023324875696,1.4799166917874922,0.27344353414944916,1.5049667042826482,-0.05551821190805251
1781078559.1730843,26.574098825454712,212.44956951751615,-63.92776828101336,-0.2647688232003418,-0.11590909047279752,1.4792337529907307,0.28902845360470136,1.5072060054883563,-0.05996281568528129
1781078559.2725098,26.673524379730225,212.3394983394661,-64.03957998097518,-0.2594964222179783,-0.10924741492350165,1.4800445580034265,0.281555306842899,1.5065872973335985,-0.060175284334694296
1781078559.3672116,26.768226146697998,212.2283781616922,-64.15249664220435,-0.2552776478518126,-0.09960174018969781,1.477784157078883,0.27402040825743273,1.5029747832398634,-0.05944193490005416
1781078559.4880023,26.88901686668396,212.09522502005396,-64.28867784430899,-0.24447441176138796,-0.08935081926811961,1.4824054834670153,0.260290812188907,1.5050838263442459,-0.06989611152311356
1781078559.571279,26.972293615341187,212.00507171449917,-64.37945341919045,-0.2402334289759267,-0.089441395207146,1.4813642053855904,0.2563432534203553,1.5033801157963391,-0.06153981234221456
1781078559.6731765,27.074191093444824,211.89183576020338,-64.49570896750113,-0.2447859664426062,-0.08872926811736193,1.4813788212337717,0.260370989912247,1.5040865215764159,-0.06662501122973358
1781078559.7724872,27.17350172996521,211.7660378330592,-64.62301411585025,-0.23716257950803765,-0.08152003655851559,1.4842510303773315,0.25078198794851275,1.5052882536762116,-0.06298619235594906
1781078559.8745427,27.275557279586792,211.66330484688325,-64.7281823039367,-0.25434833749449126,-0.09483970005990727,1.4866686997628102,0.2714546840518041,1.5112483145890054,-0.06082576204174345
1781078559.968221,27.369235515594482,211.5595263750741,-64.83446030938995,-0.27496413055706626,-0.11491303751364512,1.4843453620087406,0.2980105355245277,1.513965466250956,-0.05894481626991317
1781078560.0673277,27.468342304229736,211.43163257043597,-64.96398157724232,-0.2557380829905753,-0.09695269729017753,1.4811683056334215,0.27349916380774403,1.5062076026287066,-0.062370535062249655
1781078560.1686902,27.56970477104187,211.31313309623835,-65.08246628519035,-0.24290275704871078,-0.0850007597866238,1.4825938362973214,0.25734583452266785,1.5047628922767124,-0.07261191672487839
1781078560.2686105,27.66962504386902,211.20620400354142,-65.18873877788958,-0.25959089726913476,-0.10763139812871714,1.4881119128179037,0.28101948652742376,1.5144137535292979,-0.06183927369236958
1781078560.3676896,27.768704175949097,211.08669389028657,-65.30829553680942,-0.2682404746729219,-0.11070356993982955,1.4875883176399864,0.2901865480172663,1.5156276704484986,-0.05400833266962612
1781078560.4669726,27.867987155914307,210.96823694163544,-65.42896268442382,-0.27200049010994576,-0.11521954637363763,1.4909083247868828,0.29539771577755564,1.5198906024465797,-0.05262042375960048
1781078560.572889,27.97390365600586,210.84036863852185,-65.56289611796039,-0.2714337963414266,-0.10694897542599335,1.4898080266582732,0.2917437045438835,1.5181048532418326,-0.05465080761976428
1781078560.6693642,28.07037878036499,210.7229381267695,-65.68357838966995,-0.2596972052643025,-0.09849128703635301,1.4865863724356718,0.27774659681833463,1.5123102243771336,-0.06288478473744284
1781078560.773139,28.174153566360474,210.60234141544058,-65.80317092860662,-0.26151814859022693,-0.10073276984552137,1.4846339236076083,0.2802478063479013,1.5108529776551167,-0.07214089233884831
1781078560.8751566,28.27617120742798,210.46920597597656,-65.934906255055,-0.25737078095451693,-0.10080557908210608,1.4806146410679113,0.27640818306124126,1.5061942766482272,-0.053080378975698075
1781078560.9463112,28.347325801849365,210.38429077149237,-66.01793345833944,-0.2903646780653446,-0.13763384293338277,1.4857420977996618,0.3213327262956612,1.5200935175714494,-0.0598569083103496
1781078561.069057,28.47007155418396,210.23965944815404,-66.16070051421762,-0.26905968870741503,-0.1212784827354767,1.48551881533578,0.29512977901586007,1.5145519922335346,-0.03893107494549086
1781078561.170673,28.57168745994568,210.12118534576973,-66.27806516313728,-0.27374703790917465,-0.1265897854316762,1.4870914573328606,0.3015997588521664,1.51736726503904,-0.058400863814179464
1781078561.270383,28.67139744758606,210.01528888920902,-66.38325053782626,-0.28400699128249585,-0.14443241012547503,1.4900182495599448,0.3186231193620279,1.5237043926607519,-0.059553080666815326
1781078561.3716094,28.772624015808105,209.8884037348336,-66.51170056544042,-0.2828376286832395,-0.14363400530470471,1.4877552549909423,0.3172189333552302,1.5211980641692238,-0.0604531723632464
1781078561.467254,28.868268489837646,209.7741393134871,-66.62683333329865,-0.278088114613638,-0.13919106183686836,1.4887926076529179,0.31097773422649216,1.5209242518240735,-0.05445688719968133
1781078561.5691094,28.970124006271362,209.6630552271172,-66.7374981329402,-0.2654036289613657,-0.12672024623984157,1.48541708055518,0.2941039052323997,1.5142526243259486,-0.03837663660240925
1781078561.6675284,29.068542957305908,209.55297980553507,-66.84487766982784,-0.2833290470685199,-0.14804600709977933,1.4876819823023577,0.3196763505968865,1.5216407754782388,-0.04509519998505098
1781078561.7785199,29.179534435272217,209.43450435409272,-66.96334937536268,-0.2607292321949046,-0.13054163331467805,1.493931034648981,0.2915833509468748,1.5221204902493044,-0.04804050043346829
1781078561.8765259,29.27754044532776,209.3380448868008,-67.05968071829041,-0.28268215570625443,-0.15194053676708563,1.4903473589858036,0.32092854012662253,1.5245098813401523,-0.05150515402346845
1781078561.9709015,29.37191605567932,209.23218394468608,-67.16704158383358,-0.28447337089397706,-0.15297506076471734,1.49131410259054,0.3229960804154614,1.525891287264325,-0.04032151905545021
1781078562.0731177,29.474132299423218,209.1273500777923,-67.27110003948466,-0.29161769323195585,-0.15964933301775375,1.4921351474001534,0.3324587020051374,1.5287236789707348,-0.05485283303243156
1781078562.1671472,29.568161725997925,209.0225183185059,-67.37294517132119,-0.28080794955772603,-0.15405423192146372,1.4899345656605179,0.32029019795761243,1.5239720538309496,-0.05474932420271347
1781078562.268015,29.669029474258423,208.92186139066624,-67.47480881204375,-0.2875567793364553,-0.1623638818577291,1.4913196570187808,0.3302286048698166,1.5274440254506478,-0.053491076237752476
1781078562.376344,29.777358531951904,208.8117696967713,-67.58553141103796,-0.28753069182747026,-0.16105696321315577,1.494781417099052,0.3295652350328042,1.5306811323874343,-0.05253934696921475
1781078562.4437406,29.844755172729492,208.75308343563597,-67.6452925671472,-0.32700842471797387,-0.2032845152970708,1.4945968727347123,0.3850442883566718,1.5433984955235889,-0.044921197727161494
1781078562.5767014,29.977715969085693,208.62517349613194,-67.77704715798559,-0.29922982388865194,-0.17021671736625876,1.4853948697525432,0.344256036076898,1.524765600826092,-0.05754864648109205
1781078562.6476495,30.048664093017578,208.54655041593404,-67.85896802541798,-0.31465760046617675,-0.1824574254800524,1.4859843356772706,0.36373083130790684,1.529852791454838,-0.04494920796150839
1781078562.7867799,30.18779444694519,208.4217840194683,-67.98629458053965,-0.28137880278168836,-0.1524761799697103,1.476079531639714,0.32003596065600465,1.5103753837502547,-0.0562478142986281
1781078562.8789399,30.279954433441162,208.32640487418908,-68.08147971199116,-0.2814395554038356,-0.1537418700471136,1.4752331180284093,0.3206942250048981,1.5096878943938428,-0.04589695009891077
1781078562.9780061,30.37902069091797,208.24149172873587,-68.16450762926972,-0.28724946551713515,-0.16254060788145352,1.477515463957079,0.33004803385318365,1.513929869869359,-0.04844480166025981
1781078563.078914,30.479928493499756,208.1398056316073,-68.26413940840303,-0.2871752988388607,-0.16859263311026496,1.4794771686553205,0.33300619844417517,1.5164912860859454,-0.053676602286249174
1781078563.177881,30.578895568847656,208.0496481822552,-68.35491356730665,-0.2918927489386931,-0.17231062656770746,1.4819354613518694,0.3389577096204523,1.520205591531396,-0.052310207070721065
1781078563.2764194,30.677433967590332,207.9678792856737,-68.43572671019834,-0.28912361266401376,-0.1689215028188329,1.4791482580038942,0.33485360609445974,1.5165772339945032,-0.05157737768330989
1781078563.3750837,30.776098251342773,207.87141769098108,-68.53316297439689,-0.2888285739355183,-0.16861740840251116,1.477177684912248,0.3344454746860905,1.5145651812783474,-0.059903911145020326
1781078563.4751344,30.87614893913269,207.79279372810146,-68.611760638232,-0.28817708672133335,-0.17287571799542434,1.480531162368115,0.33605363736110394,1.5181912165227112,-0.05088286878504856
1781078563.575214,30.97622847557068,207.70683298692504,-68.69921586425752,-0.2989685540841265,-0.17808003654168658,1.4719465873451016,0.3479866315619634,1.5125215541415378,-0.047283396290896285
1781078563.67763,31.078644514083862,207.62192197993474,-68.78666964601449,-0.2989285440957019,-0.18072396967698978,1.4732039082015926,0.3493127934831267,1.5140505879366886,-0.045750479833426276
1781078563.7763388,31.177353382110596,207.5286209367509,-68.8807648542349,-0.28969684815967867,-0.1665552229883076,1.4724930670388159,0.3341629933705059,1.5099340179675784,-0.04805160310522645
1781078563.8760047,31.277019262313843,207.454171126243,-68.9560621714034,-0.30035792506782855,-0.18072265349043448,1.4741854680904811,0.3505361046107447,1.5152882085480721,-0.052587505256120264
1781078563.9781353,31.379149913787842,207.3765948496726,-69.04130543385978,-0.3039552150057716,-0.18226471474704908,1.478976123815171,0.35441388089496156,1.5208483072898416,-0.04372389199150802
1781078564.076896,31.47791051864624,207.29274648062997,-69.13538407959913,-0.30924317287423264,-0.1695630340778962,1.4791476559693106,0.3526796882371089,1.520611965839586,-0.037511456539061086
1781078564.1763263,31.577340841293335,207.21726756566076,-69.21951672284344,-0.31207725572929235,-0.16636962573372216,1.4810025945212266,0.3536538786869231,1.5226423581684931,-0.047737158356464346
1781078564.276468,31.67748260498047,207.14806479232257,-69.29259567768568,-0.32141273475636467,-0.1689764719465785,1.4765925379652223,0.3631242130939192,1.5205869647309405,-0.0532371885767384
1781078564.375787,31.776801586151123,207.0704918629653,-69.37119330238062,-0.3274431847350172,-0.17745950631389462,1.4684469858101457,0.3724391434994203,1.5149414067037326,-0.04562334982006729
1781078564.478301,31.879315614700317,206.9855794468849,-69.45864850928557,-0.31404665341713667,-0.16663568142793395,1.4665883059330884,0.3555175816291721,1.5090639515763211,-0.048553477353956924
1781078564.578478,31.979492664337158,206.90905069838539,-69.53614200951657,-0.3127582976122767,-0.1650149096326885,1.474519996411963,0.35362080414819175,1.5163300738774355,-0.051765761850989
1781078564.6779947,32.07900929450989,206.85558342345058,-69.59038809957816,-0.33464549454575376,-0.1880193878408818,1.4799558048741188,0.3838474921421684,1.5289238311977589,-0.048459486256975576
1781078564.7783206,32.17933511734009,206.76438078211828,-69.68891333308751,-0.3247980817666587,-0.16813951792775583,1.4906061468715377,0.3657385560865565,1.5348196560180911,-0.042849150655665066
1781078564.877934,32.27894854545593,206.68366205591653,-69.77526069539414,-0.315737909260946,-0.155336203857658,1.499722325174516,0.35188032564123456,1.5404501991951047,-0.040547631508773024
1781078564.975998,32.377012491226196,206.6186681097572,-69.84389290620402,-0.33112481874005084,-0.16941105898172282,1.4995593423213618,0.371945899951781,1.5449990205932869,-0.04435317945517342
1781078565.076402,32.47741651535034,206.54738226908495,-69.91695541898832,-0.32412386586739217,-0.16224923169500016,1.5031679313221977,0.3624652998708167,1.5462518951858704,-0.04490093218595617
1781078565.1771646,32.578179121017456,206.48972382385693,-69.9745233156679,-0.34557001118309927,-0.18540985316604974,1.5021837452745557,0.39216762523204723,1.5525306601955515,-0.045277231279273564
1781078565.2769685,32.677983045578,206.4121481488932,-70.05312093421412,-0.3357434177708001,-0.17522382305324413,1.501322785055688,0.37871761345600574,1.548353039739058,-0.0458587028096417
1781078565.377188,32.778202533721924,206.33667048506427,-70.13171853717391,-0.3286365573271155,-0.16613065755680623,1.5049991492908708,0.3682409295448773,1.5493946629436672,-0.04683647266389019
1781078565.4843242,32.88533878326416,206.26853304842356,-70.20146072773807,-0.3266725983714309,-0.16120708773914316,1.5027725389605329,0.3642838339318368,1.5462949316084444,-0.04379980359399071
1781078565.5781972,32.97921180725098,206.20775017143825,-70.26343449355203,-0.3375090671187593,-0.17458528872224122,1.5004290522499384,0.3799899912176681,1.547798350645604,-0.03792477258597534
1781078565.6783583,33.07937288284302,206.13541746881032,-70.3376054888295,-0.3336696867000626,-0.170215427387717,1.499269885945173,0.37457809805606773,1.5453539861291823,-0.03849442280072314
1781078565.776168,33.17718267440796,206.06935476909,-70.40404593743955,-0.33037477421302697,-0.1693776730333667,1.5022903889459112,0.3712630974908584,1.5474859289433827,-0.049984250141272106
1781078565.8749049,33.27591943740845,206.00435813798248,-70.46936007388466,-0.3313034099655283,-0.1691684118731871,1.4987794754590096,0.3719944905915721,1.5442538059165232,-0.03902211589126842
1781078565.9757776,33.376792192459106,205.94563433778382,-70.52804922918467,-0.3480200691949449,-0.18674155456638175,1.4972960750843858,0.3949561706877399,1.548510869586465,-0.04803585666793884
1781078566.0781217,33.4791362285614,205.87541660437682,-70.59777213620814,-0.3404777908302776,-0.18386217345144473,1.5008546419893978,0.38695015812757516,1.5499338957697772,-0.035755168695964845
1781078566.1768513,33.57786583900452,205.81251726716135,-70.66197851369037,-0.34029456934570135,-0.17720490353850948,1.5034301214611983,0.3836690914893573,1.5516133867304387,-0.04009221650471322
1781078566.280859,33.68187355995178,205.75066692528543,-70.72397302122718,-0.3415346136305004,-0.18546868296139962,1.5070416469338819,0.38864447077910597,1.5563479849507815,-0.042391090922401106
1781078566.3756325,33.776647090911865,205.69615339806688,-70.780432419149,-0.3565283965282333,-0.19525925483289086,1.5082821717840407,0.4064956016107542,1.5620991594167355,-0.039074317748888227
1781078566.4803495,33.88136410713196,205.63011050385637,-70.84796275831211,-0.34760277386865823,-0.1863791114161728,1.5052181923108299,0.3944171162278175,1.556035561302167,-0.039144140266275114
1781078566.57732,33.97833466529846,205.5703588729972,-70.90884954019036,-0.3496401179023394,-0.18922209712459903,1.5044046582925334,0.39755906993425894,1.5560483893437462,-0.04161449303680633
1781078566.6766977,34.077712297439575,205.51165559323564,-70.96973630928744,-0.3536671765519088,-0.1905982882235122,1.5074498384965425,0.4017563680191418,1.560068330178901,-0.04373573771320376
1781078566.777268,34.178282499313354,205.4539808213729,-71.02842615698606,-0.3642958827264806,-0.19880954722664512,1.5047272455149754,0.4150141277594407,1.5609102503459364,-0.05667857352343734
1781078566.8902028,34.29121732711792,205.38688878692147,-71.0870982540482,-0.3548491065842825,-0.200765897318945,1.504969138905275,0.4077067990234461,1.5592167723017958,-0.04588564028607375
1781078566.9766326,34.377647161483765,205.33342411608012,-71.13470087376454,-0.362677692480986,-0.2176168573473518,1.5074343873347527,0.4229565051220638,1.5656470347253788,-0.052490647649755036
1781078567.0820653,34.48307991027832,205.2810084761654,-71.18230273873743,-0.36418059707952466,-0.225917901468506,1.5079833673324778,0.4285631872817971,1.567699027761557,-0.04909001636633203
1781078567.209485,34.61049962043762,205.21180163541024,-71.26313208655523,-0.34783158674582637,-0.19609471145983548,1.5101493102875982,0.3992993220638315,1.5620470184865576,-0.05544480576545983
1781078567.2653577,34.666372299194336,205.18244895026302,-71.2974496093256,-0.37719612518958456,-0.21209945223374405,1.5129515894105774,0.43273906051556177,1.5736218117438139,-0.047113027259827966
1781078567.3673773,34.768391847610474,205.13527493425534,-71.34615694782258,-0.38734184739846,-0.22449241006029297,1.5152083697969858,0.44769470503986375,1.579964225172067,-0.04464194248163436
1781078567.4642906,34.86530518531799,205.08285801790612,-71.39929387026764,-0.3714567093468304,-0.21560404647713938,1.5151443827807312,0.42949411145683025,1.5748421166733175,-0.04351135409416793
1781078567.5741634,34.97517800331116,205.02207298728277,-71.462373882258,-0.3704375249978398,-0.2089779069836908,1.5157842392855394,0.42531838137307126,1.5743244854858387,-0.04259689489346817
1781078567.6678038,35.06881833076477,204.98747874528686,-71.49890548853705,-0.3818997970093392,-0.21893181746787604,1.5183225847516155,0.44020290282500624,1.5808485275390518,-0.039812944673712984
1781078567.7641048,35.16511940956116,204.93925656104167,-71.56089838602352,-0.38227882525390555,-0.2056286774323155,1.5176813400892286,0.43407401813523616,1.5785363167425404,-0.041852053240416694
1781078567.8647819,35.265796422958374,204.8952460487815,-71.6250866446546,-0.3983924385743194,-0.19043881054354017,1.5215167598132489,0.4415693328056549,1.5842969185310682,-0.03127190559181402
1781078567.965788,35.36680245399475,204.85226608753257,-71.67933116292797,-0.40010490887360106,-0.18094879426131172,1.51768148131757,0.4391200339877186,1.5799314804711213,-0.04113754265378697
1781078568.063319,35.46433353424072,204.8134786135975,-71.72693285762563,-0.40704287569167263,-0.1826930111124625,1.5211592821490894,0.44616212183542076,1.58524010819466,-0.036077485996014055
1781078568.164694,35.56570863723755,204.76838357302793,-71.7767679682279,-0.4017311026544519,-0.1785515923510843,1.522135202836073,0.4396231908931438,1.5843497485353044,-0.0436324423896941
1781078568.2655954,35.6666100025177,204.72749876736728,-71.81994095565582,-0.4103582769709533,-0.19252646988604738,1.52569188143928,0.45327735117183243,1.59160173227321,-0.03257217995353482
1781078568.3648808,35.7658953666687,204.6792764106202,-71.86975677167972,-0.4126630977042396,-0.19098200188008718,1.526178275838045,0.45471414894303036,1.592477656637283,-0.03360200278295147
1781078568.4656456,35.86666011810303,204.6310731551338,-71.918447729937,-0.406410500149633,-0.184712131357486,1.5256303773630249,0.4464169195970287,1.5896025020222337,-0.02553634826125275
1781078568.566027,35.96704149246216,204.5891209199758,-71.96495959041621,-0.4077626058133603,-0.18218256503703856,1.5325541900721782,0.44661037796179415,1.5963029709960972,-0.052566167894398615
1781078568.665624,36.066638469696045,204.55243005975785,-72.00702624023923,-0.4239241505927964,-0.18377008650072924,1.5307065175418628,0.4620423467046169,1.5989201271462707,-0.03786791535710928
1781078568.7657418,36.16675639152527,204.5063042911123,-72.05462800716792,-0.42174239583070516,-0.17913731525379717,1.5350608966225552,0.458210460549911,1.6019890082322676,-0.03865593423829285
1781078568.8657675,36.26678204536438,204.46961265479786,-72.09226589757195,-0.42525312000265103,-0.1799602573034349,1.5407775802086898,0.4617639118431708,1.6084842125288186,-0.033430075003813536
1781078568.9663486,36.3673632144928,204.42245700048306,-72.13874355085743,-0.42651588962624487,-0.17423904129181267,1.5419903718187271,0.46073316313670876,1.6093506002097906,-0.03842571147209687
1781078569.064502,36.465516567230225,204.38366870687028,-72.1752730126342,-0.43743525563772323,-0.1830351551180911,1.5433338907765894,0.4741850597434971,1.6145373855391363,-0.036937876939023395
1781078569.1775286,36.578543186187744,204.33437956359742,-72.22400184431676,-0.43870684149149497,-0.171906028856057,1.5435733616234382,0.47118507566401463,1.61388788279793,-0.04250765027881849
1781078569.2656922,36.666706800460815,204.30607581343392,-72.2516765920196,-0.4531756907126976,-0.17312183234787426,1.5445434253327759,0.4851178985446899,1.6189359988051166,-0.035476006668398875
1781078569.364997,36.766011476516724,204.26101679046047,-72.29151075663502,-0.44465429518047017,-0.1619083113299098,1.5450511748521247,0.4732142680648415,1.6158944508884467,-0.025993563471704582
1781078569.4645784,36.86559295654297,204.22118160812633,-72.32693613815657,-0.4511613353315056,-0.16824594478636357,1.5475309854581132,0.4815114208771827,1.6207113868262053,-0.03156461635083625
1781078569.5734553,36.974469900131226,204.18342469832766,-72.36902065195596,-0.4510832004293377,-0.15774207745299407,1.5529264503271405,0.4778688279316411,1.6247889637840396,-0.03902054382965135
1781078569.668301,37.069315671920776,204.15197683417983,-72.40887614128103,-0.4680218728031207,-0.1490292706209715,1.551684838404013,0.4911763399472324,1.6275687495945745,-0.031390830021287536
1781078569.7633743,37.16438889503479,204.1236732075844,-72.44319439660862,-0.4770827844661767,-0.14496390880620424,1.5509287723366623,0.49862061538846736,1.6291109768680831,-0.03316568838802815
1781078569.865997,37.267011642456055,204.09432050027604,-72.47640343909877,-0.4882686455441103,-0.14307394354149494,1.5527696998451164,0.508799001121263,1.6340043342350985,-0.03694355196971465
1781078569.9646556,37.3656702041626,204.05448464503604,-72.51293805618958,-0.4902457413358263,-0.1463319514021748,1.5587375608920087,0.5116189274245846,1.6405537816952698,-0.03884488905300157
1781078570.0636635,37.464678049087524,204.0177937191544,-72.54725271937484,-0.49143647793340506,-0.14392660921977551,1.5535383271380174,0.512078783670142,1.6357585440925815,-0.039954734022575676
1781078570.16429,37.56530451774597,203.9821509307983,-72.5793547914713,-0.501333864694999,-0.14659821751018853,1.5595639214721497,0.522328135626627,1.64470857796291,-0.037716384667096405
1781078570.2645187,37.66553330421448,203.9465088278403,-72.61367450919344,-0.4969153746934012,-0.13387870735469676,1.5602941232792027,0.5146342369971588,1.6429747864861661,-0.038664057769058194
1781078570.3635786,37.76459312438965,203.91086469506104,-72.64909615729616,-0.5036342003450898,-0.1369587067694482,1.5681085839782167,0.5219244151380521,1.6526855799768345,-0.03710269280525374
1781078570.465142,37.866156578063965,203.8773166161304,-72.68562701467174,-0.5032855128869471,-0.1267926814725655,1.5672613695427098,0.5190112634200542,1.6509636252860846,-0.03160660045224913
1781078570.5653098,37.96632432937622,203.8395590475644,-72.72992917186454,-0.5072193381375598,-0.11822124770402809,1.5650985297873796,0.5208144778991858,1.649479047557749,-0.035451215939358176
1781078570.664199,38.065213680267334,203.8091744502501,-72.76754697273623,-0.5180710926647123,-0.11953786267979183,1.5633396430397513,0.5316831365285735,1.6512776257094137,-0.02594369865416451
1781078570.764705,38.165719509124756,203.7735319420274,-72.80961218412729,-0.5231183221160904,-0.11713026831583306,1.5645539879443136,0.5360711507713252,1.6538444485143542,-0.02736978063183161
1781078570.8642843,38.26529884338379,203.73893911464222,-72.85278724979578,-0.53077453691796,-0.12149589695023622,1.5636039005374067,0.5445023985403712,1.6556992540289466,-0.035054209609807735
1781078570.9637904,38.36480498313904,203.70432585905164,-72.89819133444573,-0.5338371622215448,-0.10600409056813476,1.5659197821546786,0.5442600325082939,1.6578069088797058,-0.03658504980990912
1781078571.0655699,38.46658444404602,203.66868338921657,-72.94357900072244,-0.5368034178872563,-0.10050056768560012,1.5665424969226243,0.5461302716024522,1.6590098457288125,-0.035538358586231084
1781078571.1657858,38.566800355911255,203.6257026856994,-72.99118219610953,-0.5293284784822561,-0.09328197565776009,1.565995287232649,0.5374850371079694,1.6556664533503789,-0.033329571371006436
1781078571.2639885,38.665003061294556,203.58901182813054,-73.03103484280066,-0.5341000296995162,-0.09420280144672688,1.5690468983053627,0.5423439955650247,1.6601340845266428,-0.034425534180610465
1781078571.3648436,38.76585817337036,203.5481284365698,-73.07974429451093,-0.5389171491967204,-0.09269571419680744,1.5717871521694593,0.5468310425796769,1.6641932101933825,-0.03381079801569813
1781078571.4634967,38.864511251449585,203.50514844643942,-73.12956079231616,-0.5391566098329292,-0.08738065039355547,1.5714250961201264,0.5461915671170127,1.6636412055205554,-0.03272677825395898
1781078571.5644329,38.965447425842285,203.4590248977949,-73.18380388244648,-0.5296801321334499,-0.07286191723331115,1.5753957363128936,0.5346680291169679,1.6636530970585988,-0.03302708625237631
1781078571.6644762,39.06549072265625,203.40870603921203,-73.24136878509975,-0.5375889906706277,-0.07399798620642173,1.576963502876947,0.54265792618635,1.6677204544703532,-0.03643250109637591
1781078571.7637453,39.16475987434387,203.3447582711528,-73.29561211738778,-0.525691701690306,-0.069721767482676,1.5702145772872549,0.5302950971741658,1.6573432682496256,-0.03440486297097829
1781078571.8678386,39.268853187561035,203.2629910946193,-73.34321434574211,-0.4872667972291538,-0.09390713623847091,1.5801206238883785,0.4962332938431963,1.6562091256709903,-0.03264638405063199
1781078571.9651139,39.36612844467163,203.17493134769924,-73.4052077490496,-0.4660201819809515,-0.09532795718727982,1.5763352457063307,0.4756702948840289,1.6465403233116087,-0.028542560111718487
1781078572.0687053,39.469719886779785,203.105744110411,-73.4649854383196,-0.46108097715060126,-0.09494741785793792,1.5747231042257024,0.47075543507010426,1.6435825305199236,-0.02942713837465935
1781078572.1690457,39.57006025314331,203.01873410197808,-73.54136842174951,-0.45515586634849114,-0.0918099962791672,1.576317005541612,0.46432309665600985,1.6432806333818641,-0.02471028574375192
1781078572.2640567,39.66507124900818,202.94220657354492,-73.60779039545062,-0.4559371992108936,-0.10548384802862643,1.5738059396136055,0.46798031135850193,1.641910688004151,-0.025625552028038654
1781078572.3644683,39.765482902526855,202.85100280605303,-73.70077925731722,-0.44630164132914274,-0.09223654518967805,1.5737979586036115,0.4557331843541946,1.6384543783171106,-0.02451198835008887
1781078572.4632208,39.864235401153564,202.78181354629203,-73.77162773425657,-0.4531540291762326,-0.09123132610922369,1.5743519933403871,0.4622463942772311,1.6408095343327183,-0.025419183230458817
1781078572.5653028,39.96631741523743,202.6727707178826,-73.88013416727131,-0.44258131970360637,-0.08260893526713176,1.5711714582154277,0.450224900173852,1.6344057671971635,-0.02830880063746759
1781078572.6691635,40.07017803192139,202.57842614972702,-73.97423143051039,-0.42610383569174815,-0.07302892176137732,1.5718164804072496,0.43231666889544024,1.6301854956674973,-0.02879600979885204
1781078572.765167,40.166181564331055,202.4914163827425,-74.06722381798433,-0.4508010787048988,-0.09576822734852897,1.579265347156236,0.4608613304791149,1.6451359222445683,-0.028597364346963312
1781078572.8644252,40.26543974876404,202.38551761828566,-74.17130286573277,-0.4409480838051536,-0.08913576327604744,1.5892976084498542,0.44986708804516956,1.6517406833794057,-0.03901063280120169
1781078572.9649496,40.36596417427063,202.2670391282575,-74.28977168826977,-0.41993523255300147,-0.07079738467557206,1.58985158424945,0.42586132627446266,1.6458997324128621,-0.04310499188959604
1781078573.0637455,40.464760065078735,202.16851549183437,-74.38827703775125,-0.42753201621312087,-0.0796348243595304,1.5943502797873808,0.4348854218504335,1.6525973934374123,-0.022035753091029744
1781078573.171573,40.57258749008179,202.04797742391662,-74.51224380943472,-0.42218050465035617,-0.07142239994631439,1.5938731384974014,0.428179328927636,1.6503845368108843,-0.022543408788223446
1781078573.264515,40.66552948951721,201.957807720415,-74.6041427505489,-0.43274347839619054,-0.07907624771988253,1.593131079526286,0.43990904860878965,1.6527512237479904,-0.03324501609704657
1781078573.3640363,40.76505088806152,201.83305864132825,-74.73255546222485,-0.41978710326162627,-0.06842832092230822,1.600379339774803,0.42532769386560487,1.6559340803145117,-0.03277513536067085
1781078573.465105,40.866119623184204,201.7166770072342,-74.8521341887667,-0.41868223755247413,-0.06224981629215165,1.6000642020067053,0.4232846036301734,1.6551058293093248,-0.03378246960161246
1781078573.5674462,40.96846079826355,201.5982157881168,-74.97501540893082,-0.4197871679576508,-0.06085763294859703,1.5997860095486733,0.4241755743439397,1.655065012081906,-0.027867997030319124
1781078573.6711683,41.07218289375305,201.46507821899974,-75.11006958068455,-0.4141620838621236,-0.050385199292250604,1.6004339700526922,0.4172156516919476,1.6539219426911773,-0.02428223698364745
1781078573.7644842,41.16549873352051,201.35500696283876,-75.22077146564952,-0.4199636411407539,-0.06117158123340971,1.5974910027316804,0.4243953607555054,1.6529031810845625,-0.02404422072946131
1781078573.8654737,41.26648831367493,201.21872655950176,-75.36025867919898,-0.4191270527374513,-0.058550415906992725,1.5975270558831027,0.42319692524788516,1.6526307306285328,-0.026219583968779554
1781078573.9641142,41.36512875556946,201.10653886505355,-75.47540434065603,-0.43928719081500844,-0.08223661297074614,1.6014156833461648,0.44691844505126654,1.662608879861438,-0.042308209741641824
1781078574.064524,41.4655385017395,200.98074220877805,-75.60492762727486,-0.45118043619103787,-0.08672212769172916,1.6009653660291696,0.45943934684886945,1.6655853675683598,-0.029803552725324405
1781078574.1640058,41.56502032279968,200.85387888716957,-75.73668357311209,-0.46541718950413724,-0.09987392997376787,1.5951134881485178,0.4760125651433322,1.6646245829758934,-0.024392285456473626
1781078574.2639549,41.6649694442749,200.72600120797387,-75.86839801023669,-0.46682342581456737,-0.09532798493864902,1.5972887236549858,0.47645727573593855,1.666836165409512,-0.018909682503687814
1781078574.3636756,41.76469016075134,200.59601126005953,-76.00123949509579,-0.45862906377743684,-0.08295550568014676,1.6016603729622299,0.4660710611741702,1.6680941773117985,-0.02436064690117121
1781078574.4640665,41.86508107185364,200.46598458895974,-76.13522807856384,-0.46787844659814937,-0.09177094554344478,1.6017499615494364,0.4767936107342832,1.671207673079757,-0.04333325453167037
1781078574.565227,41.96624159812927,200.322366655893,-76.28467195309939,-0.4281968666416276,-0.04764388319837565,1.6022071364218529,0.4308392927855214,1.6591233239904266,-0.039605838827240704
1781078574.6669135,42.067928075790405,200.1934301797157,-76.42637445305579,-0.42259274971974037,-0.033277449423110284,1.6055778307454291,0.42390095630441643,1.6605939272853543,-0.03267513366643925
1781078574.770545,42.17155957221985,200.0676323521411,-76.57803794039903,-0.4317670851191622,-0.016256171190846658,1.6083479009639685,0.43207300181113373,1.6653738467471162,-0.040146984485782126
1781078574.8675814,42.268595933914185,199.93763759370492,-76.72415990800867,-0.45444204534385335,-0.015313908353761008,1.6097744978751634,0.4546999982025206,1.6727600014271642,-0.0387599783275785
1781078574.9640236,42.3650381565094,199.80553343996402,-76.86477267689371,-0.45775224482284216,-0.027320341578885632,1.6144925556758505,0.45856680942294353,1.678353279568124,-0.04064197321842345
1781078575.0671916,42.46820616722107,199.65875368773914,-77.02088300950795,-0.44424064150803133,-0.004233210126017184,1.606856775492138,0.444260810375435,1.6671401754442934,-0.04667441060034825
1781078575.1678572,42.56887173652649,199.5256202887027,-77.16368458004492,-0.43218533673544357,0.01468597529822091,1.6141259241635193,0.43243478486309206,1.6710482764469505,-0.040106727617107006
1781078575.265444,42.66645860671997,199.39036909087443,-77.30651073795923,-0.4328603358767964,0.018875851652353504,1.6133289966270365,0.43327170245813956,1.670495381468795,-0.04478931216640656
1781078575.3646216,42.76563620567322,199.26874443563858,-77.43494127227562,-0.4453354431649643,0.008311468960883417,1.6151950696499728,0.4454129965046181,1.6754843629460716,-0.04942811379286737
1781078575.4660609,42.86707544326782,199.11780374347234,-77.59100581525155,-0.4260091224138307,0.02848929355235441,1.6180374172197338,0.4269606682434747,1.6734217925406676,-0.03399353154558117
1781078575.5703375,42.971352100372314,198.9815248060199,-77.73713785834119,-0.42831725494187367,0.037167522872607606,1.6198331774408705,0.42992684917021384,1.6759166501874772,-0.0309293520343081
1781078575.6655674,43.0665819644928,198.85887677570187,-77.86776883649672,-0.4426156862160724,0.028020584680888305,1.613729687583087,0.44350174616384935,1.6735642513621611,-0.0377034757756623
1781078575.7649727,43.16598725318909,198.7225764054905,-78.01390798922073,-0.4450367500078585,0.03311597267453692,1.6235095537552005,0.44626715821774043,1.6837273079801691,-0.04681976903182663
1781078575.868991,43.27000546455383,198.5695003799753,-78.17444576287541,-0.42777848358434767,0.05449596975864779,1.627529427923809,0.43123571482155726,1.6836912663833772,-0.04402836479974554
1781078575.9676394,43.368654012680054,198.4300579171013,-78.31948085958155,-0.428957125403997,0.05772606487597898,1.6190972087768543,0.4328238833531788,1.6759511584380753,-0.04631377435789111
1781078576.065007,43.46602153778076,198.2916603169576,-78.46562378150766,-0.4233285552505208,0.06984260882528304,1.6239753407492925,0.42905134389489424,1.679696687815927,-0.03401810865627979
1781078576.167579,43.56859350204468,198.15433102121202,-78.61397059279184,-0.4360079008222897,0.06646139200901757,1.6182035798279353,0.4410442225074895,1.6772307032651117,-0.03505111143670863
1781078576.265114,43.666128635406494,198.01491195145385,-78.76120312152194,-0.4428134707026743,0.054530789802200275,1.6253317096359519,0.44615846609943416,1.6854555892162588,-0.04210106317529129
1781078576.373191,43.774205684661865,197.8754631539105,-78.9084544946662,-0.4243748454287868,0.07690002776814708,1.6347475027742018,0.4312860114859378,1.6906824129711462,-0.05358244896283719
1781078576.4700792,43.87109375,197.73393835465592,-79.05568939261565,-0.4253657867558047,0.08723913567517627,1.6242360522092598,0.43421966714525556,1.6812761440739168,-0.04057639825031512
1781078576.568244,43.969258546829224,197.59449803384763,-79.20293776793913,-0.4420932496353771,0.06818560661915285,1.6293740143252893,0.44732059903741267,1.6896613260892543,-0.049630229630714354
1781078576.6696212,44.07063579559326,197.45402291617359,-79.35127819669214,-0.4456628450561766,0.07438613916201575,1.6228970527504991,0.45182814118091014,1.6846196938743334,-0.03479360228814804
1781078576.767372,44.168386459350586,197.32820872671547,-79.48635730222753,-0.4584791547706857,0.06885724796320858,1.6259255690231513,0.4636210262232604,1.690733098972031,-0.038696511151605904
1781078576.865966,44.26698064804077,197.1887890452128,-79.63469757078876,-0.46517050166355034,0.06968735883882005,1.6213160750335889,0.4703614818412,1.6881663836133485,-0.04142471714088948
1781078576.9661844,44.3671989440918,197.03361765201333,-79.79855489059506,-0.443270301681423,0.09610853889290638,1.6277543591861792,0.45356963258232913,1.6897661570319362,-0.04543181753799048
1781078577.0661154,44.467129945755005,196.905721526326,-79.9325033877629,-0.4606211631906092,0.0841655014728957,1.6231564205015934,0.46824746407989637,1.6893467533436701,-0.03973726048005036
1781078577.1704977,44.57151222229004,196.75055666831884,-80.09525578655574,-0.44868995806189105,0.09704804019206392,1.6263212310789186,0.4590653554459343,1.6898703344424837,-0.051856605893766006
1781078577.2644138,44.66542840003967,196.6383881549563,-80.21481593067989,-0.49680783246094506,0.04356828962323789,1.6297143909708474,0.4987145659144485,1.7043137077406603,-0.043448108872389556
1781078577.3675442,44.768558740615845,196.48427026269542,-80.37978091853684,-0.4792357427073455,0.07523426866579541,1.6299419067453935,0.4851052383451844,1.700599221343685,-0.0472325232829405
1781078577.4656143,44.866628885269165,196.3301486326553,-80.54252972196444,-0.4813152329543584,0.07873603223177383,1.6255849144301042,0.4877127394742844,1.6971711847271744,-0.05470623212922575
1781078577.568635,44.96964955329895,196.1886228753182,-80.68975950821078,-0.473209786320524,0.09137733178168617,1.6266369392912503,0.4819515729127319,1.6965332448554797,-0.043092085508764574
1781078577.6674566,45.0684711933136,196.04815210350668,-80.8403153282254,-0.47740760357038425,0.09195728460986174,1.6291776920379732,0.48618325983073124,1.700174730542074,-0.043508054310109456
1781078577.765718,45.16673254966736,195.9066330487017,-80.99308516730294,-0.4680200145571405,0.11628567048336436,1.6164345572786847,0.48225002974165965,1.6868389873223137,-0.04563776616348334
1781078577.8655834,45.26659798622131,195.7661585938515,-81.14253184962563,-0.4764589884532029,0.11090263916536003,1.6238217561996175,0.4891958330277266,1.6959096847883444,-0.0450207236264173
1781078577.9643292,45.36534380912781,195.64034292847822,-81.27539413431487,-0.4919415041226216,0.09987302621071592,1.6207495931938314,0.5019771556982585,1.6967057224754338,-0.03902889246496306
1781078578.0707047,45.47171926498413,195.48727031354792,-81.43703517694141,-0.4762455056985573,0.11818871346403625,1.624192380304513,0.49069170941473894,1.6966965674296624,-0.05073468014250832
1781078578.1678805,45.56889510154724,195.36356735004787,-81.5676625917781,-0.4948423667773909,0.10890203545308452,1.6227985923320678,0.5066839461475711,1.7000599673419217,-0.037345399434776855
1781078578.2849536,45.68596816062927,195.20108134135634,-81.74146801604364,-0.47995734291882286,0.12706197396489927,1.629897005901823,0.4964914865831571,1.703839207817827,-0.03800719777188216
1781078578.352429,45.753443479537964,195.12034528414262,-81.82783625891963,-0.5386713361422153,0.06498247894421638,1.6316970598323115,0.5425767512075826,1.7195420396188006,-0.04305658700698352
1781078578.480634,45.881648540496826,194.9473555863788,-82.0127268741802,-0.5049637910801721,0.11238891115560534,1.6264519762560572,0.5173197247861347,1.7067412600391532,-0.0447141877470092
1781078578.581376,45.98239064216614,194.80161890086498,-82.16440404868429,-0.506939372576511,0.11670767092041956,1.6275056793629885,0.5202001613993747,1.7086201872501443,-0.05042605961049214
1781078578.6811538,46.08216834068298,194.67162968072378,-82.30056719892775,-0.5057235698480156,0.1118575902563066,1.6401659693604622,0.5179463771451331,1.7200037373930073,-0.040682318513694055
1781078578.7805462,46.181560754776,194.5573630003199,-82.42233990225282,-0.5269857262639164,0.09834865729061448,1.6327228103578313,0.5360843348548567,1.7184790337794489,-0.041065569108109344
1781078578.8871756,46.28819012641907,194.42003493137767,-82.56846548289417,-0.5180593016118564,0.11071483229619616,1.630920205874506,0.5297576937402035,1.7148014264067664,-0.04095797252336044
1781078578.951947,46.35296154022217,194.33407565574743,-82.66035014488955,-0.5649340038372088,0.0712052178100464,1.6338316261669084,0.5694037335098143,1.7302099278405842,-0.046703756950959734
1781078579.0868826,46.48789715766907,194.16529435364492,-82.8385770301402,-0.5214490504443461,0.11916809056098998,1.6359088116418616,0.534892649058914,1.7211356094232524,-0.046553619403742655
1781078579.187513,46.58852767944336,194.04995934989898,-82.96036687135961,-0.5216612988438101,0.12376618678156603,1.6469541595692967,0.536142312918744,1.7320238403164285,-0.04559953786785072
1781078579.2839313,46.684945821762085,193.94617709352758,-83.06885529025502,-0.544862197033126,0.09709309977310454,1.65381360921223,0.5534454659488277,1.7439613922890889,-0.0396294034410017
1781078579.383055,46.784069538116455,193.83189352506884,-83.19175361476415,-0.5514691629693118,0.09593260175233809,1.6518220466519935,0.5597511069976067,1.7440864014121051,-0.0444882983590392
1781078579.4841604,46.88517498970032,193.7197271549781,-83.31131294596604,-0.5550984320211967,0.09694869101913639,1.651898815143586,0.5635009475792522,1.7453661545347723,-0.04900062515704186
1781078579.5914097,46.99242424964905,193.58554245904963,-83.45301046354106,-0.5324665423836734,0.12409388078766881,1.6562790189557126,0.5467356856900494,1.7441846515320178,-0.042798620796786986
1781078579.6848881,47.08590269088745,193.4859476719966,-83.55706801426679,-0.548519347826101,0.112331958900171,1.6586602536093409,0.5599035130537411,1.7506129728850188,-0.040185486934846956
1781078579.783519,47.18453359603882,193.38738659527706,-83.66003791395123,-0.5666526047794775,0.0958305065838374,1.6558056208241996,0.574698756302362,1.752703886698633,-0.04123581381602783
1781078579.8834307,47.28444528579712,193.2804771061878,-83.77293649594205,-0.5622902218480874,0.09748403676508133,1.6593603562331893,0.5706780449693041,1.754750758041815,-0.03728683196794537
1781078579.9835706,47.38458514213562,193.1756437583364,-83.88474455518488,-0.561781730724789,0.10497400393182943,1.654934943866351,0.5715052532371151,1.750836349550563,-0.047124737721260544
1781078580.0849228,47.48593735694885,193.0613784393894,-84.00540728838412,-0.5556205497260862,0.11609427853368004,1.6534413328741866,0.5676196585621167,1.7481591226324167,-0.04485033455363071
1781078580.1841676,47.585182189941406,192.97017819790443,-84.10282622885997,-0.5619570764635284,0.10990975805366077,1.6641311117840254,0.5726044976271581,1.759888708955878,-0.04793770259652091
1781078580.2815537,47.682568311691284,192.8684714381636,-84.2102234762007,-0.5708223197178768,0.10558244073394008,1.6629845350287036,0.5805047566380778,1.7613924424227747,-0.059858250120214174
1781078580.382785,47.78379964828491,192.7699294670697,-84.31539088997987,-0.5746123058980288,0.11075285649891953,1.662754616281092,0.5851884288945912,1.7627247122781826,-0.044609346331773006
1781078580.4516592,47.85267376899719,192.7007408821075,-84.38845405378105,-0.6036499886515969,0.08122166671302011,1.6616194441145935,0.6090897043479836,1.7697371118339595,-0.04780555583736909
1781078580.5807328,47.98174738883972,192.57705690781566,-84.51906060491507,-0.5765137049495763,0.10882352445901233,1.6690642113278569,0.586694649260046,1.7691766313756943,-0.038272589518974866
1781078580.685827,48.08684158325195,192.4911101772025,-84.60760413710393,-0.598719302724362,0.09073957038249603,1.6719088480688271,0.6055563335379676,1.7781950594180544,-0.03136283546707522
1781078580.7804132,48.18142771720886,192.42298994276442,-84.66957770990402,-0.6249303143043221,0.04922612929642867,1.6766359249588543,0.6268661017649683,1.789991378304555,-0.04186230482510499
1781078580.881208,48.282222509384155,192.3433193592581,-84.74596331307428,-0.6324337315144248,0.03110408357265726,1.6852067338031642,0.6331981433739003,1.8002393242087795,-0.038123603833400785
1781078580.9821393,48.38315391540527,192.28987365644264,-84.7990814895009,-0.6609127428768033,0.007047987264385824,1.6894733063614493,0.6609503217499925,1.814159689974757,-0.03527197834910382
1781078581.0832474,48.484261989593506,192.2573745586665,-84.83339904420282,-0.6922259763953207,-0.023912403725219633,1.6923683857130152,0.6926388708759947,1.8286222568943127,-0.03793816221901288
1781078581.187274,48.58828854560852,192.2206836608324,-84.87214609589155,-0.6909927695180897,-0.020955624834584796,1.6883854880847347,0.6913104553950329,1.8244329809871382,-0.038559654521869026
1781078581.2503505,48.65136504173279,192.20181614940407,-84.8931786671143,-0.7120491507237148,-0.039725953731178265,1.6867041379520902,0.7131564656134131,1.8312735987369335,-0.039702149725288294
1781078581.381315,48.78232955932617,192.16093125385248,-84.93745722456431,-0.7042118117478537,-0.03178691559850222,1.6884592866280281,0.7049288501745838,1.8297047429596094,-0.036332037612193994
1781078581.4806688,48.881683349609375,192.13367588585479,-84.96624039498846,-0.7111147033134273,-0.03773007574540088,1.6862330142908644,0.7121149344623363,1.8304342267256564,-0.040915681242933204
1781078581.5807924,48.9818069934845,192.10012991761104,-85.00055938688345,-0.7119615418704939,-0.045277887321105936,1.6901907490161552,0.7133998347230491,1.834580086080372,-0.04014707820940059
1781078581.6820624,49.08307695388794,192.0739186005674,-85.02823274006745,-0.718209085442993,-0.04245083140691008,1.6878737340029635,0.7194625518399121,1.8348144607662935,-0.0414761992363132
1781078581.7815297,49.182544231414795,192.04248830198142,-85.06032117049118,-0.7193258525271347,-0.04325713129831854,1.6872317359236977,0.7206253267281473,1.8346802970082126,-0.03445132680409526
1781078581.8919957,49.293010234832764,192.01313696284046,-85.09131764545222,-0.7197726003712717,-0.042724510350595324,1.6843886736481057,0.7210395135011122,1.8322290206041234,-0.03600172997016006
1781078581.9549239,49.35593843460083,191.9942672779602,-85.11123966594813,-0.7282634010417439,-0.0509622542639363,1.6870607776598272,0.730044336089631,1.8382434006884756,-0.035056797709184906
1781078582.0839381,49.48495268821716,191.96176754870157,-85.1444523716766,-0.722128134862146,-0.04354266165420029,1.6899345401626282,0.7234397048430601,1.8382719484826198,-0.04390344737805348
1781078582.1816068,49.582621335983276,191.93975578012393,-85.16769969950487,-0.7216920301725338,-0.04485386015856818,1.6879211725737426,0.7230845422118203,1.8362813346566467,-0.03999056989693646
1781078582.2814202,49.68243479728699,191.9167105446683,-85.19203472723225,-0.7223236246598219,-0.04231983658856109,1.6909249702072995,0.7235622898621692,1.8392307202146072,-0.03451663055442335
1781078582.3800242,49.781038761138916,191.8957422565239,-85.2163898356161,-0.7266848261666325,-0.04395959395529303,1.6916254937097501,0.7280132433421409,1.841629738424719,-0.0413576228010726
1781078582.4815023,49.882516860961914,191.8737100453944,-85.23965513876715,-0.7317548562598972,-0.048478751306504364,1.6871782845824954,0.7333589564382376,1.839670058177529,-0.04562399593578184
1781078582.549445,49.950459480285645,191.85381041019835,-85.25624179034929,-0.7427898195063278,-0.0604441306386434,1.6930639235212912,0.7452450663311394,1.8498258453217193,-0.029825179696040243
1781078582.6818814,50.0828959941864,191.799316433738,-85.30050541832264,-0.6951608179360846,-0.037179452866638485,1.6926393875533576,0.6961543467572611,1.8302073573248563,-0.02301435785508011
1781078582.7830114,50.18402600288391,191.76367366885663,-85.32817951748206,-0.6724976627014598,-0.017701826159949974,1.6875369377354255,0.6727306006034834,1.816685822372647,-0.03319725063408865
1781078582.8616278,50.26264238357544,191.7448026656514,-85.34478484724934,-0.6871021183420112,-0.03278970944630544,1.688977533903626,0.6878840644146746,1.8236857174707561,-0.03189076657796686
1781078582.9820275,50.383042097091675,191.71962412801696,-85.37026421484913,-0.6792128532015909,-0.02429562500807947,1.6913939836858625,0.6796472447886323,1.822836796149757,-0.03102760943059941
1781078583.0492282,50.45024275779724,191.70706413069453,-85.38463818309046,-0.6967806387588098,-0.03476463688308229,1.6862979305190846,0.6976473597217634,1.8249143949784865,-0.022420936768389
1781078583.1800132,50.58102774620056,191.686116961964,-85.40897460346197,-0.6854944846694195,-0.024909115891304623,1.6899776113458993,0.6859469021481761,1.8238825289521996,-0.024801900170407877
1781078583.2816699,50.68268442153931,191.66934395002164,-85.42668545559755,-0.686478997767523,-0.025147177387268016,1.687966969984082,0.6869394404941744,1.8223935597624603,-0.0309494109516691
1781078583.3816104,50.78262495994568,191.6525511878777,-85.44220097646875,-0.6895301098026891,-0.030697475026101984,1.6893581267837738,0.6902130883267041,1.8249178030332949,-0.037133309656905054
1781078583.4886024,50.88961696624756,191.63577888196903,-85.45880694857705,-0.6871444779515627,-0.027353207064294338,1.6889003681602244,0.6876886879366476,1.8235405630497417,-0.024504324693842026
1781078583.556328,50.95734262466431,191.62636313273308,-85.4698591624657,-0.7001138916788818,-0.03772803834694116,1.6886665938911891,0.7011297071150654,1.8284358702244188,-0.016281800797463067
1781078583.6814103,51.0824248790741,191.61273580389243,-85.48646510786985,-0.6966143315414399,-0.0346330590417665,1.6891317174051266,0.6974747132961292,1.8274673552300489,-0.02836066126795528
1781078583.780554,51.18156862258911,191.59805871989929,-85.5008556436329,-0.6957092052691962,-0.029879115012960256,1.684754398178348,0.6963505294104789,1.8229924415618244,-0.031525968852931394
1781078583.8816578,51.28267240524292,191.5854789638577,-85.51303284706226,-0.6933728232797876,-0.0308439946356458,1.687367927056703,0.6940585163140549,1.8245349394647674,-0.02928844464272213
1781078583.980333,51.38134765625,191.57499585526372,-85.52521002931616,-0.7008548384875724,-0.038473000379724454,1.6883959949939966,0.7019100201519134,1.828485360155073,-0.0213644669565938
1781078584.0807092,51.48172378540039,191.56451340575478,-85.53517247703466,-0.6998802386076193,-0.03317682199443084,1.6875929742330245,0.7006661472563864,1.8272665641859083,-0.02307821453338167
1781078584.1878235,51.58883810043335,191.55402958130068,-85.54624195523778,-0.7001493155030403,-0.037344071300765336,1.6906899083463067,0.7011445240895007,1.830310358885819,-0.02714392897745346
1781078584.2489972,51.65001177787781,191.54983633254287,-85.55067002588726,-0.7036796307764348,-0.04020119302811054,1.6923361428267198,0.704827041685081,1.8332437860274238,-0.02785888931891636
1781078584.3820121,51.783026695251465,191.53935321224958,-85.56174020137594,-0.701158465167822,-0.037138303088852354,1.6929318143556806,0.7021413296714667,1.832763098409184,-0.022357794263845394
1781078584.4821267,51.88314127922058,191.53516067970583,-85.56727597469697,-0.7100542066760909,-0.043902845364925724,1.6884642213869396,0.7114101744068252,1.8322161071100085,-0.023182556805215596
1781078584.5878344,51.98884892463684,191.5267741704909,-85.57502510923074,-0.7087706627048078,-0.04877198641437985,1.6954730782611813,0.710446731972086,1.8383045226725256,-0.028682263332322943
1781078584.649067,52.05008149147034,191.52362923608564,-85.57834616252052,-0.7147652066923058,-0.050717829570260164,1.6895220520066756,0.7165623482532505,1.835196546190914,-0.027707502809859196
1781078584.78405,52.18506455421448,191.5183876759201,-85.58388124966575,-0.7099241050140392,-0.04650406202459578,1.6919504838833253,0.7114456146922069,1.8354430807240498,-0.026066493106953564
1781078584.8880079,52.28902244567871,191.51524275079504,-85.58830930899865,-0.7076258710892205,-0.042096677205847755,1.6913367297375843,0.7088769312557374,1.8338828853081044,-0.026607935165991192
1781078584.9510252,52.35203981399536,191.5141944693386,-85.58941633948179,-0.7131607636230513,-0.045934850244421455,1.6897551879209713,0.7146385696548928,1.8346609714997013,-0.028863296549733932
1781078585.0880854,52.489099979400635,191.51209784502154,-85.59163037436761,-0.7132865674590221,-0.05094280404510698,1.6958835757530384,0.7151034167177865,1.840487435194917,-0.02980974877489136
1781078585.1879373,52.58895182609558,191.50582620215502,-85.58718377077825,-0.7119604483496005,-0.0566219690966534,1.6870433542942216,0.7142084621443143,1.8319959079285209,-0.017476707262736476
1781078585.2927237,52.69373822212219,191.49953618746525,-85.58054180070171,-0.6961463196039972,-0.06087078253905531,1.691189736362087,0.6988025117764729,1.8298764097177636,-0.025611999413583122
1781078585.351266,52.752280473709106,191.4984878511195,-85.57943480523987,-0.6901484252621799,-0.05130973841964703,1.6878623703824094,0.6920531324606221,1.8242305006499275,-0.0201209183369623
1781078585.4876654,52.88867998123169,191.497421154612,-85.57723945104965,-0.6871228771788651,-0.05218677026829255,1.6899007966311668,0.6891018120231561,1.8250002766542939,-0.030081655472079825
1781078585.5645623,52.96557688713074,191.49740209183494,-85.57615039794774,-0.685939683867133,-0.052529364752132324,1.6903453621512565,0.687948096926654,1.8249767196902178,-0.025549820962363575
1781078585.687049,53.08806347846985,191.49845040315677,-85.57504338002117,-0.692212919657976,-0.05558361946047796,1.6868850833314064,0.6944409729370429,1.8242339623139772,-0.0204272994114715
1781078585.7892141,53.19022870063782,191.4984680604417,-85.57613104271874,-0.7005426890842443,-0.06227164126055129,1.6837633152702598,0.7033049242929179,1.8247456585465722,-0.004962198319748934
1781078585.863091,53.264105558395386,191.4984680604417,-85.57613104271874,-0.6862754987189987,-0.05133672258797617,1.68758987244643,0.6881929375023296,1.8225172418421296,-0.026228842174284624
1781078585.991797,53.39281153678894,191.49846735086274,-85.57502334500401,-0.6889964471707231,-0.05267678284869248,1.6799316911948918,0.6910071979836153,1.8164970230490598,-0.021221555640376002
1781078586.0551436,53.45615816116333,191.4995163611638,-85.57391701903263,-0.6915664174414076,-0.05389856843341079,1.6825748937547638,0.6936635823019068,1.8199525923786501,-0.022132872100797688
1781078586.1971698,53.59818434715271,191.50058233457096,-85.57168506312263,-0.6879960177139424,-0.054922417783970445,1.6852564024063001,0.690184752342067,1.821110686975645,-0.010439226388910192
1781078586.2596262,53.660640716552734,191.50163063805243,-85.57168364552814,-0.687879241386895,-0.05408357892076765,1.6871072898187316,0.6900020900257398,1.8227544792427186,-0.018641475662556986
1781078586.372315,53.77332949638367,191.5026796471333,-85.57057731867282,-0.6854560944172476,-0.054643961531510854,1.6862179530724748,0.6876307293203263,1.8210345974663773,-0.019126707951451393
1781078586.498421,53.89943552017212,191.50163132358645,-85.57057733010518,-0.6911624840172124,-0.05747543807559907,1.6829559509671035,0.6935481275980964,1.8202608983852873,-0.01807445934836966
1781078586.555154,53.95616865158081,191.50162995280976,-85.57057735098846,-0.6865029239819478,-0.051893237177992546,1.6835281091799017,0.6884614533149808,1.8188584516392226,-0.0123494472405412
1781078586.6597729,54.06078743934631,191.50058233457096,-85.57168506312263,-0.6902797351926324,-0.053540804185402635,1.6827996245922092,0.6923530389407058,1.819661316580124,-0.015548927665847806
1781078586.7919724,54.19298696517944,191.4984673484347,-85.57281073858609,-0.6889403299461208,-0.0553962487346098,1.6818564257634856,0.6911638898265277,1.818336756346872,-0.025187783020298983
1781078586.859704,54.26071858406067,191.49848567686388,-85.57279068522314,-0.6835798481492361,-0.05068973778608665,1.6790698028698647,0.6854566786548622,1.813594844837733,-0.011175185582682998
1781078586.9608812,54.36189579963684,191.49741971327634,-85.57391704147157,-0.6888546546684324,-0.05154495340620713,1.6821832328148199,0.6907804408638198,1.8184933451193412,-0.021721359831427707
1781078587.0917623,54.49277687072754,191.49741971327634,-85.57391704147157,-0.6875669241709375,-0.053514863989121864,1.679352829273246,0.6896463701649258,1.8154443095478623,-0.01759151733812405
1781078587.155857,54.55687165260315,191.49743730288014,-85.57168506952169,-0.6883785968800851,-0.05438308074121778,1.6826214820124246,0.6905234334282223,1.818801161161711,-0.012663648353420487
1781078587.2965496,54.697564125061035,191.49848595504866,-85.5617211788389,-0.6879933585030074,-0.06864799594728765,1.690778298554626,0.6914097256271613,1.8266851572055602,-0.011692119925101928
1781078587.3630648,54.764079332351685,191.49743618903736,-85.56061417761386,-0.6856478865637712,-0.06273368583505601,1.6930047576862477,0.6885118297370187,1.8276524968483718,-0.014832577931844743
1781078587.4584565,54.85947108268738,191.4963885166171,-85.55950786367471,-0.6835889444838017,-0.06689876243581239,1.6955885162034614,0.6868546348652831,1.829423326001114,-0.01608563472074306
1781078587.5915654,54.9925799369812,191.49429188152854,-85.5606148925695,-0.6770672553486747,-0.06125115555558125,1.6964553035687264,0.6798321648188481,1.827602902527992,-0.016853769662934094
1781078587.645978,55.0469925403595,191.4932435687532,-85.56172190955455,-0.6841691673923265,-0.06612035196226884,1.6955734391485233,0.6873567854862012,1.8295979443855621,-0.015596537231144566
1781078587.7919314,55.19294595718384,191.4859060370744,-85.5672563047698,-0.6766200984106376,-0.060808834324134864,1.6923998660747597,0.6793470923652217,1.8236583502934276,-0.014879762850090428
1781078587.8912256,55.292240142822266,191.48066446648093,-85.57168438638703,-0.6803748218075043,-0.06434942997557869,1.6991136358121666,0.6834111114752051,1.8314032583488036,-0.012668115169960676
1781078587.9588757,55.35989022254944,191.47542221780208,-85.57611318327618,-0.681949128149796,-0.06020916085645922,1.6971897338517474,0.6846018963129638,1.830063591552783,-0.0117764272273705
1781078588.0639942,55.46500873565674,191.46493977055835,-85.58497004324951,-0.6708868527349807,-0.05346494871973562,1.6995278346713678,0.6730138705214416,1.8279339514153676,-0.01352247839039202
1781078588.1682158,55.56923031806946,191.4513116767656,-85.59604025313828,-0.666714017423061,-0.04889913320148764,1.7013852382849293,0.6685048288952403,1.8280072306503934,-0.014665907738878452
1781078588.293712,55.69472646713257,191.43244270361004,-85.61043223819247,-0.6555090487185851,-0.034893555215930405,1.6994430703717565,0.656437105248897,1.8218167917170307,-0.01212590884500642
1781078588.370795,55.771809577941895,191.41567105737218,-85.62150247350982,-0.6555864113004759,-0.041735851278630776,1.7003606643844602,0.6569135589739252,1.822844429168258,-0.015472346298038297
1781078588.4912577,55.89227223396301,191.38631894858463,-85.63921562001288,-0.6411474053651318,-0.03141534378588062,1.6962416493412644,0.6419165983456306,1.8136407175048752,-0.01745408880020401
1781078588.5601978,55.961212396621704,191.36744934924823,-85.65249993924171,-0.6476498710660223,-0.03748834179532423,1.697183163704934,0.648733944897597,1.8169442540776772,-0.018718258568936438
1781078588.6593978,56.06041240692139,191.33598085517292,-85.67133878531664,-0.644800688011685,-0.038017694170363825,1.6954102936329658,0.645920484526055,1.8142848001587273,-0.01617970501363775
1781078588.7945285,56.19554305076599,191.2909061052145,-85.70012284712672,-0.6254605958422133,-0.023539324720346144,1.6959030034065379,0.6259033925132427,1.807717360021445,-0.01561657376762927
1781078588.9031572,56.3041718006134,191.25107010849575,-85.72447888544777,-0.6243955094505225,-0.022478541443007316,1.6943758085676373,0.6247999976371499,1.8059026600862564,-0.012004223309451277
1781078588.9492288,56.35024333000183,191.22486215381795,-85.7399757964488,-0.6287474075345472,-0.02247573687877491,1.6989246440804835,0.6291489976386022,1.8116769600272713,-0.015439782310352989
1781078589.061202,56.46221661567688,191.17242796024345,-85.76988419202527,-0.6235497328266888,-0.0277275158742043,1.6983333462736876,0.6241659109922532,1.8093974796903998,-0.02131517755404014
1781078589.160088,56.561102628707886,191.1221109428687,-85.799776072908,-0.6075522164875338,-0.012659110561727971,1.6944450601593088,0.6076840863796987,1.8001177769072259,-0.01766198910216351
1781078589.2579472,56.6589617729187,191.06652962572974,-85.83300481082888,-0.6080198536780586,-0.012395742615566974,1.694608661981215,0.6081461969803635,1.8004278142051247,-0.020804979371025288
1781078589.35703,56.758044481277466,191.01306546726983,-85.86400157403827,-0.6065724430821433,-0.008951596849030352,1.6970425666652476,0.6066384918489657,1.802210790353492,-0.01719901877414465
1781078589.457043,56.858057498931885,190.94920987026393,-85.890478702409,-0.6051732215002517,-0.020571872303690952,1.6878644146092445,0.6055227740977808,1.7931938300293362,0.038450088496975704
1781078589.557178,56.958192586898804,190.76891446207998,-85.86942646907652,-0.46052346139364886,-0.1031811360227266,1.6528095973030816,0.47194089177028087,1.7188681654688072,0.020085971393844774
1781078589.658925,57.05993962287903,190.63684465827612,-85.86940954912194,-0.39149073073764384,-0.15295540783607464,1.6320199485580091,0.4203098250574144,1.6852742986027767,0.06665965213700442
1781078589.794515,57.19552946090698,190.47959752877193,-85.8970887689156,-0.3194278035306013,-0.1342512411814596,1.614935126993916,0.3464931708232456,1.6516879190167866,0.062511057797321
1781078589.8581927,57.259207248687744,190.43137413829672,-85.91369223146665,-0.3553102682430733,-0.169309084432669,1.6148683387733513,0.3935872873841244,1.6621403985112078,0.06499435968902838
1781078589.9580147,57.3590292930603,190.32757226587137,-85.95688671301325,-0.3389475399831383,-0.1555264281573301,1.61188425882726,0.372926138418854,1.6544620783115893,0.05700216708217002
1781078590.0578163,57.45883083343506,190.2300786307553,-85.99784701551751,-0.3326613897130244,-0.1627375803602149,1.6105669084424141,0.3703337957401378,1.652595802619943,0.06560310273762965
1781078590.1582122,57.559226751327515,190.13258294322236,-86.03880519350041,-0.30894765750153397,-0.15217937529544656,1.610742663055405,0.3443939856341825,1.647148792285571,0.06992525246060338
1781078590.291911,57.692925453186035,190.01097735073094,-86.09526314324437,-0.2684321990873286,-0.13379437883891399,1.6062866884533733,0.2999279602100312,1.634048257187729,0.06282795564091372
1781078590.3449135,57.745928049087524,189.96588133860982,-86.11852940745268,-0.3223342579223072,-0.16620611645072358,1.611733038702515,0.36266216645241056,1.6520312451709862,0.06234994158249868
1781078590.4590867,57.86010122299194,189.8568366364935,-86.18053877971091,-0.3057694625543661,-0.1495530793962132,1.6099968012750794,0.34038373607984845,1.6455852417616244,0.056753963229771005
1781078590.5906787,57.99169325828552,189.78449945344562,-86.22039682324498,-0.31632905672373113,-0.15819893148308495,1.6016778201166986,0.3536820239284368,1.6402630318043185,0.07641859547289169
1781078590.6580932,58.05910778045654,189.76876185980515,-86.22927459978285,-0.3663299844481287,-0.19214301500704778,1.5983045024955964,0.4136624175843931,1.6509675582577208,0.06682116932310866
1781078590.7909212,58.191935777664185,189.77829265547618,-86.21479168712644,-0.41998300967628666,-0.24062770310084147,1.5966376497346404,0.4840324575029433,1.6683941993625173,0.11684410071883557
1781078590.8582606,58.25927519798279,189.79517580409112,-86.19806737946848,-0.42764457200257766,-0.2511418156779541,1.605220326637382,0.49593557197007687,1.6800846373308431,0.12279122450142213
1781078590.95806,58.35907459259033,189.79630378762846,-86.19574948633506,-0.410757789610642,-0.2230612820848279,1.6063080514131542,0.46741662068346224,1.6729327103400997,0.08891773935814014
1781078591.0576694,58.45868396759033,189.78264428471783,-86.20687214632024,-0.38775470626976016,-0.21642637901223338,1.6072597018428572,0.44406541158560736,1.6674764882704298,0.05572623205018275
1781078591.1587076,58.55972218513489,189.7773059691976,-86.21142465939214,-0.390595136840858,-0.2158320282026409,1.5926654704171146,0.4462600422643665,1.6540046329985787,0.04848324795006708
1781078591.291634,58.6926486492157,189.77291270169368,-86.2126940422183,-0.4012244534547449,-0.21518168634777624,1.6055917518787775,0.45528476823800235,1.6688945724313125,0.017581505622244174
1781078591.3607762,58.76179075241089,189.76974944166608,-86.2138238782895,-0.4016064246781639,-0.22787744161770718,1.6073086099681186,0.46175301703509125,1.6723207875340949,0.07755100543371651
1781078591.4583473,58.85936188697815,189.76983771265938,-86.21597702109207,-0.398746886507098,-0.22483254699257316,1.599654573629037,0.45776495462876154,1.6638640294863545,0.11570054665988408
1781078591.5577154,58.9587299823761,189.77409924576355,-86.21589284561665,-0.4052836765033021,-0.2330418487351551,1.597084977620992,0.4675076060364496,1.6641045001575403,0.05944711567697525
1781078591.6578124,59.05882692337036,189.77718008568093,-86.21483823537451,-0.4101498157118897,-0.22348325030571914,1.6000297629479616,0.46708418352124254,1.666812190024724,0.037691345713981035
1781078591.7917879,59.19280242919922,189.77710103549995,-86.2127274964368,-0.41244007641418534,-0.2379911381472084,1.5956012759923217,0.4761791663535299,1.6651396429181151,0.041478669888619875
1781078591.8581266,59.25914120674133,189.77610337752284,-86.21156017080231,-0.41537498375464565,-0.23765132988292237,1.5969552656578834,0.47855462773260665,1.667117468037791,0.10271939486416609
1781078591.9590075,59.36002206802368,189.7740548446815,-86.21039303263777,-0.41246539050675324,-0.24270837238584875,1.6062080319675915,0.4785760675086838,1.6759890495911003,0.07502728911137764
1781078592.0578232,59.45883774757385,189.7729951173212,-86.20930892302252,-0.4023769974986635,-0.23397674633483234,1.591548947251013,0.46545930642911626,1.65821603460987,0.0534087814125025
1781078592.1576946,59.558709144592285,189.77189102818184,-86.2082585957859,-0.40837667630006536,-0.24083935196989614,1.5970479972630638,0.47410452771848516,1.6659343950963768,0.04907851659730932
1781078592.2981484,59.69916296005249,189.76982829090846,-86.20600446980036,-0.40213016406892166,-0.24045007892389947,1.5988357198400673,0.4685348538888087,1.6660733982466418,0.09477614124866135
1781078592.361061,59.762075662612915,189.76880183316027,-86.20488096974307,-0.4038076623611744,-0.23976600481739752,1.5924215684910583,0.4696257714901222,1.6602273389639188,0.07998868710555675
1781078592.4611897,59.8622043132782,189.77194674042448,-86.20709490781377,-0.40664766895710613,-0.2416645009305256,1.5964560457229895,0.47303705740485935,1.6650633512283346,0.05525450560840983
1781078592.5577066,59.95872116088867,189.77819702574544,-86.21045021477947,-0.41534118618108096,-0.23212052650916348,1.6005449626483943,0.47580273198585,1.6697701689826503,0.06126296181607011
1781078592.6575062,60.058520793914795,189.78241212243677,-86.21154206158536,-0.41905865607500914,-0.23731604995822408,1.6127688068648032,0.48159014192481875,1.6831376322794545,0.08609905685884153
1781078592.7932658,60.19428038597107,189.78244736247453,-86.21039632216313,-0.41936054293677216,-0.24105783040438666,1.6112960760355075,0.48370666996796147,1.682333851296739,0.08560657209972794
1781078592.8917663,60.29278087615967,189.7824275737677,-86.20930652232549,-0.4199278967942064,-0.24138912562520431,1.6110498637061783,0.4843636531327535,1.6822870777081425,0.062004566092024184
1781078592.9588857,60.35990023612976,189.78136304359876,-86.20932878857933,-0.41624639436585653,-0.24046343073663934,1.6076061204122856,0.4807116831784003,1.677939558128138,0.0699039382737008
1781078593.0595038,60.46051836013794,189.78136231736104,-86.20822105560208,-0.4173272949736315,-0.241774200551518,1.6069575587815763,0.48230367527350865,1.6777751431308003,0.07614442577738437
1781078593.1934571,60.59447169303894,189.78033093493204,-86.20598698488152,-0.4187722801250118,-0.24123070877591601,1.6030972032118251,0.48328302003860235,1.6743605108826498,0.07921101188894382
1781078593.2447844,60.64579892158508,189.7792840147407,-86.20598698133927,-0.4135019425682458,-0.2461433005525464,1.6128518728275623,0.4812176024571566,1.6831106750888336,0.07422361058546016
1781078593.359445,60.760459661483765,189.77821806703056,-86.20489935918152,-0.41608863978308364,-0.24560654389301817,1.6095670524289183,0.48316904967061974,1.680523259828416,0.07338011715580987
1781078593.4577181,60.8587327003479,189.77823426857267,-86.20709399963415,-0.4135632685301118,-0.24477820680478146,1.6140534600470595,0.48057356107454946,1.6840782403124144,0.08060064748276893
1781078593.557449,60.95846366882324,189.77825465252022,-86.21371948865362,-0.409950612138573,-0.2315186126236881,1.611692915033819,0.47080821189098654,1.6790516444571315,0.08797610619880364
1781078593.6572278,61.058242321014404,189.77718646192338,-86.21705765153474,-0.4128066593850974,-0.23091407011477827,1.6225830266640526,0.4730017397533085,1.6901202099933408,0.06802802842745131
1781078593.7925122,61.19352674484253,189.77718647379447,-86.21816465765478,-0.40925306314014165,-0.22953087726456545,1.622360715278162,0.46922541843705545,1.6888536892772266,0.07737099095481455
1781078593.8638825,61.264897108078,189.777187899302,-86.21816610719077,-0.40751000728891995,-0.22615095466792923,1.61616530835402,0.46605649908335295,1.6820222841166153,0.08469698398722283
1781078593.9580102,61.3590247631073,189.77613813824252,-86.21705766261871,-0.4117945223281083,-0.23495149881816246,1.6244291654902696,0.47410646000274653,1.6922018346260441,0.07548688216812043
1781078594.0579226,61.45893716812134,189.7750898433274,-86.21705768744533,-0.41004815247077886,-0.230306706708717,1.614742995946453,0.47029848660155615,1.6818369746969655,0.07834613002735448
1781078594.1579077,61.558922290802,189.77404223074237,-86.21705842172855,-0.41079905113045356,-0.2329265389827242,1.6218965958634222,0.4722400162757827,1.6892481169578104,0.07771722835224971
1781078594.2588596,61.65987420082092,189.77299321303215,-86.21595071702905,-0.408088295453382,-0.23392086011689628,1.6204536424743698,0.4703775352670186,1.6873425950565961,0.082725226081365
1781078594.35856,61.75957465171814,189.7719448893513,-86.21595072811303,-0.40855563208552326,-0.23601160078771954,1.6206425887169704,0.4718253704657936,1.6879281917719209,0.07929198267029702
1781078594.4613225,61.86233711242676,189.77194561214642,-86.21705845807749,-0.40615201597367445,-0.2352640817521774,1.6227604942329104,0.4693704807954747,1.6892780321442693,0.0734070352357437
1781078594.5936692,61.99468374252319,189.77404151361964,-86.21927169780135,-0.40716349269098373,-0.22629334750087082,1.6167026431858935,0.46582270114655283,1.6824738409222668,0.08399829726586366
1781078594.647339,62.04835367202759,189.77299317080713,-86.22037870155997,-0.4092500925848128,-0.2306432830199583,1.6253100823581736,0.46976798771617295,1.6918377067845591,0.08008894191514901
1781078594.7918205,62.192835092544556,189.77299391154838,-86.22037943860505,-0.4084802221961752,-0.22996275490602613,1.6238854616924456,0.46876322442082174,1.6901902121552748,0.07389262295083499
1781078594.891015,62.29202961921692,189.77089654064588,-86.21927173149209,-0.4087475853955027,-0.23183749546846855,1.6229276535148784,0.4699183044655166,1.6895908917294313,0.08521790149617753
1781078594.9916134,62.39262795448303,189.76984892806084,-86.2192724657753,-0.40756762549341374,-0.23249354555666457,1.6218223623439947,0.46921702662611087,1.6883342065701636,0.08227333020953861
1781078595.0640821,62.46509671211243,189.76879991021661,-86.21816476072742,-0.404005710592628,-0.2356806530857085,1.622938438031276,0.467724261109428,1.6889923499145156,0.07937417754170535
1781078595.164716,62.565730571746826,189.76775157466466,-86.21705776569137,-0.4018687390584148,-0.23191782106044911,1.6218721124602904,0.4639874558194723,1.6869361304845631,0.07686028055751357
1781078595.2675295,62.66854405403137,189.76670325142362,-86.21705777682692,-0.3994898049775202,-0.23101057060314645,1.621093936043427,0.46147371323984254,1.6854980087464178,0.07956830385484294
1781078595.3640616,62.76507616043091,189.76565495681436,-86.2170578017951,-0.4054479676220524,-0.2334613015989646,1.6188853889861878,0.4678592029586845,1.6851356433433173,0.08271266015977796
1781078595.4654438,62.86645841598511,189.76567331517404,-86.21703916482984,-0.40210568227342947,-0.23187768076957127,1.6194029021109777,0.4641726387408627,1.6846133081277472,0.08660421109031126
1781078595.5621614,62.963176012039185,189.7667223983336,-86.21593289754362,-0.4025439140421554,-0.23439876262339965,1.617252193552601,0.46581582481895034,1.6830000119436894,0.07949319601504103
1781078595.659845,63.06085968017578,189.76670337659587,-86.21484383255032,-0.40199820121958396,-0.23581869067861305,1.6130239173134855,0.46606116407308223,1.6790054099026896,0.08021057369190025
1781078595.7949862,63.196000814437866,189.76567415131592,-86.21482594387659,-0.4043324596796367,-0.23794453622254252,1.6153068503671084,0.46915065839103953,1.6820578352457605,0.09188383774684122
1781078595.8613396,63.262354135513306,189.7656741396166,-86.213718936673,-0.4024770558026489,-0.24049573811136327,1.6184190697681786,0.46885603387105723,1.6849647669570407,0.08367783779095699
1781078595.9596682,63.36068272590637,189.76460674630061,-86.21373686169568,-0.401923580702487,-0.23809414320264466,1.616754251378542,0.46715242239777593,1.682892062820043,0.08683056354956255
1781078596.064717,63.465731620788574,189.7646074872618,-86.2137375992049,-0.40213532288811393,-0.23664586835640478,1.6133476215366562,0.46659841933346125,1.6794655795348918,0.08474364507966425
1781078596.173911,63.574925661087036,189.76357753861288,-86.21261198060509,-0.39650923944336114,-0.234696661796022,1.6124234052005355,0.46076252020118674,1.676964918434682,0.08767981425851383
1781078596.2614675,63.662482023239136,189.7635782374549,-86.212611242375,-0.3993619949043534,-0.24124213297943697,1.6152413670319778,0.46657021947232463,1.6812770275804596,0.0818273987627484
1781078596.3597503,63.760764837265015,189.76251158566882,-86.21262990343041,-0.40040255715126705,-0.23848061173958968,1.612187900304319,0.4660420688617741,1.6781969597864879,0.08504980483087406
1781078596.4595811,63.860595703125,189.7625292451891,-86.21261200494129,-0.3991166248934519,-0.2366537890781899,1.6123974054928278,0.46400333635805335,1.6778332722268348,0.08484420485529182
1781078596.558637,63.959651470184326,189.76462587509266,-86.21371897553861,-0.3994605323184146,-0.24017309448851165,1.618869420428523,0.4661028129032249,1.6846335009713183,0.08880876926123338
1781078596.693675,64.09468960762024,189.76672250538792,-86.21482594639323,-0.40566132999978777,-0.23804867470039426,1.6154964009631563,0.4703491109631343,1.6825744880119637,0.08965073770346053
1781078596.74798,64.14899468421936,189.76672250538792,-86.21482594639323,-0.40101494489701395,-0.2335480374998582,1.6140940210004315,0.4640664519772899,1.6794812236164272,0.08791465449918903
1781078596.8634202,64.26443481445312,189.76672250538792,-86.21482594639323,-0.40146644317721325,-0.23868294865378914,1.619797604014851,0.46705979807239884,1.6857903585403737,0.0926046617256081
1781078596.959729,64.36074352264404,189.76672320422995,-86.21482520816315,-0.40299823212600927,-0.23910901605525225,1.6206119433285573,0.46859438393518943,1.686998449173787,0.09054913861391872
1781078597.060328,64.4613425731659,189.76670484586762,-86.21484384488235,-0.4044174058927581,-0.2342929530000788,1.6134993186049633,0.46738274039006295,1.6798293595342373,0.07848955730241447
1781078597.1622581,64.56327271461487,189.76670483408242,-86.21373683843973,-0.40310363185014353,-0.2362309782915304,1.6087269808985811,0.4672233011262918,1.6752015139040477,0.08216103518832418
1781078597.293573,64.69458746910095,189.76670483408242,-86.21373683843973,-0.40128774064197614,-0.2387054227512948,1.6175316292443316,0.4669176904342095,1.6835737884768336,0.07815040531404484
1781078597.3587363,64.7597508430481,189.76670486389966,-86.21373685164038,-0.4028468238340679,-0.24065476864132052,1.6180800777826299,0.4692550278292221,1.6847502542691737,0.07955718649665726
1781078597.4606965,64.86171102523804,189.76565653933912,-86.21373686262116,-0.398905924308508,-0.2379118442359669,1.615707587859005,0.4644652646605385,1.6811421687475894,0.07733045574155036
1781078597.5605204,64.96153497695923,189.76565656907047,-86.2137368761444,-0.39857465779292056,-0.23491105381599198,1.6088255503299096,0.46264993357795225,1.6740264670649685,0.08007329821440849
1781078597.66197,65.06298446655273,189.76565656907047,-86.2137368761444,-0.40225850538035957,-0.2401880347484706,1.6152076239737911,0.4685106158745747,1.681784131727444,0.08115948363992613
1781078597.7939374,65.1949520111084,189.76775260141187,-86.21595163233758,-0.40540152813841246,-0.23440914297191284,1.60943648713347,0.46829269194146805,1.6761813301198385,0.07986956144032753
1781078597.8495824,65.25059700012207,189.76775263114322,-86.21595164586081,-0.40171382647730525,-0.23260101440074266,1.6103025677944864,0.4641952501731281,1.675873381293709,0.07636531775992933
1781078597.9935937,65.39460825920105,189.76881934256903,-86.21593301187148,-0.40606001548559334,-0.23637408437916463,1.6094272154302938,0.4698483201441171,1.676607707756933,0.09041175012643379
1781078598.0510623,65.45207691192627,189.76880098433554,-86.21595164871263,-0.4040516428651699,-0.23828699919768326,1.6134325624927996,0.46908253441018194,1.6802389882992126,0.07415109152150123
1781078598.1920338,65.5930483341217,189.76880168304874,-86.2159509103606,-0.4006445397767209,-0.23147760804560846,1.6077778692477402,0.4627071755218594,1.6730354470608866,0.08379626319631175
1781078598.295457,65.69647145271301,189.76880171278006,-86.21595092388384,-0.4036493018464,-0.23378041550334672,1.604751789087954,0.4664611897618103,1.671171548984422,0.08050638355801056
1781078598.3481212,65.74913573265076,189.76985003764645,-86.21595091260626,-0.4044055807252107,-0.23272293556183854,1.6064008631542661,0.46658743924179374,1.6727903549461858,0.07975609509891289
1781078598.4581983,65.85921287536621,189.76985003764645,-86.21595091260626,-0.40938310084820273,-0.23711158407334665,1.6064892074121622,0.47309240805772973,1.6747011674008048,0.08087092152322675
1781078598.5643494,65.9653639793396,189.76985002594714,-86.2148439062794,-0.4050584255807905,-0.2381188094777258,1.61077660437917,0.46986476305536923,1.6779076746878439,0.07829474847900945
1781078598.7111425,66.11215710639954,189.76985001416193,-86.21373689983677,-0.40631532892442124,-0.24043187419317746,1.6108294435899007,0.47212247632050364,1.6785920078992254,0.0791189558049688
1781078598.7718446,66.17285919189453,189.76985004389329,-86.21373691336001,-0.40730205888459636,-0.24113407000332643,1.6066472820374518,0.4733292795591673,1.6749197281560486,0.07788159860816408
1781078598.878882,66.27989649772644,189.76985004389329,-86.21373691336001,-0.4053016390812445,-0.2373461121591447,1.609173673221334,0.46968350577703355,1.6763181399089033,0.0786275710079448
1781078598.9740672,66.37508177757263,189.76985007362467,-86.21373692688324,-0.4100566908235521,-0.23686009784303508,1.6044981503284053,0.47354957041409546,1.6729206526451421,0.07919938492666419
1781078599.0861452,66.4871597290039,189.76775272658412,-86.21373768762261,-0.403780862072324,-0.238146922935627,1.6067133902781365,0.46877813673376084,1.673702739430942,0.07860253576132065
1781078599.1733446,66.57435917854309,189.7656560489653,-86.21373769653833,-0.4053195552248212,-0.24120660310742892,1.608684687979992,0.4716614964466271,1.67640418532392,0.0815754332665974
1781078599.2731113,66.6741259098053,189.76460775501582,-86.21373772114553,-0.40176406718336466,-0.23822118220056154,1.6037795969513933,0.4670799688797972,1.6704109353468461,0.07793185123618158
1781078599.3683176,66.76933217048645,189.76460775501582,-86.21373772114553,-0.4005077281137801,-0.23473575055520257,1.6047537185503016,0.464227651985075,1.670551349126568,0.0784882063591673
1781078599.4673653,66.86837983131409,189.76460775501582,-86.21373772114553,-0.4018108319615976,-0.2388285784118267,1.6030720100038345,0.46743024564942875,1.669829603224718,0.07987485126612809
1781078599.5882964,66.98931097984314,189.76355946032064,-86.21373774599795,-0.40326641918122164,-0.23861295556318396,1.6025551331574364,0.46857224352477683,1.669653527595199,0.08053178666924307
1781078599.6589222,67.05993676185608,189.76355946032064,-86.21373774599795,-0.3997193404114796,-0.23607655769598068,1.602189094262785,0.4642280605398299,1.6680880030643392,0.0769285125296298
1781078599.7980344,67.19904899597168,189.76355946032064,-86.21373774599795,-0.40151237642510296,-0.2381075211718553,1.60001693764738,0.4668055056028571,1.666721806667099,0.07790215001222996
1781078599.8584268,67.25944137573242,189.76355946032064,-86.21373774599795,-0.40108930863883074,-0.24048022771144417,1.606255760072938,0.46765732478442296,1.6729497721665212,0.0795694176038992
1781078599.9979577,67.39897227287292,189.76355946032064,-86.21373774599795,-0.40545815151457987,-0.2404187391372119,1.6016885665942489,0.4713782798962493,1.6696118552276413,0.07912637922549845
1781078600.0741925,67.47520709037781,189.76355946032064,-86.21373774599795,-0.4010021117853739,-0.23659214846719578,1.6031001002688254,0.46559482210678965,1.6693437242984355,0.07832893516503237
1781078600.1733546,67.57436919212341,189.76251116637116,-86.21373777060515,-0.4009693613435843,-0.23909234808570545,1.5993613377914633,0.4668421356833785,1.6661027184635158,0.07687822880929852
1781078600.267586,67.66860055923462,189.76357781855413,-86.2137191091568,-0.4026185750738307,-0.24052606988463765,1.6006523839366777,0.4689930780817894,1.667945611070937,0.08925681883948103
1781078600.3771188,67.77813339233398,189.76462609530316,-86.21482607722378,-0.40337148051651184,-0.23886949887607045,1.6034212866431155,0.46879333270364215,1.670546919798319,0.08303312896396396
1781078600.5044641,67.9054787158966,189.76460768930625,-86.21595169334532,-0.40533983723329925,-0.24061786001787766,1.6061447999886804,0.47137812656921246,1.673887229397064,0.07793916358408297
1781078600.5651126,67.9661271572113,189.76460768930625,-86.21595169334532,-0.40622139424459647,-0.23924550103808429,1.6030852465215792,0.471438469907779,1.6709687425335462,0.08229232100094105
1781078600.6821344,68.08314895629883,189.76460768930625,-86.21595169334532,-0.4071001629689306,-0.2394622097159953,1.6042949513956162,0.4723057193930613,1.6723740561384166,0.07850752599468291
1781078600.7789495,68.17996406555176,189.7635593647457,-86.2159517043261,-0.4017806360973566,-0.23626445822313258,1.6046899795820475,0.46609931748745015,1.6710112220847886,0.07866035076771659
1781078600.881893,68.28290748596191,189.76251107101612,-86.21595172895911,-0.3980914110803724,-0.23716434417920595,1.6069711500078552,0.46338288458456783,1.6724473010183263,0.07948831766808272
1781078600.9787643,68.37977886199951,189.7593851902158,-86.21925340699755,-0.39974440160696645,-0.23470270895793988,1.6061741217881509,0.4635525301498279,1.6717285239267303,0.09169353930581499
1781078601.0814304,68.48244500160217,189.75414293185767,-86.22478923166241,-0.3948075072779602,-0.23300622352957134,1.6047519999124422,0.45843741994578624,1.6689499241228096,0.08504010834691854
1781078601.1814039,68.58241844177246,189.74573876316023,-86.23255626413007,-0.3968828585915105,-0.23177619903552227,1.6068014470663563,0.4596044058569532,1.67124118551981,0.080331027965682
1781078601.2777405,68.67875504493713,189.7363032719201,-86.24141316682736,-0.38430709719759193,-0.22150345877871302,1.6021714688150324,0.44357155815873994,1.6624407185497745,0.08207243413308819
1781078601.3774242,68.77843880653381,189.7237050801423,-86.25471597555509,-0.39222602361735426,-0.22355098746363922,1.6041716802433283,0.45146018384642683,1.6664882469712627,0.07771093171532552
1781078601.4792929,68.88030743598938,189.7069510500779,-86.27240883570305,-0.37900234506432184,-0.2064021676509924,1.6013712869119212,0.4315606937329715,1.6585037325617409,0.08951618695373106
1781078601.5489454,68.94995999336243,189.6943705296581,-86.28569229812858,-0.38479592130616425,-0.21391339624925365,1.60744824492124,0.44025769970410505,1.6666483439073536,0.08620686256109142
1781078601.6851647,69.08617925643921,189.66711438672914,-86.3133691903043,-0.3678915871032018,-0.19883287985076947,1.6118358587024573,0.4181850475221026,1.665200759479214,0.08629853941137454
1781078601.7849817,69.1859962940216,189.6419548648287,-86.33882914529072,-0.3678127111464562,-0.19863312935879662,1.618005693908285,0.418020705898374,1.671132471134292,0.08423904498242035
1781078601.8512688,69.25228333473206,189.62308524555596,-86.35875545903393,-0.3672662732189167,-0.20251723258309084,1.6143549765595215,0.4194016510902475,1.6679447638575202,0.08476065314027481
1781078601.992133,69.3931474685669,189.57907519553456,-86.40301972765653,-0.3417019838508679,-0.1738278618411755,1.6116601405555389,0.3833749748221623,1.6566305502360485,0.09524287006667051
1781078602.0515866,69.45260119438171,189.55810822530083,-86.42405234429665,-0.3623341030600784,-0.19245640869004887,1.6100562477460652,0.4102748730865962,1.661507325410382,0.0868529811599651
1781078602.196393,69.597407579422,189.497306017595,-86.48050885415067,-0.34252122572127064,-0.17472715022023522,1.6086743234408265,0.38451315594357277,1.6539901589766146,0.08043237831700352
1781078602.255557,69.65657162666321,189.47529216597655,-86.50154439197857,-0.34867657593136414,-0.18711630583923977,1.609715421713469,0.395711847831404,1.6576403727637414,0.08228070035409801
1781078602.3581202,69.7591347694397,189.4239424237783,-86.55023384170961,-0.3449527598358202,-0.18464901350368734,1.6091334379268794,0.39126418786573597,1.6560187455945696,0.09011409019049281
1781078602.4911532,69.89216780662537,189.36001584284188,-86.61442296907491,-0.3257312670261001,-0.16528445579220374,1.610841103935512,0.3652667650429662,1.6517351094449535,0.08901618440069477
1781078602.561537,69.96255159378052,189.32332487285768,-86.6520615591571,-0.339314585649646,-0.17321267326020973,1.6083755763544114,0.38096852653800567,1.6528790073159996,0.08181280883646407
1781078602.6913507,70.09236526489258,189.25625118278336,-86.7206765540112,-0.3194297700403581,-0.1491710319381241,1.6058905505668202,0.3525441458278961,1.644132547928337,0.09241010290972927
1781078602.7900758,70.19109034538269,189.19230487584576,-86.78820681547413,-0.31243460634229336,-0.14332687550681555,1.6071213560083384,0.34374114749737195,1.6434710309040712,0.08158896535026712
1781078602.889247,70.2902615070343,189.1357150695834,-86.84686084557259,-0.31441331717434196,-0.14378742248415222,1.6073701769326754,0.34573191475651976,1.6441318203154482,0.09388630752487181
1781078602.9931476,70.39416217803955,189.06337933881719,-86.9221358520567,-0.30279076940317395,-0.1303338250738335,1.6146442424482699,0.3296500508025787,1.647951815334869,0.08262519488720883
1781078603.0591233,70.4601378440857,189.01515553350416,-86.9708446552959,-0.32058420759597084,-0.15187908627378022,1.6129583113704191,0.3547414424722532,1.651507191999541,0.08440703165709484
1781078603.188885,70.58989953994751,188.91871072336994,-87.0671566806163,-0.2940028696289687,-0.13028134049589823,1.6224195060877524,0.32157567543500015,1.653981852610694,0.08433593499418501
1781078603.2568088,70.65782332420349,188.87258427866115,-87.11365071811144,-0.31591165190769743,-0.1512491431543026,1.6177995148660718,0.35025201657658006,1.6552799598306198,0.08489709285341326
1781078603.3893466,70.79036116600037,188.761459578642,-87.22435179500621,-0.27332984237781943,-0.11344194151833165,1.6226053812252057,0.2959362715682757,1.6493715469871326,0.0841399549223331
1781078603.4946392,70.89565372467041,188.67969114632797,-87.30737667136053,-0.27791009568917957,-0.1133950053244348,1.6143467844662693,0.30015404131628404,1.6420133949012357,0.08556034003976273
1781078603.5917952,70.99280977249146,188.59685812716398,-87.39485035595033,-0.2727272819205382,-0.10599678397716161,1.6174063141174524,0.2926012449004033,1.6436601453659054,0.07781192543611404
1781078603.6907582,71.09177279472351,188.51089860188225,-87.48452242159703,-0.2790311466001185,-0.10826540535620666,1.6227665891499736,0.29929881184181234,1.6501367160424496,0.08731496876836616
1781078603.7456646,71.14667916297913,188.46582116417227,-87.53101865015373,-0.3114857386239862,-0.14471851113339085,1.6184324481008516,0.3434629715570452,1.6544758692397152,0.0882899137189571
1781078603.8946915,71.29570603370667,188.32847028292522,-87.66941229940424,-0.2600517612555677,-0.09437376026083655,1.6201231059364822,0.2766465708406534,1.6435729991537238,0.08226985915174544
1781078603.944891,71.34590554237366,188.28129685424744,-87.71590485125887,-0.29870897612505587,-0.13864170117065555,1.6240412807934128,0.32931531048703544,1.6570934359420657,0.08569994266893882
1781078604.1068082,71.5078227519989,188.1198376094989,-87.87976139569786,-0.23349904486025252,-0.07177060192292117,1.623253221124773,0.24428021461229446,1.6415309449239694,0.08052880588924681
1781078604.1810348,71.58204936981201,188.0558744051798,-87.95394941479499,-0.2616621378723778,-0.08874112438681436,1.6176377054327418,0.2763006723722896,1.6410648395450695,0.07903217052616135
1781078604.2833838,71.68439841270447,187.9730551028912,-88.05026133262102,-0.2696186810820791,-0.08384198806962218,1.6183587925062553,0.2823538775223506,1.6428051903479641,0.08693385905863849
1781078604.38378,71.7847945690155,187.86505924106814,-88.16430134094819,-0.2584420789919193,-0.0673266726966375,1.616081281924867,0.2670677611582229,1.6379999691202645,0.08055056333242236
1781078604.4819882,71.88300275802612,187.766519959282,-88.26947014881215,-0.24639908070778915,-0.05741283577836498,1.6220132280630852,0.25299948752074003,1.641625917405481,0.07767525128953157
1781078604.5812187,71.98223328590393,187.66588125477162,-88.37463608038344,-0.25199053244617176,-0.057692266578769136,1.6231440118783123,0.25851039837016404,1.6436009580679622,0.07262487381408192
1781078604.6802146,72.0812292098999,187.56312612429969,-88.47981496680153,-0.25872156783211153,-0.06630726705394352,1.6242495859269643,0.2670833265587144,1.646062034283515,0.06810505673723688
1781078604.7813675,72.182382106781,187.46877724211421,-88.57501779296973,-0.25394868732263376,-0.06441360990035605,1.6279056364771614,0.26199055122901677,1.6488528770655664,0.07799919842564286
1781078604.8805664,72.2815809249878,187.3555819962979,-88.69456268123076,-0.24298007387142206,-0.04920170964045667,1.6238232245563378,0.2479115256096528,1.6426387275169938,0.07564803557324498
1781078604.983716,72.38473057746887,187.25181671555714,-88.80524793452406,-0.2531393208951158,-0.048414439041479795,1.619834721744055,0.2577275183036177,1.6402097425203221,0.08411944326118086
1781078605.0882227,72.4892373085022,187.13648395605333,-88.92482446342581,-0.24304257953951947,-0.042598791762614496,1.6308262046748163,0.24674754817192862,1.649387299085004,0.065357554266316
1781078605.1502054,72.55121994018555,187.07360630942054,-88.98900992503621,-0.29449958625536965,-0.09696588828325048,1.6330099009840418,0.3100522372039004,1.6621834214391182,0.0817298652858417
1781078605.282639,72.68365359306335,186.94047146911248,-89.13071035911246,-0.2761797671912518,-0.06995856121915267,1.6249849965975816,0.2849025519255101,1.649771409396135,0.07324734075336699
1781078605.384162,72.78517651557922,186.82412289690853,-89.25024676213326,-0.2667138159337128,-0.05908086087605113,1.630543804243309,0.2731790763066925,1.6532694593707402,0.07019683620200494
1781078605.4491785,72.85019302368164,186.77172357619932,-89.30336287245318,-0.326833929175649,-0.11817780849339954,1.6262374881325703,0.34754339539213774,1.6629596445760275,0.08049577423476037
1781078605.5787258,72.97974038124084,186.6208038757282,-89.45277233947157,-0.27776955102734746,-0.06847068010122825,1.6216581788573454,0.2860841790652865,1.6466995495737469,0.08586950293510263
1781078605.6812115,73.08222603797913,186.51288205612286,-89.55899093056578,-0.2702647527159172,-0.0644179584332818,1.6233813886489183,0.2778357607100064,1.6469850767207936,0.09799316555751138
1781078605.7809083,73.18192291259766,186.40490507292705,-89.66304994977084,-0.25208708399458146,-0.052943283271147834,1.6269346545226206,0.2575866633978168,1.6471998237151009,0.08120782633971763
1781078605.8856812,73.28669571876526,186.29799547776489,-89.76709104778953,-0.25096123360938805,-0.056889735715017764,1.6237715567070417,0.2573285503096584,1.644035294990737,0.08264823490936433
1781078605.9923253,73.39333987236023,186.19106951666342,-89.87115285969763,-0.25310922018283577,-0.06258890058434474,1.6297144112453292,0.26073290513074915,1.6504395505557392,0.07926208313018623
1781078606.0661588,73.4671733379364,186.0977703331909,-89.96525008215943,-0.2640008721708682,-0.0732321628192949,1.6276612533823454,0.2739697249299105,1.650557653019233,0.07929881795560619
1781078606.187707,73.58872151374817,185.97195226814316,-90.09368200396403,-0.24005167214261292,-0.04703085672583995,1.6264155605316575,0.24461542629775213,1.6447079626250785,0.0716731366414587
1781078606.2876074,73.68862199783325,185.86817058875855,-90.20106123976568,-0.23616401255773667,-0.04077096901350785,1.6307846583327288,0.2396574904768704,1.6483004321406538,0.08860542749400374
1781078606.3881552,73.7891697883606,185.7580977405745,-90.3150854590308,-0.21964546263703255,-0.022614006807273768,1.634284808499442,0.22080652744182064,1.64913382048061,0.08560526664930294
1781078606.4925754,73.8935899734497,185.65850798193173,-90.41803806770262,-0.22040529533958875,-0.019230236491978303,1.6289849546978858,0.22124261842888399,1.6439404730224698,0.08260570852462504
1781078606.5441942,73.94520878791809,185.60818825592924,-90.46785459296244,-0.272770319746229,-0.0738280056440459,1.6312395558437005,0.282584893000028,1.6555351733807986,0.07732439916235952
1781078606.6910512,74.09206581115723,185.46979251685295,-90.60625187221324,-0.2471190368400471,-0.047375679079664224,1.6316803345001925,0.25161930239354036,1.6509672883893467,0.08660726008292588
1781078606.7579165,74.158931016922,185.40271884757533,-90.67376278520348,-0.26460059929453905,-0.07704749263960764,1.6401118223552307,0.27558990052082755,1.663104501556795,0.09157313176349062
1781078606.885569,74.28658366203308,185.28845205714697,-90.78999748457682,-0.24647137747999182,-0.05203655292653764,1.637479287697779,0.25190463028170196,1.656742092299398,0.07940810551891692
1781078606.9997246,74.40073919296265,185.17628186354432,-90.90402101736952,-0.21831888863874838,-0.0241843262816559,1.637158315911167,0.21965431653886477,1.6518278875631214,0.08243491215219417
1781078607.0711339,74.47214841842651,185.112316392236,-90.97046067471152,-0.25710487492082734,-0.06283887071046479,1.6354993759240901,0.2646727042598476,1.6567769460697805,0.07563176228407159
1781078607.1707685,74.5717830657959,185.0231921827939,-91.06346807296327,-0.26897062602088795,-0.07568762632169523,1.6320233431108015,0.27941691867222523,1.6557699136349948,0.07725394415773135
1781078607.2644029,74.66541743278503,184.93612651205888,-91.1554057028281,-0.2646540805360189,-0.06619123342807143,1.6308562930076973,0.27280590486112105,1.653516044727085,0.060790023327704966
1781078607.364735,74.76574945449829,184.85855274172678,-91.23843341233055,-0.2737555991292311,-0.07178265811697315,1.6313879988015454,0.2830103850761355,1.6557541123894737,0.07659263088892884
1781078607.4989905,74.90000510215759,184.73904791788044,-91.36574184530463,-0.24754530265042263,-0.03899652801879938,1.6262210955603527,0.2505980966843331,1.645416195893101,0.06596170052216023
1781078607.5576353,74.95864987373352,184.68766150792655,-91.41779103607175,-0.2806697384079939,-0.0746301533028344,1.62946272622615,0.29042238522540975,1.6551416670485863,0.052075610280362394
1781078607.6673772,75.06839179992676,184.59645829915817,-91.51188899577154,-0.27560039124966806,-0.06881808334841821,1.6290393532410612,0.2840625006098481,1.653620488099,0.059525983440052624
1781078607.7753756,75.17639017105103,184.5220090068923,-91.58829110231443,-0.2821432639206307,-0.07571267714875773,1.6314312139778506,0.2921253683897013,1.6573789659574125,0.051690635594935815
1781078607.864405,75.26541948318481,184.4329023201348,-91.679065053421,-0.2901512822390373,-0.0795295173832784,1.6257067608134987,0.30085330431985396,1.653310371005666,0.05745372083730132
1781078607.9633646,75.36437916755676,184.36161908542914,-91.75323446136575,-0.30084119910537765,-0.08802101772566573,1.6242417022247502,0.31345354781948703,1.6542110608645373,0.056943115131240014
1781078608.0640068,75.46502137184143,184.28299559569885,-91.83404673494306,-0.2937104516222462,-0.08428969644189976,1.6248656111433375,0.30556600321110894,1.6533477663802687,0.05669621378333448
1781078608.164161,75.56517553329468,184.19809986014792,-91.92148174063608,-0.2918792569754771,-0.08087882987518924,1.6316667725561802,0.30287767460566717,1.6595394971010597,0.054259525634209535
1781078608.2628765,75.66389107704163,184.1341146594083,-91.99015696513409,-0.3022149364240363,-0.08858885795299898,1.633381636568117,0.31493150612665116,1.663465486335422,0.03657578131011899
1781078608.3637333,75.76474785804749,184.06180009232438,-92.06652470309321,-0.3009521959726271,-0.08312386035751729,1.6303618598072378,0.31222075591075393,1.6599884319884877,0.0606801294680793
1781078608.464554,75.8655686378479,183.9810806334403,-92.14844473074344,-0.29267563162451893,-0.08112439474983546,1.6389770342036039,0.3037107057223012,1.666879093220975,0.029626204779626613
1781078608.5640867,75.96510124206543,183.9150382785414,-92.21375730082246,-0.2994114910623864,-0.09383282723648279,1.6427320843729942,0.3137703626020041,1.6724295325889924,0.029368401579422172
1781078608.6663504,76.06736493110657,183.84165491538826,-92.2868175415663,-0.3040748468171728,-0.09932586228734408,1.6414195779205079,0.3198861350324699,1.6722994259900796,0.026830671040253856
1781078608.7630715,76.16408610343933,183.76830758828356,-92.35762871681285,-0.29920491891644474,-0.09708745903735405,1.6441233369384616,0.31456248696582717,1.6739447736624373,0.03439965566927439
1781078608.8639958,76.26501035690308,183.69599161516496,-92.4284614178488,-0.3039807688287226,-0.10198093591965574,1.641955671024986,0.3206312821743228,1.6729682736740294,0.02777708866682857
1781078608.9635348,76.36454939842224,183.618434800018,-92.50482704130583,-0.29719325352019155,-0.09820707365446424,1.640204903710152,0.3129991361868116,1.6698025588100287,0.025925612405999707
1781078609.0624886,76.46350312232971,183.56182516468795,-92.56017866737439,-0.3093604017622056,-0.11086783501959019,1.6399160414535718,0.32862674118276547,1.6725191054326278,0.027360850406372074
1781078609.1639574,76.56497192382812,183.48846216408324,-92.6420784369165,-0.30919394850334925,-0.09952030327636407,1.6455699388481666,0.3248156224003262,1.677320962784425,0.0392596476631626
1781078609.2640789,76.66509342193604,183.4098385349517,-92.72953264099317,-0.29609386767339174,-0.07569858312990618,1.6551605930989421,0.3056171689576084,1.6831394603268337,0.032220147987848356
1781078609.3632705,76.76428508758545,183.3563752500319,-92.78488277744226,-0.31109803900585575,-0.09163885771235414,1.6508443505384929,0.3243141534316904,1.6823991024192126,0.022821294325536114
1781078609.4662046,76.86721920967102,183.2913805185489,-92.85462409957067,-0.3135256659662673,-0.08545477862686823,1.6558327427788717,0.3249628631240168,1.687419015677007,0.0187290465519072
1781078609.5641615,76.96517610549927,183.22533675395104,-92.91993814982422,-0.3036963099363277,-0.0838727743108052,1.6582562120375166,0.31506521696235096,1.6879217267695048,0.02563522805408123
1781078609.6860392,77.08705377578735,183.1614080583245,-92.98412951166964,-0.3036214661590293,-0.08700866816467112,1.6520104573309038,0.31584252887847203,1.6819319410068323,0.01920310066389664
1781078609.7580576,77.15907216072083,183.1341519197366,-93.01291195473073,-0.34044609320929453,-0.12183936503512882,1.647425088843027,0.3615914452163312,1.6866409803520994,0.01983523502625642
1781078609.893743,77.294757604599,183.117361241852,-93.03174911788005,-0.36155731126041246,-0.13948560754906225,1.6529400782952008,0.3875305459434002,1.6977605327235448,0.006827990620774631
1781078609.965864,77.36687850952148,183.12155449203757,-93.0273225246849,-0.3974254416189922,-0.174141787641517,1.6552039646061099,0.43390361124221377,1.711131937723336,0.016547983176660046
1781078610.0628827,77.46389722824097,183.13098932221152,-93.01846343724213,-0.4091766387444409,-0.1890069342722427,1.6578146206467945,0.45072069277679117,1.717992566726488,0.012903769622812786
1781078610.1708748,77.57188940048218,183.13098988365525,-93.01292475025247,-0.39706133369230656,-0.17834040955612807,1.6617685729865623,0.4352734823006804,1.7178293845897374,0.008999463454078163
1781078610.292897,77.6939115524292,183.12144331814875,-93.01415089133444,-0.38740573605221584,-0.17927605861406448,1.6617140865867768,0.4268759884537342,1.7156680375525093,-0.046830486800058024
1781078610.3606915,77.76170611381531,183.12249302436925,-93.01525639491275,-0.38912342781969755,-0.18048111233210307,1.6583269155871005,0.428941107830416,1.7129035679066733,-0.018749867162472313
1781078610.4612145,77.86222910881042,183.12773454336585,-93.01082247293242,-0.39828404317384525,-0.1854894359440209,1.658078561977504,0.43935920372030046,1.7153020222640456,-0.04803202246151112
1781078610.562707,77.96372151374817,183.12878146032605,-93.00750289413595,-0.39670205965714445,-0.18190972356218538,1.6559668030029644,0.436421438133705,1.7125097734934391,-0.0506324991282142
1781078610.6593032,78.06031775474548,183.1256379089696,-93.00971984475603,-0.3947222979222147,-0.18601770934485273,1.6573592359076403,0.43635797307589064,1.7138401085034909,-0.05245658760817799
1781078610.7597167,78.1607313156128,183.12352152023288,-93.00752451186163,-0.392205972403616,-0.1893240604950961,1.655217500979669,0.43551018894099,1.7115531251529406,-0.051941004033566836
1781078610.8591373,78.26015186309814,183.12561744058132,-93.00420128834867,-0.3935215504116911,-0.18815806394513857,1.6563401996705576,0.43619109076871804,1.7128121685435056,-0.05479013468268033
1781078610.9591935,78.36020803451538,183.12561812109735,-93.00309500557078,-0.39611556257281677,-0.19444150694195628,1.6609372149319617,0.4412652700295345,1.7185538893151355,-0.055395718824625746
1781078611.0588653,78.4598798751831,183.1235228882912,-93.00531049628037,-0.39343115832798503,-0.19154029068690193,1.65491192174717,0.43757943198889376,1.7117853919345831,-0.055643791163327794
1781078611.1587107,78.55972528457642,183.1172315931526,-93.00973712915673,-0.3900914807259994,-0.19085099384922444,1.6566674109369992,0.4342757939239067,1.7126419286146592,-0.05214546369101124
1781078611.2599785,78.66099309921265,183.1077967701209,-93.01637927952954,-0.38345717757360376,-0.18312610734365364,1.654386465486199,0.4249406761226249,1.708089328872314,-0.05145386430982319
1781078611.3595128,78.76052737236023,183.09935663961977,-93.02750682538544,-0.37751464109464905,-0.17722835335197828,1.6521075175604436,0.4170457930163969,1.703932640409358,-0.0731286036821512
1781078611.46375,78.86476445198059,183.08992113436514,-93.03857625575002,-0.37651968912254574,-0.1738738255723291,1.6553415023234703,0.41472784270663,1.706503639852731,-0.08441741476018733
1781078611.6037316,79.00474619865417,183.0720998002621,-93.0562885392474,-0.36554720797374785,-0.16402709443075025,1.6570306578256973,0.40066151420469215,1.704781584232731,-0.08001013958200998
1781078611.6661491,79.0671637058258,183.06685823875364,-93.06182509063952,-0.3672351650182577,-0.1679673184341084,1.6538599369390492,0.40382506916724736,1.7024474668840646,-0.076512645756637
1781078611.774052,79.17506647109985,183.07106844525205,-93.05737984329616,-0.38939645634744124,-0.19009249992066657,1.6564206912431751,0.43331831110862756,1.7121607007289215,-0.07735761698318447
1781078611.868605,79.26961946487427,183.0804869576408,-93.04853576791268,-0.3996733246870008,-0.1996560604073636,1.6580939269789214,0.4467676229582327,1.7172293905032403,-0.07513444667994008
1781078611.967217,79.36823153495789,183.07943797937872,-93.05075196268488,-0.38855487262222255,-0.1885380167010169,1.6581793260613475,0.4318813179335551,1.7134993872649296,-0.08121321659061627
1781078612.0714726,79.47248721122742,183.0752447476186,-93.05629291754511,-0.38491227789452864,-0.18436340795571482,1.6533485515714768,0.42678721614757886,1.707544658523021,-0.07599741156926537
1781078612.1676981,79.56871271133423,183.0762937393444,-93.05407373697801,-0.38818385879503126,-0.18799855620328287,1.656820593107657,0.43131214377005395,1.7120410751816464,-0.07996812161158275
1781078612.26865,79.66966462135315,183.08153322932964,-93.04964349822112,-0.39855435485554835,-0.1955748078477626,1.659239375761138,0.4439539156703222,1.7176060040985017,-0.07877753735058515
1781078612.3659582,79.76697278022766,183.081516377156,-93.05298755619975,-0.39264551938478576,-0.1872632148945712,1.6545144317137168,0.43501496013999164,1.7107472111023774,-0.092644509066953
1781078612.4660492,79.86706376075745,183.0804695980111,-93.05852411823116,-0.3935619880609238,-0.18461469331489866,1.6492810258831896,0.43471096539450305,1.7056088431327177,-0.08587713463931904
1781078612.5684533,79.96946787834167,183.0804668882061,-93.06073522279037,-0.39450694524308005,-0.18160470994419597,1.6522382858523212,0.4342994364709009,1.7083639406622815,-0.09088271170482924
1781078612.6680646,80.06907916069031,183.0794193069445,-93.06294999044555,-0.39398190725202653,-0.17915805712705435,1.6507295482217366,0.43280405806263567,1.7065249467991448,-0.09018653276793843
1781078612.7677407,80.16875529289246,183.074179148274,-93.0695935510522,-0.390403351317417,-0.18137485678738585,1.653494640049703,0.4304783564762754,1.7086123434142726,-0.0922088911546265
1781078612.8677197,80.26873421669006,183.06579193402635,-93.07734194535772,-0.38791661123190124,-0.17492581115234884,1.6483038728442374,0.4255330030408326,1.7023466139157035,-0.08931179081873186
1781078612.964788,80.365802526474,183.05637617646573,-93.08728426178112,-0.37875644679351694,-0.16041034564992174,1.6467051391055367,0.41132459807210364,1.6972995434323792,-0.08206481820684022
1781078613.0661027,80.46711730957031,183.0469413655041,-93.09724887763774,-0.37857474971895044,-0.1658367053297809,1.6486349282760344,0.4133045535188338,1.699652252871489,-0.08986635715822408
1781078613.1676373,80.56865191459656,183.03226567848372,-93.11274638078703,-0.37326945368315023,-0.1560480616858797,1.6465518029005972,0.40457518783143087,1.6955276235567631,-0.08674200509917963
1781078613.2674947,80.66850924491882,183.01861861104672,-93.12826401217798,-0.37529446824882484,-0.15410132995560843,1.6422126095299334,0.40570082301155797,1.6915836995819538,-0.09649022104787125
1781078613.3674457,80.76846027374268,182.995555053568,-93.14929960974624,-0.3671049527081607,-0.15282737959151405,1.6485451558695912,0.3976458905303431,1.69582528144758,-0.09220427913067654
1781078613.4683948,80.86940932273865,182.9703963021647,-93.17365331112327,-0.3590209638160218,-0.1454528015390082,1.644097806362223,0.3873661961696339,1.6891152023529967,-0.09298792755060566
1781078613.5673585,80.96837306022644,182.94210950990163,-93.20241639064827,-0.3561094326192631,-0.1391621282740516,1.643852036654622,0.3823349656337713,1.6877291087019048,-0.08595401253614461
1781078613.6662846,81.06729912757874,182.91800042365077,-93.22898552187027,-0.36175403293412955,-0.14225439067499224,1.6432850822294929,0.3887187826828292,1.688634997117024,-0.08641146711277543
1781078613.7660675,81.16708207130432,182.88445512540005,-93.26330233420717,-0.3529645949985536,-0.1353970700951379,1.6399316174644505,0.37804281756547187,1.6829414968656544,-0.09451438381341697
1781078613.8656518,81.26666641235352,182.8551002653563,-93.29540656318113,-0.355153361704879,-0.13633628894686467,1.6398946745917158,0.38042278324790113,1.6834417239002806,-0.09552929622576857
1781078613.9644084,81.36542296409607,182.81421744128778,-93.336367696749,-0.34810826286366137,-0.1288804497832814,1.639790338631947,0.3712001252832451,1.681279836220304,-0.08809883686806212
1781078614.065018,81.4660325050354,182.7827864221964,-93.36955957301387,-0.35097208422291715,-0.13645588725574953,1.640718444144237,0.3765655495003921,1.6833771490743297,-0.09237745895343394
1781078614.1762335,81.57724809646606,182.73038627669777,-93.4215707558508,-0.3408256767729654,-0.12179945752178867,1.6402881873864688,0.3619354221409558,1.6797447983190599,-0.08646269197999963
1781078614.2666385,81.66765308380127,182.6874068042836,-93.46363595803332,-0.34636965767055017,-0.12267603524229287,1.6384285793165845,0.3674525130919401,1.67912761840753,-0.08670876808123906
1781078614.3657184,81.76673293113708,182.63603877259635,-93.51566653326641,-0.341274412484438,-0.1272438703290817,1.643490353845318,0.36422414411035753,1.6833656080410848,-0.08998693733642567
1781078614.4664774,81.86749196052551,182.5773508829046,-93.57653309780623,-0.3392834751119551,-0.11776622930263159,1.6383952924341942,0.35914086546674784,1.6772958282660617,-0.08413077149080349
1781078614.5665743,81.96758890151978,182.52495495404438,-93.6296512972867,-0.3456991770389948,-0.11885819612874116,1.6335268848966928,0.36556147471036465,1.673931084445447,-0.08404117576021919
1781078614.6762083,82.07722282409668,182.45786358280935,-93.6971801082033,-0.33428842693075467,-0.1147431783996069,1.6395995623547885,0.35343280743174155,1.6772601092982258,-0.09427609059416282
1781078614.7669697,82.16798424720764,182.40022332524578,-93.75583193255645,-0.3448697427869547,-0.12592558335637705,1.6422222280372227,0.3671408340590626,1.6827614918024254,-0.08566869084725436
1781078614.866315,82.267329454422,182.3331305687373,-93.82446627596698,-0.3334080336564966,-0.11139439680773933,1.6436962495321974,0.35152471968106547,1.6808649527172204,-0.09461138865684383
1781078614.9658318,82.3668463230133,182.27654001511922,-93.88090555660443,-0.3654865040058439,-0.14158841141487244,1.6384642290923486,0.3919536488634861,1.6846936495614226,-0.08677238893082544
1781078615.0662627,82.46727728843689,182.18114416924683,-93.97721681373481,-0.32505630799639107,-0.10323368861051563,1.6381146253335668,0.3410554175385249,1.6732418604505774,-0.09223645839551602
1781078615.1647959,82.56581044197083,182.10463635449543,-94.05358167910465,-0.30928618378064243,-0.0821917105400587,1.6322446624064304,0.3200209692490386,1.6633207924851345,-0.08578491869565318
1781078615.2669234,82.6679379940033,182.03441841937894,-94.12551991109407,-0.3131820933580798,-0.09040007021035024,1.6407763662651798,0.3259680909141035,1.6728425748971576,-0.08794679249770553
1781078615.366451,82.76746559143066,181.9443016108166,-94.2151511069569,-0.3037243974696082,-0.07523622194074164,1.636640329394858,0.3129041366140644,1.6662834592325226,-0.08847432871840859
1781078615.465957,82.86697149276733,181.8604584672392,-94.29926803611656,-0.2925779804848503,-0.07200901405941806,1.635219983047993,0.3013090983863629,1.662748196730305,-0.08715623542009862
1781078615.5672076,82.96822214126587,181.77554725495614,-94.38672313463921,-0.2939988336696615,-0.06365089457575834,1.6373427638446334,0.3008101570416391,1.6647456493091666,-0.09103804118225667
1781078615.6668282,83.06784272193909,181.69694510657217,-94.46641280659392,-0.29535166795406553,-0.0634168485735529,1.6362291847463248,0.3020832740259704,1.663881080324514,-0.0892072586655189
1781078615.7658064,83.1668210029602,181.61098419656022,-94.55940297365022,-0.30199106271655296,-0.07034581143263097,1.640442126463946,0.3100760151104698,1.6694901932698918,-0.0878241386676966
1781078615.866654,83.26766848564148,181.51453711702084,-94.66456724798951,-0.2854053677860975,-0.041756293426388424,1.6447709598749953,0.2884437761537389,1.6698716484957583,-0.09122159391127369
1781078615.9697685,83.37078309059143,181.41492674274897,-94.7697502108671,-0.2846088860544569,-0.04156279514666039,1.6482074369568567,0.2876276828845966,1.6731160865885704,-0.1003482476371945
1781078616.0685375,83.4695520401001,181.3425931784035,-94.8483484085434,-0.3026293773845907,-0.05079653384737526,1.6423473327509583,0.3068628812793958,1.6707691609858257,-0.09269627640121243
1781078616.1680887,83.5691032409668,181.2387924874018,-94.95574693438914,-0.2959997434945194,-0.044574889554553465,1.6408325050690284,0.29933721607515146,1.6679130908469797,-0.09668844688757786
1781078616.2673423,83.66835689544678,181.14339739299209,-95.05426994939963,-0.3005158786319839,-0.04818472021524656,1.640603624172616,0.3043543339139019,1.6685957605784862,-0.10074670964268077
1781078616.3720646,83.77307915687561,181.04903379670318,-95.15724105950436,-0.2933050852321344,-0.03349034731819245,1.6385745962158769,0.29521090153739715,1.6649553098358365,-0.10383843812438873
1781078616.4871902,83.88820481300354,180.9357998799467,-95.28346173489022,-0.2705283576786144,0.00558343748939194,1.6436459698818973,0.27058596985521305,1.6657697444099195,-0.10483467676763467
1781078616.5550215,83.95603609085083,180.87918735124032,-95.34767408389897,-0.30488098711356315,-0.023261288493898746,1.6426647779786347,0.3057670744958277,1.6708803298433237,-0.10304495854205345
1781078616.6872077,84.08822226524353,180.7617777293992,-95.47387242219783,-0.29706685277147926,-0.01118040356162453,1.6501856195631128,0.29727717106995033,1.6767487275833093,-0.10699945014885004
1781078616.7875633,84.18857789039612,180.64331756243666,-95.60007005610828,-0.27413037538866547,0.021455482268876835,1.6475691304344664,0.27496872627649993,1.6703568002048856,-0.10151215231902104
1781078616.8865232,84.28753781318665,180.5437277949513,-95.7052366630514,-0.2820098124620358,0.010893054258687584,1.6534881867302873,0.2822201143716644,1.677400183800088,-0.09991970098891274
1781078616.9871764,84.38819098472595,180.44309269650563,-95.81151023864402,-0.2745133245536522,0.029217836323113033,1.645813009986923,0.2760638464502424,1.6688054743316008,-0.09518845118134966
1781078617.0882807,84.48929524421692,180.3435036352263,-95.9166760514151,-0.2756775216108167,0.02867245676898733,1.649436778894992,0.2771645823308811,1.6725614766788508,-0.09532726732352392
1781078617.1841738,84.58518838882446,180.25123211810592,-96.00968265229493,-0.2846875573334273,0.022403028679804038,1.6446613223132582,0.28556768198537735,1.669269231163055,-0.10746524288236611
1781078617.2851286,84.68614315986633,180.14636384628227,-96.10824448672943,-0.2983052641180848,-0.008473636658237638,1.653104701169022,0.2984255905896412,1.6798252844108217,-0.10718033457194892
1781078617.3853223,84.78633689880371,180.04256008751327,-96.21010801032347,-0.2852193543904491,0.005092188539052245,1.6480322279457391,0.2852648076840567,1.672538858995754,-0.10774379778873394
1781078617.491294,84.89230847358704,179.93038822734735,-96.32302157371198,-0.28094178986486895,0.011077115368863133,1.6498237368535413,0.2811600821193707,1.673609678050039,-0.1015211563860955
1781078617.5873728,84.9883873462677,179.83182911915992,-96.42931304127391,-0.29115653534762487,0.005330889598369026,1.6548990566905615,0.2912053338445962,1.6803248002379936,-0.11258613399192384
1781078617.6879063,85.0889208316803,179.73433454691477,-96.53558812254755,-0.28897909004629696,0.012607815175570636,1.655209898462915,0.28925399130779017,1.680293926507235,-0.10554104057084543
1781078617.7555726,85.15658712387085,179.67667953425396,-96.59868876846984,-0.32228759881721203,-0.01725488251317131,1.6595316771927642,0.32274917090816446,1.6906248593133062,-0.1063427035621626
1781078617.887343,85.2883574962616,179.54143326122457,-96.74704900862754,-0.2869168663433186,0.03218562636806155,1.6564272179501123,0.2887164746545895,1.6814007050976643,-0.11407885997505214
1781078617.9864984,85.38751292228699,179.44392024715467,-96.85112724483588,-0.28144469657948434,0.038219789050288,1.6633398865672482,0.2840279379000709,1.6874156120391066,-0.11556613062987614
1781078618.084388,85.48540258407593,179.3453757378563,-96.95296988402998,-0.28567782648627826,0.03710382689419589,1.6601454131290672,0.2880772717798448,1.684954393225407,-0.10592176459913354
1781078618.1852088,85.58622336387634,179.24369298351033,-97.05371062382504,-0.28787177187899715,0.032458559433820255,1.6601757411561804,0.28969590111921195,1.6852617620561932,-0.11029417825114443
1781078618.2850876,85.68610215187073,179.15455119169948,-97.14452785618965,-0.29461237267088336,0.017860643965860845,1.6642301598334108,0.2951532699016609,1.6902004252847598,-0.12627187576789953
1781078618.3871205,85.7881350517273,179.04968309703503,-97.25415829305334,-0.28813334679057334,0.025895890777832165,1.6651003879168422,0.2892946986930701,1.6900445924687113,-0.11826233732671933
1781078618.4518843,85.85289883613586,178.99200743602287,-97.31395283072004,-0.3373010976425519,-0.011998181345603598,1.6672201170941134,0.3375144246198558,1.701040536163022,-0.10613300855479667
1781078618.5890248,85.9900393486023,178.86306265380318,-97.4512237155801,-0.29359100045925857,0.035704190761023824,1.669239769037218,0.29575406132218696,1.6952379984308967,-0.10769124272631843
1781078618.6585634,86.05957794189453,178.79805274043224,-97.51988115212701,-0.3317816233066253,-0.0002557287831592703,1.670359253667178,0.33178172186121097,1.702991235230752,-0.11976442485144707
1781078618.7864006,86.18741512298584,178.6795597273642,-97.64501130899417,-0.2926848476953694,0.03822676157028582,1.676516786562883,0.2951706377175973,1.7023026290873629,-0.130246348738684
1781078618.891389,86.29240345954895,178.59777061760659,-97.73026957364335,-0.3087711243012734,0.021274814596708325,1.6714299018251182,0.309503190514083,1.6998441521661687,-0.11640141307393956
1781078618.9511442,86.35215878486633,178.5338234947876,-97.7955836010325,-0.33012802877627223,-0.002833798214950889,1.6749912305523618,0.33014019112496784,1.707216497174083,-0.10529649378049705
1781078619.084771,86.48578548431396,178.434234347356,-97.89521284357586,-0.32723397815348676,-0.0038887108989769104,1.671635986109021,0.32725708323978636,1.703368447689839,-0.11032597042693262
1781078619.1866128,86.58762741088867,178.3283739179537,-98.00257719871387,-0.3248561824585465,0.00437237542134028,1.664567410021489,0.3248856059421002,1.695976214294886,-0.10736735175875192
1781078619.2913027,86.69231724739075,178.23092059743678,-98.0977449202359,-0.3014956021144428,0.017240813955012868,1.659864173727809,0.3019881516884094,1.6871117091008774,-0.10188122145673151
1781078619.3520434,86.75305795669556,178.18795802529903,-98.14089839511755,-0.3502628200135973,-0.032615935754620295,1.6617205493232898,0.35177811522183583,1.6985473282756425,-0.10718637439607948
1781078619.4946995,86.89571404457092,178.06115127897976,-98.2692805461005,-0.3137904141327681,0.006945862069983377,1.6638947664690238,0.3138672792782155,1.693239044814558,-0.10416710711019901
1781078619.5677414,86.96875596046448,178.00245127536334,-98.32795151456972,-0.3528282908344238,-0.032715114184455274,1.6566712422441159,0.35434175806591395,1.6941421682928222,-0.11573745532444871
1781078619.6914947,87.09250926971436,177.90182650488322,-98.42645288555994,-0.34491697095526774,-0.024653874529349196,1.6537992242137256,0.34579694964280105,1.6895642646529272,-0.11345645589312013
1781078619.7509441,87.15195870399475,177.8431529588345,-98.48287521021844,-0.3640483569697892,-0.04566319204762692,1.657026930411126,0.36690098571737517,1.6971607411874987,-0.10725105682069953
1781078619.9009674,87.30198192596436,177.72370808666912,-98.60348394206687,-0.3193548010328868,-0.004100371444806683,1.6578405112486714,0.3193811234070356,1.688324454222587,-0.10003873619601171
1781078619.9568026,87.35781717300415,177.68493505171566,-98.64443060707492,-0.37510119512188567,-0.051493582064154,1.6544255372775833,0.37861919599468896,1.697196616179718,-0.11662235124821449
1781078620.0587225,87.45973706245422,177.60111066374768,-98.73184679580407,-0.36498838402280853,-0.03781628778941126,1.6555672158365593,0.36694221901241175,1.695744496746656,-0.11303709722041375
1781078620.1953833,87.5963978767395,177.49528539583923,-98.8391756849339,-0.3174706813568946,0.006273211152816316,1.654681594842941,0.31753265454025154,1.6848733385662429,-0.09986931291944225
1781078620.2682462,87.66926074028015,177.45023019599338,-98.88453905947588,-0.35917842016604595,-0.04170698886163393,1.6504033589798037,0.36159177318196983,1.6895501939169193,-0.10629300978004465
1781078620.3928487,87.79386329650879,177.35382198906143,-98.98191621514853,-0.33438385570445917,-0.0031462167793847584,1.6423255794787124,0.3343986567494006,1.6760237977564316,-0.1098244918944444
1781078620.449567,87.85058164596558,177.31819304138187,-99.01954109578956,-0.3753118278783063,-0.04352925998074397,1.6508193251717476,0.37782769170592384,1.6935047118270237,-0.11691880496230385
1781078620.599247,88.00026154518127,177.20813925719034,-99.12801100257951,-0.33668334083699847,-0.006464776892244117,1.6539759687707263,0.33674540136047737,1.6879081641512643,-0.11346927004430328
1781078620.6615078,88.06252241134644,177.16518069781483,-99.17116198218174,-0.36892057679469303,-0.03653732458263903,1.64764330382116,0.37072546185848376,1.6888356417061114,-0.11167001644240528
1781078620.795056,88.19607067108154,177.06670957839395,-99.2696138593535,-0.3359567345162304,-0.006885547599708275,1.6443493304291574,0.3360272879284609,1.6783322253699875,-0.09878463723142769
1781078620.860935,88.26194953918457,177.0174572458208,-99.31941106652037,-0.3534914005855967,-0.02625814501665502,1.6484456912070549,0.35446531631131767,1.68612539786541,-0.11359549842590438
1781078620.9961617,88.39717626571655,176.92838742218896,-99.41014934673464,-0.3315554573609347,0.001981639330367102,1.644877574741005,0.33156137923505846,1.6779616157964117,-0.10684942317979945
1781078621.059714,88.4607286453247,176.8812141164036,-99.45885886582884,-0.36067196240819044,-0.026922529865927913,1.6490503586334688,0.36167538910154906,1.6882464785661273,-0.11663896962042092
1781078621.166801,88.56781554222107,176.80474073492715,-99.53186634835147,-0.3537941016899424,-0.02571394723547371,1.6514977046184418,0.3547273227043866,1.689164332394277,-0.10684140616952528
1781078621.263702,88.66471648216248,176.7355862617075,-99.59713936786228,-0.35158500016444805,-0.020940859729350336,1.6507127831999235,0.3522080804678383,1.6878694335067737,-0.10924655773175278
1781078621.3677058,88.76872038841248,176.66957930216853,-99.66352327645389,-0.36203762354088553,-0.027669164957131898,1.6499069833621691,0.36309340884758146,1.6893874266419204,-0.11105272378880908
1781078621.46751,88.8685245513916,176.61195896812168,-99.72326822634153,-0.37082400472516497,-0.03082148224157777,1.651441434928352,0.37210268239825556,1.6928435306448708,-0.10321848934680596
1781078621.5676997,88.96871423721313,176.54073136231287,-99.79517104538614,-0.372749342492142,-0.0299072113217278,1.6540363189016538,0.37394720699233286,1.6957808401627552,-0.101942499768942
1781078621.6657238,89.06673836708069,176.48311342073342,-99.85269963019336,-0.374791000797984,-0.029343088723891242,1.656143000018385,0.37593790861658605,1.6982752861785715,-0.10724621650218322
1781078621.7663703,89.16738486289978,176.41186494104502,-99.92129767785406,-0.37099522326684564,-0.03395759528480369,1.657316821136111,0.3725460695864918,1.698672899526288,-0.10080678964424958
1781078621.8677995,89.26881408691406,176.3479361828013,-99.98437754074885,-0.37443199404000893,-0.03320938173312982,1.6639778388686974,0.37590182387941934,1.705908681448692,-0.10696279239290091
1781078621.9663517,89.36736631393433,176.28402593021144,-100.04633349670765,-0.37211762514994007,-0.031170492357020407,1.6580789541965473,0.37342084374203105,1.6996084681156793,-0.10702182507460577
1781078622.0684962,89.46951079368591,176.22745071448966,-100.10164744297016,-0.3802772752775354,-0.0409935161649031,1.6620792245219045,0.38248042362984885,1.7055200447509855,-0.10809146772384953
1781078622.164218,89.56523251533508,176.16142451803742,-100.16472815417976,-0.37287072062292737,-0.035881183879965306,1.6615435882449547,0.3745931575115715,1.7032460565908873,-0.1124318548865224
1781078622.2645237,89.66553831100464,176.08807860233472,-100.2333254774452,-0.3659997657748306,-0.03356375204332096,1.6640964549918236,0.3675355139281868,1.7042005062535368,-0.09905775557056551
1781078622.3665054,89.7675199508667,176.0241499074133,-100.29640697233071,-0.36303472315924523,-0.030460196184037613,1.6557970320924547,0.36431035364216574,1.6954013817550877,-0.10307923815846448
1781078622.4649758,89.86599040031433,175.96757630409644,-100.35171931903875,-0.36802883088677163,-0.03095349614673637,1.6558766145075485,0.3693282270387548,1.6965643818495573,-0.1106375634431679
1781078622.566921,89.96793556213379,175.9036267002093,-100.41260299901246,-0.36527037279844876,-0.03367852265819238,1.660781884836747,0.3668196943087382,1.700809559337745,-0.11941327574461254
1781078622.6801553,90.0811698436737,175.82607067076722,-100.48454145035282,-0.3522499629262654,-0.020616759104370885,1.6594367785469863,0.352852783944697,1.6965363270887903,-0.11473003246348301
1781078622.7971532,90.19816780090332,175.75585448077675,-100.55205335264945,-0.34941453274240075,-0.022845069225382986,1.6607910509835822,0.3501605530031942,1.697303546189265,-0.10073387787705147
1781078622.8645904,90.26560497283936,175.71182526213806,-100.59522703193146,-0.3647192266817001,-0.03665216157621387,1.6594655672749945,0.3665562647936961,1.6994674060513268,-0.11801515878064932
1781078622.9651792,90.3661937713623,175.64892477984048,-100.65721846315705,-0.3757793606432074,-0.048226462476506526,1.6611215206811687,0.37886134609961947,1.7037783382936096,-0.12464217433266656
1781078623.0753357,90.4763503074646,175.5796982055575,-100.72588973621198,-0.3681944110348354,-0.03435360171765467,1.659808931580637,0.369793583324893,1.7005037440779482,-0.13920318968947215
1781078623.1749299,90.57594442367554,175.51468486386852,-100.79122292230734,-0.3714952557659217,-0.0416512848901931,1.6633811349960668,0.37382289200849056,1.7048696005414594,-0.13397113704111338
1781078623.2678416,90.66885614395142,175.45071825636018,-100.85655456884665,-0.35436193689000106,-0.02713245224269656,1.6704728391405927,0.35539914502026493,1.7078606672054861,-0.1243939662318607
1781078623.36591,90.76692461967468,175.39407149665374,-100.91415568356297,-0.3642583427005093,-0.03587556754519028,1.6675400621234098,0.36602075975770987,1.7072378438167766,-0.12927344798460536
1781078623.4676278,90.86864233016968,175.3311356916355,-100.97840123154394,-0.3631240062096879,-0.03503406231259021,1.6683403659456677,0.36481012788558365,1.707760523624908,-0.13560237236054426
1781078623.5753157,90.97633028030396,175.2587649982409,-101.04818035838923,-0.348781862002312,-0.02907824286408811,1.6717284364444684,0.3499919020061217,1.707972569067469,-0.13576405981586226
1781078623.6658466,91.06686115264893,175.20002318461445,-101.10578149846762,-0.35247702675869164,-0.038280208143007144,1.6724288633169988,0.35454961391619,1.7095975349724588,-0.13571465699073387
1781078623.7678876,91.16890215873718,175.1287201279345,-101.17775689309171,-0.34713734526093276,-0.0356091179513669,1.6720013863839127,0.34895894565991914,1.7080283902282798,-0.13353130153890852
1781078623.8674805,91.26849508285522,175.06475369688084,-101.24419565786039,-0.34092202250164405,-0.024968474796807527,1.6749561230892014,0.3418351213089291,1.7094821626546146,-0.12733599692403985
1781078623.965459,91.36647367477417,175.00810782696968,-101.30511861715979,-0.34603604970516244,-0.026645130170180664,1.6694187606120594,0.34706038474210726,1.7051128727860934,-0.1380579507795646
1781078624.0677161,91.46873068809509,174.93678634862337,-101.37932657224411,-0.3445043484336736,-0.022656320870609647,1.6757538665039855,0.3452485408587588,1.7109493201343398,-0.1342046013399414
1781078624.1683888,91.56940340995789,174.86755985699028,-101.4446784902152,-0.3349159999720541,-0.019715693301279202,1.6709243687550608,0.33549580563642084,1.704272772093461,-0.13475947257997492
1781078624.2682786,91.66929316520691,174.7952051948891,-101.50890332695022,-0.32648916647704596,-0.02869716180887849,1.673343880938792,0.32774792588628415,1.7051388350507004,-0.1351071151364687
1781078624.3754566,91.77647113800049,174.72496720496292,-101.57532204950597,-0.3288391788750289,-0.03085627389130252,1.6770123370479557,0.330283688973068,1.7092272212355806,-0.12553265978104067
1781078624.4667537,91.86776828765869,174.65366174286896,-101.64286716205463,-0.3200722379592946,-0.02375445186184777,1.6775194040784536,0.3209525066042142,1.7079466802436363,-0.13035131015059964
1781078624.5652778,91.96629238128662,174.59390709211476,-101.70596637439519,-0.33329379021051864,-0.031878621489397574,1.6753582352076213,0.33481486989223985,1.7084865271283098,-0.1284845265819737
1781078624.6687284,92.06974291801453,174.51842698345675,-101.78456460499096,-0.33276593672869126,-0.026348795992035434,1.6734679824098957,0.33380747100260244,1.706435617258442,-0.13053610155699324
1781078624.7686067,92.16962122917175,174.45552585609346,-101.84876937906876,-0.33452861726610195,-0.026512133388408188,1.6711301787272157,0.33557754541502754,1.7044906462751948,-0.1288136886020786
1781078624.8676238,92.26863837242126,174.38423900900742,-101.92072552644503,-0.33467689790592203,-0.029296441250721728,1.6677840380203461,0.3359567047431677,1.7012849570067146,-0.12634859992136813
1781078624.9662547,92.36726927757263,174.31295592636621,-101.99379087977192,-0.32001511518359393,-0.0172122369083354,1.667100075875799,0.32047766699936764,1.6976243983963155,-0.12557108699222705
1781078625.068613,92.46962761878967,174.2416713366243,-102.06685475513666,-0.3224057580059423,-0.01595317792964579,1.6654472196682375,0.3228002117122,1.6964416931277373,-0.12978045791472417
1781078625.1747427,92.57575726509094,174.1577869089324,-102.14325833772493,-0.31253349704903144,-0.015154226725499598,1.6664176363463963,0.3129006829096811,1.6955396120679855,-0.13880747328453266
1781078625.2686615,92.66967606544495,174.07390247572735,-102.2207674037938,-0.2967143798956329,-0.010253013841079905,1.6692435692406904,0.2968914743297209,1.6954405448086567,-0.13569121235617201
1781078625.3693717,92.77038621902466,174.0068080451372,-102.28497219014486,-0.30679307925541366,-0.022441114436773546,1.669221082154548,0.30761273883924717,1.6973286712376547,-0.1287751781083732
1781078625.4770672,92.87808179855347,173.9250395349663,-102.36578596941416,-0.29229279123219953,-0.006720355734515238,1.6662919978851622,0.29237003777321063,1.691747398757756,-0.12572373134959408
1781078625.580234,92.98124861717224,173.85166052402647,-102.44106459054193,-0.30212861570143446,-0.010989445855187796,1.6661767723001115,0.3023284114102893,1.6933834488674697,-0.13202569565327005
1781078625.6670926,93.06810712814331,173.78668424555562,-102.50968181030892,-0.3039283884374129,-0.01429653612109405,1.6741361432032924,0.30426445116579864,1.7015606607531861,-0.12349722505055662
1781078625.7703433,93.17135787010193,173.71225396565757,-102.58606752380737,-0.3028542822447662,-0.009063875858927872,1.670067357651082,0.3029898845169234,1.6973296230288464,-0.13065062530154617
1781078625.8640845,93.2650990486145,173.6461909813755,-102.65472189653276,-0.3183611097334449,-0.026315881813332,1.671072481152442,0.31944689985398794,1.7013317016652874,-0.1357526465534741
1781078625.968047,93.36906147003174,173.56442169204655,-102.73885440710156,-0.31906708954184637,-0.022502582427179618,1.6698750372580804,0.3198596158388811,1.7002331645695752,-0.13799372228989165
1781078626.0659006,93.46691513061523,173.49628123829908,-102.8074894599098,-0.3371962110561526,-0.03745186980331994,1.666576150415421,0.3392696969998798,1.700758652024406,-0.13222164638860157
1781078626.1662579,93.56727242469788,173.41556249707466,-102.89383821823908,-0.3287503095682496,-0.025870754698985365,1.6701647894271376,0.32976667810728694,1.7024090242453809,-0.13449798559469944
1781078626.2679787,93.6689932346344,173.34534306425317,-102.97241850952244,-0.33764594658410374,-0.02229069443465903,1.674784566402204,0.3383809396273005,1.7086266427052088,-0.13636489141491634
1781078626.3635948,93.76460933685303,173.27825084085148,-103.04326442144726,-0.3465058957422116,-0.028634263781157188,1.673220555551201,0.34768700989021906,1.7089626339874933,-0.13074286054367285
1781078626.4667017,93.86771631240845,173.2100904314934,-103.11302503892625,-0.36589004405701075,-0.046734419358671175,1.6743124164741747,0.3688626170986068,1.714462510016601,-0.13759309011512946
1781078626.5719151,93.97292971611023,173.1199354212063,-103.20822999359098,-0.3355447719242193,-0.016694883622704992,1.678493579404813,0.33595983852962547,1.7117855324800575,-0.12823528738381212
1781078626.6682131,94.06922769546509,173.04445679522317,-103.28793517904028,-0.3341901858678682,-0.008729452227285606,1.6740205135374067,0.3343041783564614,1.7070746800918322,-0.1342658109538501
1781078626.7668436,94.1678581237793,172.96792907939948,-103.36653260360566,-0.32625930008921955,-0.0010983065185712348,1.6718897721032266,0.32626114873198764,1.7034264725063113,-0.12913612939118355
1781078626.8720124,94.27302694320679,172.89141908040196,-103.44511073246252,-0.33394465672643037,-0.008100499583534315,1.6748378817226754,0.3340428892367509,1.7078251028436533,-0.1202669536413341
1781078626.9651775,94.36619210243225,172.8222487178732,-103.51483422703659,-0.3388095242618476,-0.011887078875403745,1.6801355000008977,0.3390179882760347,1.7139978105989506,-0.11888782002133914
1781078627.066889,94.46790361404419,172.74575941102864,-103.59229061807112,-0.33548956450133005,-0.006286825916404837,1.6788593567068038,0.3355484645612244,1.7120635244264093,-0.12112324048612146
1781078627.1670494,94.5680639743805,172.6671749167841,-103.66974702944418,-0.34102045369871803,-0.011796933653229758,1.6788356701983196,0.3412244385803839,1.7131617918383364,-0.1158023223200156
1781078627.2662537,94.6672682762146,172.58229971967322,-103.74830818183851,-0.32861026132886195,-0.010707883686777109,1.683568090416155,0.3287846751654835,1.7153719356720196,-0.12290192346368353
1781078627.3704963,94.77151083946228,172.49216001863178,-103.83242146358357,-0.30831537495319594,0.003277086650257388,1.6822039521411174,0.3083327905517723,1.7102278346257371,-0.12471199525366944
1781078627.4687266,94.86974120140076,172.41986021287644,-103.90101796881488,-0.3173581202027549,-0.0064625173156542814,1.6846821235122975,0.31742391307001644,1.7143254643942571,-0.11666815637270682
1781078627.5749695,94.9759840965271,172.3360526620377,-103.9873104553045,-0.31836512676315465,0.0010037507457809625,1.6797968357706028,0.31836670908636033,1.7097001991341667,-0.11098101348860966
1781078627.6677475,95.0687620639801,172.2606124826432,-104.06587314917651,-0.333392889856583,-0.00629520005094264,1.6803450212637439,0.3334523182564564,1.7131111578168117,-0.11738204046766983
1781078627.769533,95.17054748535156,172.18307415624318,-104.14332888728975,-0.33477921939382327,-0.0060192605008779765,1.6784609922698013,0.3348333275450864,1.7115328392427183,-0.11858249188698847
1781078627.8645713,95.26558589935303,172.11287324979537,-104.21192616215457,-0.3399770137019402,-0.013360338685757256,1.6767999927403325,0.34023942819063074,1.7109708016647935,-0.12232784430298024
1781078627.9667213,95.36773586273193,172.03003718671218,-104.29829118883103,-0.3350188031449761,1.440407550035161e-05,1.6744631607073817,0.3350188034546265,1.7076488149600093,-0.14136567418703
1781078628.0642407,95.46525526046753,171.96292882529798,-104.36915951061482,-0.35505879955104547,-0.011397403091066849,1.6766054118099147,0.3552416810227225,1.7138268170518698,-0.13256974696957424
1781078628.1761844,95.57719898223877,171.88007652321292,-104.45554536961298,-0.3417696127590091,0.001852733012583485,1.6821996673739974,0.34177463455478807,1.716567977604804,-0.13945432005277533
1781078628.2707543,95.6717689037323,171.80457489142827,-104.5330519591269,-0.3393674480722666,-0.0040759025195313825,1.6836930040362597,0.3393919235816187,1.7175590265353546,-0.1327600916064779
1781078628.3731627,95.77417731285095,171.72488218098792,-104.61056087813358,-0.3421302831002606,-0.0011102396849764773,1.6854579907150675,0.34213208450307986,1.7198322597601474,-0.130206289827376
1781078628.4708297,95.87184429168701,171.6462200726929,-104.69030154690084,-0.3312345624478894,0.008809760481568674,1.6858546146071056,0.33135169720372243,1.7181093471696904,-0.1372388857806481
1781078628.5685222,95.96953678131104,171.56967531523566,-104.77002598839553,-0.33848996888238503,0.005411586113623912,1.6859393685428996,0.3385332248070537,1.7195918988821428,-0.13364264889688418
1781078628.6786904,96.0797049999237,171.48582857942043,-104.85635627867651,-0.33256448913658687,0.010050235455437928,1.6919506433601434,0.33271631560142756,1.7243541185714124,-0.11543924432962384
1781078628.7511945,96.15220904350281,171.43446118272055,-104.91170708633905,-0.3634770459419485,-0.015750989865480847,1.69705113645313,0.3638181642090288,1.735611193886836,-0.126244155310073
1781078628.883349,96.28436350822449,171.33803036927873,-105.01131699483697,-0.3449604608982497,0.011983520960697547,1.6930132497295427,0.3451685448556232,1.7278411929681312,-0.11308153215584264
1781078628.983544,96.38455867767334,171.26152184401056,-105.08657413525732,-0.3446674980469311,0.01049780682173207,1.688242503231739,0.3448273309324504,1.7230985572149278,-0.11478190436977494
1781078629.0443869,96.44540143013,171.21646134760726,-105.13194480536743,-0.3718564492015446,-0.018020255264232787,1.6872788227855247,0.37229282616318166,1.7278633551971274,-0.11918391800428005
1781078629.1828396,96.58385419845581,171.1106199172484,-105.23818292941678,-0.3455532429218522,0.013064528852993362,1.684701383303798,0.34580012378245223,1.7198245481774268,-0.11098931715433862
1781078629.2857127,96.68672728538513,171.02993660040545,-105.32449466060241,-0.34980426194633196,0.016144573578685595,1.6836908580877459,0.3501766253362089,1.7197204931441927,-0.11289483613463226
1781078629.3491445,96.75015902519226,170.9869563732859,-105.37209553659552,-0.3733540708418559,0.002787267842521146,1.6868935534820644,0.3733644748449047,1.7277184064122133,-0.12241753264803454
1781078629.4791741,96.88018870353699,170.89367264391066,-105.47502865246031,-0.3604204249247118,0.023888672552544676,1.6943343315900918,0.36121122820204876,1.732409414250591,-0.11767541023464506
1781078629.5847492,96.98576378822327,170.82030841370607,-105.55139352975283,-0.366078298173079,0.02502316339401034,1.6960878571567728,0.3669325266306342,1.7353251851725642,-0.11171018548591509
1781078629.6532419,97.05425643920898,170.76894098014895,-105.60342331647499,-0.3923001340406813,-0.003325832890268998,1.6965965077909286,0.39231423162147777,1.741364455414525,-0.12100154307798824
1781078629.7802532,97.18126773834229,170.67356143253653,-105.70082076967073,-0.3747000372418654,0.02276776574298367,1.6895580649689657,0.3753911147936012,1.7307584880530438,-0.12150484388284444
1781078629.8480334,97.24904799461365,170.63686900203743,-105.73735230990734,-0.40476318766269515,-0.011461656409238685,1.691699429106608,0.40492543468459674,1.7394860062944264,-0.12002396883248355
1781078629.9845097,97.3855242729187,170.5184086917202,-105.8569093497006,-0.36227629036224585,0.03255547253485247,1.6923194789756912,0.36373612599052874,1.7309677028388348,-0.12184889776992536
1781078630.0837202,97.48473477363586,170.45238474588294,-105.92552739475248,-0.3777898044571941,0.01940006419968654,1.6880809356302828,0.37828758748174246,1.729947613103116,-0.1099520253885684
1781078630.1804402,97.58145475387573,170.37900334797502,-106.00080677863401,-0.37287588985344655,0.02780814454042968,1.6902540634026348,0.3739113827323007,1.7311177085876914,-0.11893368943336548
1781078630.2835097,97.68452429771423,170.29094131752973,-106.07829423471135,-0.36457867082719986,0.0247736860420531,1.6958472404220277,0.36541940663057015,1.7347706492759338,-0.12151533071794673
1781078630.3854108,97.78642535209656,170.21441208888086,-106.13917951670496,-0.3581301107556669,0.01473764276879308,1.6937913009683527,0.3584332215967806,1.7313010557324546,-0.12080440777898305
1781078630.4519963,97.85301089286804,170.15465734143834,-106.18678060854793,-0.3715250711846352,-0.0154231378646017,1.6925679099298072,0.3718450641064619,1.7329324514892364,-0.11721244750433524
1781078630.598226,97.99924063682556,170.04353523575506,-106.29748301649008,-0.34223217243368254,0.018274141410444145,1.689876061120152,0.3427197165220681,1.7242789525015743,-0.11993515225688291
1781078630.663244,98.06425857543945,169.99950736058946,-106.34176371597192,-0.37780031411847403,-0.008932124476061176,1.691693465929627,0.37790588801403124,1.7333896396553972,-0.12366274791142233
1781078630.807597,98.20861148834229,169.88945275383028,-106.45244838516334,-0.3303395400280067,0.034845852256879084,1.6957964746314944,0.33217231240039147,1.7280231851737489,-0.1107378293965332
1781078630.8845918,98.28560638427734,169.83808603961376,-106.50447596746312,-0.35469569139539203,0.014340003307012239,1.697583894839789,0.3549854492641921,1.7343026694348158,-0.12254795603963675
1781078630.979071,98.38008546829224,169.7636741238514,-106.57641358355067,-0.3443549323004902,0.01763701099798709,1.6980333271533041,0.3448062986034598,1.7326882476891041,-0.10879037352415605
1781078631.087647,98.48866152763367,169.684001481822,-106.65722652348711,-0.3435423042707839,0.02273209097748463,1.696696736270223,0.344293570639779,1.7312763724067615,-0.12630729272071656
1781078631.1884592,98.58947372436523,169.61166775403564,-106.72918115128405,-0.3510505953757388,0.014596819515531934,1.6988750610589165,0.3513539350194184,1.7348273864398056,-0.12218642476894025
1781078631.279801,98.68081545829773,169.54667290577507,-106.79449441942364,-0.35129942885646415,0.021176774315151192,1.701264293519571,0.3519371314386602,1.7372852215137036,-0.12441064385291553
1781078631.379877,98.78089165687561,169.4701643692453,-106.87196855539639,-0.3491534641457008,0.01827139625376617,1.6932024515017203,0.3496312134893069,1.7289235168790553,-0.1121865021003113
1781078631.478886,98.87990045547485,169.40202322165746,-106.94170837566801,-0.34154908037754694,0.035501327236630686,1.6989312780201695,0.34338916485863435,1.7332869370007833,-0.12085277401559164
1781078631.5889363,98.98995089530945,169.31186675440432,-107.02916125772701,-0.3368357745026458,0.03796601358691021,1.6940230240250211,0.33896866694796246,1.7276034739196828,-0.12326786770234836
1781078631.6460173,99.04703187942505,169.26783749286045,-107.07344337265974,-0.36343057430195813,0.005516937954794798,1.6956265943653064,0.3634724459183229,1.7341458319474563,-0.12479448818661232
1781078631.784034,99.18504858016968,169.17242090328446,-107.16755678853015,-0.3391223830264778,0.029271181558755188,1.7003020097803583,0.3403833026742098,1.7340379803229595,-0.12321723159391147
1781078631.8845258,99.28554034233093,169.09274763708206,-107.2472591019251,-0.34371432300270044,0.030373792711088754,1.6970792312729874,0.3450537684490069,1.7318025350307622,-0.1236638357773027
1781078631.9841776,99.38519215583801,169.02565611295987,-107.31257241168011,-0.34431329202337224,0.027416067599489224,1.6980948429448872,0.34540307443129653,1.7328673865771187,-0.12418032714407537
1781078632.0465481,99.44756269454956,168.9753363174336,-107.36460145277826,-0.3724414715889566,0.006697384861539035,1.7035231210202593,0.37250168418858337,1.7437742194945813,-0.12900446524011186
1781078632.194762,99.59577655792236,168.8736523626993,-107.46755687502196,-0.34976674267534236,0.02936253277863443,1.7014106594676703,0.35099705499176986,1.7372383730401273,-0.13917830392449068
1781078632.2510848,99.65209937095642,168.82962445152188,-107.51183899972172,-0.3773174234293606,-0.0012096427942509536,1.7006279043202788,0.37731936242268443,1.741983114215475,-0.13393932743087297
1781078632.3839324,99.78494691848755,168.73527470355873,-107.60482694603537,-0.36219724956890786,0.005758708219730124,1.7049764800516398,0.3622430265935312,1.7430332205224666,-0.12977996654635324
1781078632.484531,99.88554549217224,168.65560138680635,-107.68342368438569,-0.34505550735892143,0.023803697860898865,1.7065566819226485,0.34587558339752117,1.7412540388482707,-0.12534977406856243
1781078632.5944958,99.99551033973694,168.58326764179654,-107.75537836329586,-0.3502132358372876,0.027699037555123596,1.705060779156747,0.3513069131644064,1.7408758737646164,-0.12282904401025943
1781078632.6517785,100.05279302597046,168.5465766039866,-107.7919099170106,-0.3732410755644935,0.00021994800155766825,1.7045148160737085,0.37324114037129313,1.7449010593957617,-0.12293263273016779
1781078632.7864554,100.18746995925903,168.4354551659261,-107.90039617783182,-0.3311931397517185,0.041764426100201035,1.7084072532907681,0.3338160617856494,1.7407149411097118,-0.12581773053118922
1781078632.8839414,100.28495597839355,168.36104261448244,-107.97233310307914,-0.33372251236630746,0.04031662788482038,1.7033414569048273,0.3361489933706232,1.7361936137869944,-0.11851281144759997
1781078632.9860368,100.38705134391785,168.2855638756506,-108.04428922363978,-0.3214921547545373,0.04425015049386616,1.7057303898520129,0.32452316001703974,1.7363269980773048,-0.1253496950806828
1781078633.092731,100.49374556541443,168.21953918562738,-108.10958404957573,-0.3327618487853101,0.0367948421078097,1.7022762892984695,0.3347899467020422,1.7348858387572719,-0.12463631024952515
1781078633.1589599,100.55997443199158,168.16081500096124,-108.1682744134209,-0.3481942627781507,0.0192791902263707,1.7026815889887588,0.34872758968484907,1.73802633043596,-0.13383948413655938
1781078633.2932057,100.69422030448914,168.06642958671887,-108.26240641750377,-0.3241355730319242,0.043222371011623295,1.701267924496055,0.32700465296475567,1.7324100536477254,-0.14200246375791886
1781078633.35075,100.75176453590393,168.0150429753719,-108.31445399264261,-0.34637719932732125,0.02476160594534349,1.6950845337696179,0.3472611428634527,1.730289535877679,-0.1220072834870012
1781078633.4872928,100.88830733299255,167.92065758493604,-108.4096930376857,-0.32034598725985575,0.04748992043509759,1.7034668366826597,0.3238469454795329,1.7339769628729358,-0.13462227454471498
1781078633.5870814,100.98809599876404,167.8493345377434,-108.48389946381381,-0.32234376984499136,0.04796062625418074,1.6981709823728075,0.3258922024666653,1.7291588744246724,-0.13555838995367211
1781078633.6557288,101.05674338340759,167.79897777732324,-108.53596556467606,-0.35159450603376285,0.021660329359065145,1.690843518197036,0.3522610772439511,1.7271478424182451,-0.1430295061545243
1781078633.782071,101.18308568000793,167.71298028102876,-108.62456527550901,-0.3338272658198207,0.04042960477924851,1.693241871870937,0.33626655549926976,1.7263091359905207,-0.13881111886956443
1781078633.883196,101.28421068191528,167.64165854696085,-108.6987730865011,-0.3316178921203061,0.043674657898534974,1.692054054400313,0.3344815422663395,1.7247970388220775,-0.13884216254577633
1781078633.9852102,101.3862247467041,167.57033484191675,-108.77297884518534,-0.3316527059055545,0.04191521019832578,1.6940606437946433,0.33429089455210426,1.726728660512232,-0.1417930371995458
1781078634.0840445,101.48505902290344,167.49794569095658,-108.84720454363372,-0.33035295873625614,0.04583119209037534,1.6936599809825776,0.3335169793492131,1.7261858841666295,-0.1564762198062254
1781078634.1879416,101.58895611763,167.42033473503113,-108.92805379321483,-0.3219060704531671,0.05180861608813814,1.6941465775934839,0.3260485407045513,1.725236296067087,-0.1501395676884836
1781078634.2838569,101.6848714351654,167.35219550302392,-109.00001115137353,-0.32241028504736846,0.05170090658121751,1.6960245794664819,0.3265292875771562,1.727171314548763,-0.11938553141669767
1781078634.3828666,101.78388118743896,167.289315028449,-109.06530655216064,-0.33880234495998707,0.04134480444903943,1.7014446567212147,0.34131572159119095,1.7353415634077596,-0.114832221214311
1781078634.4838946,101.88490915298462,167.218047312496,-109.13613500416962,-0.33434577247942343,0.040665421122042744,1.706271931862403,0.3368096970841182,1.7391965609186766,-0.12032930988156558
1781078634.5854378,101.98645234107971,167.14363406659868,-109.20807124779984,-0.338960875829855,0.030737752390336937,1.7049681780319732,0.3403517074517947,1.738607423447576,-0.12398669833101106
1781078634.6893008,102.09031534194946,167.07027177445354,-109.28111582628841,-0.3452209266629893,0.032527612481203505,1.6971324241562455,0.34674995858655905,1.7321934068983853,-0.11737172429367651
1781078634.7515163,102.1525309085846,167.018922813253,-109.33202143632059,-0.3673926914846959,0.012047918067722208,1.6955662916914227,0.3675901822493842,1.734954636757497,-0.11724763954275218
1781078634.8855667,102.28658127784729,166.92459290472536,-109.42609799153334,-0.33793859032007845,0.039566167890839665,1.6963215254895663,0.34024692866958833,1.7301082886074899,-0.12068251954217439
1781078634.9556017,102.35661625862122,166.86592223901135,-109.48473217019357,-0.34341642576262643,0.03629721955778109,1.6992426295462086,0.34532930607060164,1.7339774634343772,-0.12227525669074268
1781078635.0829396,102.48395419120789,166.77790134155873,-109.57214878878986,-0.33814600059309896,0.04627133347761969,1.6986725360703858,0.3412971638014374,1.732620021475771,-0.11062666112388722
1781078635.1830695,102.58408403396606,166.70455890256005,-109.64185522851768,-0.3416037321526062,0.03657757084863533,1.6958071114545017,0.34355644151984177,1.73025801190731,-0.11087998660829948
1781078635.2826998,102.68371438980103,166.63748657797706,-109.70493810724082,-0.3322577764411676,0.039117921955579504,1.6929530337420466,0.3345525994873627,1.7256927351878582,-0.11803404505146792
1781078635.3837194,102.78473401069641,166.55049625613296,-109.79015992621503,-0.32239088208575595,0.046598408455778895,1.6925656494292807,0.325741143429324,1.7236257627891869,-0.11747789858263996
1781078635.4829965,102.88401103019714,166.48447018474369,-109.854347735343,-0.32982569011210217,0.0420395616089877,1.696169859926795,0.3324940760347473,1.7284514758367628,-0.12350839675040193
1781078635.5821042,102.98311877250671,166.4194918433733,-109.92185726101259,-0.3359024338607526,0.03475552833953088,1.6940359950407695,0.3376957089211191,1.727366881793647,-0.12290582407156911
1781078635.6816573,103.08267188072205,166.33877025142544,-110.00377515598221,-0.33305918672454027,0.04831553034246383,1.6914516167277558,0.33654540902214924,1.7246076029244521,-0.13379743438508834
1781078635.7881708,103.18918538093567,166.26536898923837,-110.07796175671153,-0.33290110634433745,0.0530084553836474,1.6951617489152495,0.3370950058180097,1.7283536669133581,-0.14264055129589648
1781078635.881884,103.28289866447449,166.19195059438988,-110.15327654100234,-0.3339770018187096,0.048886145500603106,1.6908678595590032,0.33753591359397667,1.7242287004499623,-0.14299354125671365
1781078635.9820201,103.38303470611572,166.11959900973412,-110.22857280713876,-0.33249922748737504,0.05543529604329933,1.6820292846155338,0.3370887247107346,1.7154740810141533,-0.13975984197196165
1781078636.0813408,103.48235535621643,166.04724676263191,-110.30386841386111,-0.3303966381152179,0.058192150725886904,1.6924748712992486,0.33548213795065546,1.725404142473105,-0.13691273143889754
1781078636.1866605,103.58767509460449,165.97279840525835,-110.37252129335977,-0.3260608093087569,0.05385146786807127,1.6962904249736475,0.3304778842201509,1.7281831030929289,-0.13633025810034194
1781078636.2816439,103.68265843391418,165.89625404610894,-110.44117483586433,-0.3220680613938214,0.04653768868571717,1.6915783292484756,0.3254129570840458,1.7225942170520738,-0.12961082481894706
1781078636.3830276,103.78404211997986,165.8228540762208,-110.51315006814902,-0.32711183653555054,0.035441277343778665,1.6973675419363794,0.32902619613249545,1.7289635074693064,-0.13014852480222644
1781078636.4811358,103.88215041160583,165.74947128860887,-110.58510549765751,-0.32347901918325306,0.04141782720890319,1.7035768129169488,0.32611978207779113,1.734510902176961,-0.13052019183832317
1781078636.5817084,103.9827229976654,165.67502174577362,-110.6592934884849,-0.3199316286183489,0.0470239362584266,1.7012536823000748,0.32336898053404206,1.7317134835506678,-0.14075584652684103
1781078636.6811545,104.08216905593872,165.5995430236759,-110.73346494810916,-0.3186886405162852,0.04291064341501283,1.7002571821237389,0.32156457036248326,1.7303982946928043,-0.1296378851715038
1781078636.7809222,104.18193674087524,165.52511399088047,-110.8087434144163,-0.3150116010758097,0.05201757374669569,1.6934080257330835,0.31927752315319347,1.7232437083616632,-0.1361974109127463
1781078636.8807778,104.28179240226746,165.44963728664334,-110.8840211907805,-0.31875219871389504,0.04306944980960736,1.7005453945328848,0.321648786243388,1.730697137155675,-0.13403811690220782
1781078636.9810364,104.38205099105835,165.37415924599065,-110.95708499569871,-0.3120540291600946,0.04533825925432211,1.7031900937173787,0.3153304217281633,1.7321344550017688,-0.13387129646726817
1781078637.086783,104.487797498703,165.29238993082618,-111.03900354440768,-0.3040185784871028,0.05021364730680489,1.7063018233347627,0.30813747977351097,1.7339015597076746,-0.13536210883850294
1781078637.186162,104.58717656135559,165.22634473326522,-111.10320923646671,-0.30782124369045505,0.05052308188165,1.708460531716366,0.31193989784886195,1.736704893844238,-0.1325316612798612
1781078637.2819014,104.68291592597961,165.15296334458117,-111.17405768283913,-0.31601379854407696,0.03712081023087421,1.699283414511715,0.31818654186255746,1.7288165889581943,-0.13179430163936506
1781078637.3805773,104.78159189224243,165.07855142809444,-111.24820929160667,-0.30908101379688446,0.04382025085280361,1.698241837898463,0.31217188770693705,1.7266952908557034,-0.12568128973684028
1781078637.4810612,104.88207578659058,165.0272012195092,-111.29912045206669,-0.3307170430289261,0.023789804419038774,1.6938688985958792,0.3315715870578972,1.7260160958040078,-0.12317509825944806
1781078637.5837147,104.98472929000854,165.02619197205146,-111.29908986250419,-0.4205810882579044,-0.06522943255974667,1.6843737095271107,0.42560936393865884,1.7373134789146112,-0.11948739270486732
1781078637.6810694,105.08208394050598,165.05238299225746,-111.27252120959187,-0.4789964508123603,-0.11926753703306758,1.7001996776608004,0.4936216620862298,1.7704070970256138,-0.14410515925445838
1781078637.7808542,105.1818687915802,165.07014412959532,-111.25486137403989,-0.47199443931836527,-0.1127029760313718,1.7010067767935608,0.4852635485525221,1.7688710428551329,-0.15326879083885234
1781078637.8812392,105.28225374221802,165.09006658615064,-111.23605820554086,-0.4720385223740209,-0.11519278881473838,1.6897875495392574,0.48589067206519404,1.7582581459438356,-0.1293368082742212
1781078637.9825323,105.38354682922363,165.10161762001053,-111.2238527901967,-0.46496265237163925,-0.10940593098595741,1.7020109824193939,0.47766088999977163,1.7677673235218496,-0.11375205718957364
1781078638.080694,105.48170852661133,165.09428731884202,-111.23157844240663,-0.4281489388766033,-0.0713921387428087,1.7101049061770206,0.43406030840821397,1.7643319249693779,-0.13133145538814298
1781078638.180949,105.58196353912354,165.08693267102439,-111.24046984223678,-0.4301143109988743,-0.07075149543621251,1.6934550028574347,0.4358945911943583,1.7486548948650134,-0.1487131522078777
1781078638.281521,105.68253564834595,165.09007474392482,-111.24047901063793,-0.4457450891094368,-0.08216539600147144,1.6933407040018011,0.45325471510537907,1.7529525311869039,-0.13827845361269495
1781078638.380994,105.7820086479187,165.08798473620618,-111.24487900773414,-0.44487940367909573,-0.0829916904809096,1.7005054094529735,0.4525542006287721,1.7596942780169433,-0.1279739772401249
1781078638.480562,105.88157653808594,165.0838088418342,-111.2504047472467,-0.4494914092641409,-0.08309216094075111,1.689789839902507,0.45710702708672846,1.7505246462845954,-0.12589196119769874
1781078638.5815465,105.9825611114502,165.0796272138242,-111.25704857954719,-0.4575411262668183,-0.08790090308924903,1.6893241594471657,0.46590820017404083,1.752394523696444,-0.1301429958424528
1781078638.734338,106.13535261154175,165.07645018971743,-111.26702511590382,-0.45455572669487765,-0.0829294473385147,1.7073208683495318,0.4620586563489313,1.768740441503156,-0.1363396829813902
1781078638.7981,106.19911456108093,165.0743548822182,-111.27035009160126,-0.4604000954060723,-0.08086506388481496,1.7034941577048193,0.4674477579441532,1.7664653270702677,-0.12569967612797092
1781078638.8618822,106.26289677619934,165.07331542634265,-111.2736730124527,-0.4682651588768749,-0.0871932891671463,1.6918857174472561,0.47631389722930667,1.757655315923969,-0.12786470110770226
1781078638.9848323,106.38584685325623,165.0785700114511,-111.27033216728987,-0.47077012546915853,-0.0940104666513264,1.701000464659711,0.4800650777490979,1.7674459142069383,-0.13431364067419035
1781078639.0864868,106.48750138282776,165.08066585918658,-111.2692191426643,-0.47487437397293775,-0.09211998629990603,1.702081167649762,0.48372695080188,1.7694835586125295,-0.1399753949822408
1781078639.2066908,106.60770535469055,165.07436239531185,-111.27367441651181,-0.4676423001893397,-0.09085847360080379,1.693860894712698,0.47638700984750254,1.759576458636665,-0.1437196100006327
1781078639.3128808,106.71389532089233,165.0712331610365,-111.2758672609034,-0.4609765966851853,-0.08778219210446991,1.7006471086109922,0.46926020067988083,1.7642011574559886,-0.12116470451007738
1781078639.3675106,106.76852512359619,165.07018272894027,-111.27586392336488,-0.4664168371600397,-0.08755356779343515,1.6972284890201024,0.4745632657715245,1.7623265410136664,-0.13121208104221324
1781078639.4848826,106.88589715957642,165.0670213967507,-111.278099828201,-0.4581219852481695,-0.08439428275346472,1.6981527229151998,0.4658306004645849,1.760886373016017,-0.13958615199515423
1781078639.5479267,106.94894123077393,165.06702280271932,-111.28031654625147,-0.4570458269812434,-0.08229487466253715,1.700682067969879,0.46439566573848573,1.7629472001937538,-0.13373704796707495
1781078639.6830447,107.08405923843384,165.06387505560463,-111.28473920151289,-0.45567446588404437,-0.07723899422272495,1.702421420987227,0.462174297302703,1.764041886045628,-0.1274032637418512
1781078639.7943878,107.19540238380432,165.05760305117872,-111.29247183740551,-0.4522486436608517,-0.07031365135298984,1.6967132280068953,0.45768203510698324,1.7573584219940017,-0.12266146635934431
1781078639.8515263,107.25254082679749,165.05236420043204,-111.2980082313246,-0.4527157206516108,-0.07361255388286736,1.6950983017671175,0.45866145664778213,1.756054835267974,-0.12830818748806888
1781078639.9820185,107.38303303718567,165.0366188957395,-111.31462864061996,-0.44492716487224016,-0.065000894511968,1.699233576495559,0.4496501955171437,1.757720127272398,-0.13587187960377103
1781078640.0802922,107.48130679130554,165.02299148382178,-111.32902050596783,-0.4361375068887696,-0.04956226584660328,1.6954452778004625,0.4389445786326572,1.751344350242661,-0.13457884377884458
1781078640.1994822,107.60049676895142,165.002046462719,-111.35114498819034,-0.43261447282304744,-0.0487839294506216,1.6916327614630258,0.4353563527371646,1.7467560085838059,-0.13331625154869525
1781078640.251496,107.65251064300537,164.991561287607,-111.36332152878629,-0.43322331132122827,-0.04805982646016105,1.6967633745111423,0.43588092914408477,1.7518556257505782,-0.13120292408218578
1781078640.3838851,107.78489971160889,164.95694714310744,-111.39876465847708,-0.42266989741014527,-0.033901202991046375,1.695165084244375,0.4240272794773266,1.7473934292488862,-0.14049443251552515
1781078640.4536371,107.85465168952942,164.9359836281014,-111.42090498105914,-0.42110520255189954,-0.03208447118663571,1.689155382896909,0.42232570950346177,1.7411504565881737,-0.13466547990526034
1781078640.5908966,107.99191117286682,164.89197010701153,-111.46405881354696,-0.4018303417243203,-0.017472505529624982,1.68799387844904,0.40221003465822036,1.7352510612764942,-0.126778851454869
1781078640.6511617,108.05217623710632,164.87205277525067,-111.485091429555,-0.4099601192317266,-0.019949773552582428,1.6902713050957403,0.41044523730370025,1.7393913813904414,-0.13450235659038884
1781078640.7809036,108.18191814422607,164.82276484988068,-111.5338200185461,-0.39120138361121803,-0.005340513930264024,1.6875841180042217,0.39123783511870464,1.732341536466888,-0.14439009107372924
1781078640.882174,108.28318858146667,164.7808499981757,-111.57475912906901,-0.39314357933187694,-0.009387376195661545,1.6885584958587305,0.39325563797829866,1.733747326094093,-0.119600760664703
1781078640.9714067,108.37242126464844,164.73996501339744,-111.61461242024815,-0.3856740654209432,5.058538908997434e-05,1.6857767872533442,0.3856740687383578,1.729331623413915,-0.13211352390117162
1781078641.0958195,108.49683403968811,164.68126003289242,-111.67217796621655,-0.3735585618765356,0.009863119481963167,1.6853014339078536,0.3736887478600084,1.726234110255341,-0.13134001585758193
1781078641.1734884,108.57450294494629,164.64142331734985,-111.7120298820105,-0.3734084003074827,0.011881567581141894,1.6890299492945142,0.37359738364766215,1.7298546686592513,-0.13197757293692475
1781078641.2700405,108.67105507850647,164.59426621956817,-111.75850607739915,-0.3738768014709706,0.014623164869320249,1.6839433394101324,0.3741626646646601,1.725010976768759,-0.1242533047228275
1781078641.3718352,108.77284979820251,164.53138845788988,-111.82158878738291,-0.3712714226207652,0.012282688962599764,1.6898902816648034,0.3714745397776257,1.7302376997881381,-0.12192934586993964
1781078641.4721198,108.87313437461853,164.47060259537182,-111.88245555011952,-0.37222361914248836,0.016503091496659295,1.6840961138874826,0.3725892841675393,1.7248195544715395,-0.12225483480820155
1781078641.5723116,108.97332620620728,164.40560704385754,-111.94555687864535,-0.3635870575425315,0.02174106333029613,1.6884058356988123,0.36423649219589194,1.7272470837343952,-0.13282087947527363
1781078641.6795096,109.0805242061615,164.33012964178403,-112.01972697232087,-0.3516923400912333,0.03333162412469903,1.688025148923917,0.35326831055960556,1.7245948517391703,-0.13092314263024737
1781078641.7722936,109.17330813407898,164.26618168938114,-112.08393325778222,-0.35399402324330254,0.03186852470500412,1.691473621368468,0.35542562000910016,1.7284126773268624,-0.13137938394289686
1781078641.8766518,109.27766633033752,164.18443155355072,-112.16361997783685,-0.3421361567582153,0.03800786827213187,1.6891938633172967,0.344240828217505,1.723913471053779,-0.12174201365372454
1781078641.9816804,109.3826949596405,164.10685615891447,-112.23889711879605,-0.33660240371349914,0.04385488049560138,1.685348760090141,0.3394472399784522,1.7191930874297874,-0.13398918220821615
1781078642.0809362,109.4819507598877,164.027182775127,-112.31749397121821,-0.329962586351769,0.04790120995822633,1.6870956629701754,0.33342140649246066,1.7197271906672251,-0.12644462991277536
1781078642.167626,109.56864047050476,163.96216745240733,-112.38393352403065,-0.3355087714856779,0.047206568436024554,1.6868242674382825,0.33881351190195164,1.7205146628454036,-0.12945972013713544
1781078642.2615423,109.66255688667297,163.8867073777185,-112.46140626051215,-0.3330792396760671,0.04863340174334496,1.6793197822780632,0.336611033194571,1.7127235383501793,-0.12141633628184666
1781078642.3757539,109.77676844596863,163.78502015937391,-112.56767786347578,-0.31607177552623966,0.07719807711966098,1.6792516841490726,0.325362736642171,1.7104815488957428,-0.12860665068551155
1781078642.4720254,109.8730399608612,163.70637801444175,-112.64850726354398,-0.3185140403083153,0.07651797217826584,1.6808372243119971,0.3275762414153398,1.7124602093399601,-0.1343169981143772
1781078642.5640748,109.96508932113647,163.6151382371054,-112.73932029431982,-0.30656754990437207,0.08490634417795206,1.6811898266591578,0.3181080790172336,1.711020743064877,-0.14099517293172678
1781078642.7009614,110.10197591781616,163.48299565164675,-112.86889745313661,-0.2640212458691735,0.1221858160804743,1.6841967853983368,0.2909236874535349,1.7091387901126267,-0.1394506943815272
1781078642.7625427,110.16355729103088,163.42638726651614,-112.92535594349799,-0.2981448934882849,0.0844798995709084,1.6782572198160621,0.30988260832878556,1.706626651265411,-0.12409579352819165
1781078642.8703547,110.2713692188263,163.31841004507285,-113.0305232085463,-0.2841790748762776,0.09552021571131775,1.6871020672075743,0.2998030323513651,1.7135329711981453,-0.12804645207925977
1781078642.9664776,110.36749219894409,163.2188008664016,-113.12685287081794,-0.26664140817595694,0.10507562764254885,1.6822987104253995,0.28659819971265144,1.7065366914243287,-0.13572458647530625
1781078643.0824978,110.48351240158081,163.108709244457,-113.23536038084917,-0.2593364879456601,0.10936385396591675,1.6848952729050544,0.28145313381497084,1.7082411853108055,-0.13365307460760317
1781078643.1717274,110.57274198532104,163.0185732138826,-113.32501085495038,-0.2714828331493777,0.09539317889564813,1.6843707953415092,0.28775473458247386,1.7087737601783386,-0.11778122139871364
1781078643.3761868,110.77720141410828,162.80370516351985,-113.52866350921818,-0.25611788176104255,0.09958572457392734,1.6865569991875857,0.274797536191061,1.708797295586961,-0.12857930944524512
1781078643.4728808,110.87389540672302,162.7104057112474,-113.61944089698545,-0.24492349880770803,0.1108040207916332,1.6877249000506904,0.26882159751739076,1.7089998213993223,-0.12383437116163497
1781078643.568323,110.9693374633789,162.60660193853022,-113.72241265093962,-0.25812275391416506,0.09928689756705467,1.6894892037279166,0.2765596574280555,1.7119751790344138,-0.1353468099278791
1781078643.673531,111.07454562187195,162.5017478872113,-113.82648805408213,-0.26315331889514937,0.0965700528659994,1.6893018548167889,0.28031311841594947,1.7124007127549081,-0.13531252644488045
1781078643.7678223,111.16883683204651,162.39687935400076,-113.93058467259192,-0.26303653892586,0.0938343888963118,1.6838261230591152,0.2792724715213437,1.706828499306808,-0.1406586468392757
1781078643.8948753,111.29588985443115,162.27104649197645,-114.05682362037149,-0.2310240378292292,0.12687397890310592,1.6845330194421675,0.2635699386835056,1.7050280367690653,-0.13350376471175507
1781078643.94308,111.3440945148468,162.21966121127582,-114.10997824592502,-0.27515568853849004,0.07798052571428116,1.6918684527303212,0.285992334382875,1.715870180599295,-0.12988364442308697
1781078644.059375,111.46038961410522,162.0938263793414,-114.23732219867794,-0.2527634057465775,0.0986572257164795,1.6852770657610987,0.27133482539232107,1.7069801919914067,-0.13573371945853138
1781078644.1921124,111.59312701225281,161.96170369557822,-114.37463265064252,-0.22570883684795717,0.13208904001071176,1.6833189611874122,0.2615186293980013,1.7035124650601408,-0.13489971112907592
1781078644.273489,111.6745035648346,161.88409144568118,-114.45991129839796,-0.2534158366562451,0.11065673327512116,1.688738639677373,0.27652214899950783,1.7112284160878963,-0.1355863952480578
1781078644.3946383,111.79565286636353,161.75408184612456,-114.59719979853318,-0.22960026567838554,0.1415648695511038,1.6904807559391566,0.26973485924256485,1.7118650882856477,-0.13404854720083878
1781078644.4613209,111.8623354434967,161.6943087193205,-114.65921193683793,-0.26646240429988666,0.10270848351262885,1.6936700333062007,0.28557178693060736,1.7175766146551272,-0.13154255477820687
1781078644.5994706,112.00048518180847,161.55278675916,-114.80534014631948,-0.23501246062301107,0.1343817559465208,1.6920430435296079,0.27071998998846136,1.7135632390245452,-0.11828758064894564
1781078644.661657,112.06267166137695,161.49196532605748,-114.86735232120866,-0.2777252533214494,0.09356797928980143,1.6947016399750996,0.2930636160986893,1.7198546251399076,-0.12986093671838847
1781078644.7622457,112.16326022148132,161.3913078432461,-114.97032264607392,-0.27000797803827936,0.10004698836107195,1.694135203775441,0.28794740506634264,1.718431784143815,-0.1298634192349529
1781078644.8648484,112.26586294174194,161.29173694896815,-115.07215027556401,-0.2787676546503235,0.09389954828601788,1.6943578058427777,0.2941573226142097,1.719702562848562,-0.11632177167772857
1781078644.9645052,112.36551976203918,161.1848667602748,-115.18390603255898,-0.26901514352496747,0.10925364648690561,1.6951232794870454,0.29035410573374815,1.719810582411726,-0.10145204990703495
1781078645.0634742,112.46448874473572,161.09579608452896,-115.27353651708123,-0.2753478620683154,0.09756782208772563,1.701961790492149,0.2921231333744969,1.726849692749133,-0.11317450180412615
1781078645.200644,112.60165858268738,160.9605817125333,-115.41189350783854,-0.24520146744086446,0.1340271726708977,1.703064866218502,0.2794405887649608,1.7258380518452918,-0.12349917748460593
1781078645.267357,112.66837167739868,160.89560449839058,-115.48161829471921,-0.28272112423891826,0.10696920687227873,1.7034063901795804,0.302280739230607,1.7300193569479017,-0.11261500979628897
1781078645.3786743,112.77968883514404,160.8023405554525,-115.57900072092572,-0.2909093941722176,0.107277902474749,1.7038510316485782,0.31005938782276604,1.7318328909069005,-0.1084992571567892
1781078645.4839284,112.88494300842285,160.7562686522832,-115.6287666646625,-0.34148023336669553,0.05939428858653173,1.701898906490945,0.3466070271891109,1.7368351445119792,-0.09789550979570694
1781078645.5601232,112.96113777160645,160.75630976327554,-115.63094070379998,-0.4255837905051578,-0.019736520236804722,1.6978885660859113,0.42604118694299487,1.7505246858633752,-0.10178301912953085
1781078645.6759148,113.0769293308258,160.7929808665978,-115.59884556723847,-0.493968776441875,-0.0853178206386076,1.7170965907229634,0.501282637459153,1.7887719207574868,-0.13489788823158902
1781078645.7950525,113.19606709480286,160.80971302441696,-115.58448598824766,-0.48887679376915116,-0.07317603516762006,1.7030200116826648,0.4943230235472124,1.77331114353925,-0.14114774447675726
1781078645.8654363,113.26645088195801,160.79503799441332,-115.59999250584708,-0.43094027035908766,-0.02409903159046678,1.6978228130889437,0.43161357710429116,1.7518255006095829,-0.11423759406502501
1781078645.9602923,113.36130690574646,160.78038606128587,-115.61437304602846,-0.4154978534782572,-0.01603034638048939,1.708253555160209,0.4158069723442811,1.7581312940072509,-0.11321681500536881
1781078646.0594444,113.46045899391174,160.78669377747394,-115.60771025093526,-0.45855578705536004,-0.05535194056051296,1.7069406337354869,0.4618844521801695,1.7683279034904926,-0.12325012505131235
1781078646.2067013,113.60771584510803,160.80551969223168,-115.59112666354152,-0.4749535051990392,-0.059887119723043725,1.7154956034437487,0.4787142145472348,1.781036907153922,-0.14530960323254166
1781078646.255497,113.65651154518127,160.80342306970843,-115.59334474142179,-0.45787863170087917,-0.04495680538208546,1.7030194711105995,0.460080379627769,1.764071788420261,-0.11712727270954307
1781078646.3947628,113.79577732086182,160.7898210191104,-115.60883798408236,-0.43242598955754374,-0.02448097710818331,1.703635457821432,0.4331184072340869,1.7578297209432525,-0.10887488089303386
1781078646.4470766,113.84809112548828,160.78879188247225,-115.607711739958,-0.4394129226648147,-0.03686678437728119,1.7122267218033367,0.44095677383974424,1.7680959315751383,-0.11667894627184727
1781078646.5607166,113.96173119544983,160.80029726580938,-115.5922199503944,-0.47333201671759184,-0.07030892746803374,1.7130672110847298,0.47852538420824436,1.7786471862135171,-0.13206383071127295
1781078646.6646223,114.06563687324524,160.802396625257,-115.59111431020973,-0.45585689569196575,-0.0415767815242134,1.7000529661363573,0.45774899029034233,1.7606005298706615,-0.11597658035740012
1781078646.7956126,114.19662714004517,160.79506046961362,-115.58779977727326,-0.44539774471419946,-0.049988849843146,1.7016994856702714,0.44819419463569116,1.7597327000529375,-0.10914941148468144
1781078646.8594625,114.26047706604004,160.79402923046365,-115.58446025843354,-0.4493267880375811,-0.060155884499934587,1.705047606536456,0.4533357396986683,1.7642847370659407,-0.11357742715581123
1781078646.9591784,114.3601930141449,160.79715436779884,-115.57561849999766,-0.4543865727366381,-0.07139779940317226,1.7031179181088352,0.4599617410643669,1.7641358922221204,-0.12872792269666977
1781078647.068843,114.46985745429993,160.79715434780556,-115.57340448679221,-0.45312146120681973,-0.06690739121761169,1.698890624731398,0.4580345594010893,1.7595525034525084,-0.12019789584585361
1781078647.1664753,114.56748986244202,160.79506055064357,-115.58005084363715,-0.4431027894017916,-0.05661187679241664,1.6932214328029072,0.4467045853465221,1.7511549923044327,-0.11662628539665218
1781078647.2629216,114.66393613815308,160.7961267689673,-115.58445823803493,-0.44972083342494784,-0.05925443755003812,1.6946295725103018,0.4536076679089553,1.7542888315246863,-0.10648197467446549
1781078647.3594,114.76041460037231,160.79717236652507,-115.58445541308805,-0.4552830798511991,-0.0599449703617978,1.697943769368445,0.45921245874918304,1.7589454585653284,-0.12257039618246267
1781078647.4646204,114.86563491821289,160.79610701208583,-115.58779782380905,-0.446587643615004,-0.04823677589739361,1.6904766444342536,0.44918516224222854,1.7491365285066434,-0.1193789787950436
1781078647.598329,114.99934363365173,160.79506006856195,-115.58669084297155,-0.45029926243762475,-0.05953772892078746,1.6922315730094224,0.45421819307125294,1.7521306639651217,-0.11715397980995199
1781078647.6536138,115.05462837219238,160.79507649463721,-115.5844576144775,-0.44871613321987525,-0.05810333785306909,1.6934117153903434,0.45246233664412855,1.7528164204795464,-0.1118263720747337
1781078647.8032084,115.20422291755676,160.7919130891269,-115.5833692012873,-0.44667675612254243,-0.05837799018647161,1.689263173418304,0.45047543129272766,1.7482957939850017,-0.12971461654727418
1781078647.8747232,115.27573776245117,160.7908661265899,-115.58337063135419,-0.442068434737763,-0.058160881814117715,1.687740185718539,0.4458779980722211,1.7456443290814254,-0.12233240488873534
1781078647.9747794,115.37579393386841,160.79086545535125,-115.58226151472958,-0.44809439814110874,-0.06595351570850028,1.6915858876943608,0.4529221300397606,1.7511713997568805,-0.11787219503723681
1781078648.0904384,115.49145293235779,160.79086477493738,-115.58226081258087,-0.446812606320492,-0.06232386809610091,1.6870658910624436,0.4511383044049476,1.7463439210211966,-0.12085820072312757
1781078648.1830842,115.58409881591797,160.7877212179914,-115.58004829065455,-0.43762450340105374,-0.05681073254012858,1.6830890433192018,0.4412965729628601,1.7399802852474826,-0.12514029136968438
1781078648.3232987,115.72431325912476,160.78562325278654,-115.57451194458159,-0.43654502623104463,-0.06784510995848336,1.6782832040234403,0.4417856028350654,1.7354564332703737,-0.12023686252369264
1781078648.3717728,115.77278733253479,160.78459341224135,-115.57338643719085,-0.44238304782018645,-0.07239703409807419,1.6804481461268628,0.44826787922499545,1.7392096088068525,-0.10914249112856732
1781078648.4867344,115.8877489566803,160.78354578393984,-115.57228157699633,-0.442070761660176,-0.07339475935155804,1.6785953877005908,0.44812202469314233,1.7373818879638345,-0.11691959468092737
1781078648.5808,115.98181462287903,160.7824783090336,-115.57229940652438,-0.4384974696949655,-0.07532532281028637,1.6801930000347731,0.44492014472864794,1.7381031190787306,-0.1261772836368946
1781078648.679207,116.08022165298462,160.78247832178587,-115.57119100855286,-0.44039097695718965,-0.07638196176147005,1.6828393888293842,0.4469657891470427,1.7411854654985763,-0.11274189293402669
1781078648.7859907,116.18700528144836,160.78144913491732,-115.57006618532868,-0.43930343148559814,-0.07208984951215314,1.6752042829324263,0.4451791227334302,1.7333475822444993,-0.11609506066772891
1781078648.8888993,116.28991389274597,160.7804008351159,-115.57006621330036,-0.438304541836942,-0.0778013663225181,1.6773675238161012,0.4451560670108207,1.7354324342795664,-0.11280638151165036
1781078648.9915566,116.3925712108612,160.77933334981873,-115.56897704269973,-0.43161370139961264,-0.0727971732481052,1.6768434942779054,0.43770973906093136,1.7330302709332357,-0.11897348996829367
1781078649.065494,116.46650862693787,160.77933337511388,-115.56897706108418,-0.43383454653510967,-0.07498314174345921,1.6783050957504646,0.4402668342187996,1.735091605574478,-0.1202748301344989
1781078649.1936457,116.59466028213501,160.77933400493743,-115.56897772690233,-0.43743941630131644,-0.07931710647063994,1.6761374727428373,0.4445722059608667,1.734093790383224,-0.12102042331338628
1781078649.2978694,116.69888401031494,160.77828496296854,-115.56787000926967,-0.43743808089641334,-0.0815780475744532,1.681127340350319,0.4449798337727192,1.7390216177315723,-0.1241658267712443
1781078649.3569856,116.75800013542175,160.77828496296854,-115.56787000926967,-0.4341307407395334,-0.07556465048406835,1.6775655198359256,0.440658049351008,1.7344755950431285,-0.12125505600403964
1781078649.5065086,116.9075231552124,160.77830413818072,-115.56785220082008,-0.4387874949058812,-0.08195481836531826,1.6761911220094385,0.44637546744760853,1.7346088133761834,-0.10574208474147882
1781078649.5653691,116.96638369560242,160.7772558128642,-115.56785221038152,-0.4315334706284659,-0.0727263524878623,1.6757871821092696,0.4376188508495011,1.7319852592734628,-0.11872038308149635
1781078649.7145581,117.11557269096375,160.7751406816988,-115.56676375214879,-0.4330844804333367,-0.08128433396943535,1.674587507046749,0.44064646843140354,1.7315925123706541,-0.12477092179423425
1781078649.7693377,117.17035222053528,160.77409167739614,-115.56676446946338,-0.4329247538495622,-0.08227230340992264,1.6735188942762305,0.44067286551826446,1.7305658218928326,-0.11638666751871275
1781078649.8695703,117.27058482170105,160.77409238027204,-115.56676377982413,-0.4324481543214347,-0.08227402411417017,1.6733654789400372,0.4402049763689121,1.730298369451978,-0.12310564822926223
1781078649.9695377,117.37055230140686,160.77306183410371,-115.56563755157762,-0.42926744806015904,-0.07709406865298263,1.6771109480554522,0.4361353429676987,1.732892140172899,-0.11714589882503405
1781078650.0699015,117.47091603279114,160.77199574368504,-115.56565681052896,-0.42872339407975346,-0.08243374032601025,1.6709862699412095,0.4365765341556961,1.7270767743523843,-0.11785204847592579
1781078650.1745222,117.57553672790527,160.77304405504145,-115.56676378906296,-0.4319594636464217,-0.08238539635361519,1.675346756799647,0.4397457580989799,1.7320978861730483,-0.12380352570619103
1781078650.2716548,117.67266941070557,160.7772558025663,-115.57228019885001,-0.4382449570039455,-0.07811312605410592,1.6784719910405772,0.4451519996600427,1.7364989281623684,-0.10853418402673912
1781078650.378371,117.77938556671143,160.78038227964925,-115.57451267562402,-0.4425641262186275,-0.07735322473817519,1.6771532088461087,0.4492733323858116,1.7362860977200305,-0.12493907879460915
1781078650.4700928,117.87110733985901,160.7824782329138,-115.57783434639725,-0.43732034145835996,-0.06549522177411404,1.6805523095071313,0.4421975860726706,1.737755670431908,-0.11703196107671497
1781078650.5821066,117.9831211566925,160.78144909410824,-115.57670814947276,-0.4368183894242179,-0.07007531331737482,1.6789817822875506,0.442403497811326,1.736289342284049,-0.11232059446814385
1781078650.6786315,118.07964611053467,160.7793333216006,-115.57672742343242,-0.4372896357834861,-0.0686354938268181,1.6786846106680164,0.44264326107657526,1.7360630975486273,-0.12716657623641645
1781078650.7697227,118.17073726654053,160.7782850103301,-115.57562044545253,-0.4323861003309162,-0.06704625633636851,1.6792684056937814,0.43755335702985887,1.7353372348363398,-0.11770594943750662
1781078650.8677804,118.26879501342773,160.77723738806134,-115.57561976516787,-0.43380990842706524,-0.07083168336460233,1.675376032022749,0.4395545063103802,1.732077657812736,-0.12475670039027152
1781078650.968763,118.36977767944336,160.77618907692482,-115.57451278665967,-0.4336789690812566,-0.07415247795340463,1.6741922764955186,0.439972769850603,1.7310389414704854,-0.12312662248250068
1781078651.068016,118.4690306186676,160.775140766534,-115.57340580790624,-0.431175569081347,-0.06906280577914004,1.673046717709857,0.4366715499259262,1.7290943763006217,-0.12172554351012405
1781078651.1809776,118.58199214935303,160.7772374286361,-115.57451279517332,-0.43534138194391403,-0.07237765928438478,1.6702672414026476,0.44131694324637405,1.7275859753132792,-0.12263709898261449
1781078651.2679403,118.66895484924316,160.78247904227223,-115.57561973591318,-0.4359789593720791,-0.06528539414412649,1.6731453250196515,0.4408399207237418,1.7302471252219522,-0.11884495207052238
1781078651.373413,118.77442765235901,160.78457569356502,-115.57561971686772,-0.4474559368823634,-0.07732836499847906,1.6737308137211344,0.45408863835666663,1.7342350844923597,-0.12346476277548335
1781078651.4714215,118.87243604660034,160.78772068067778,-115.5767266944318,-0.4361582892684339,-0.060951588977673055,1.6728172966411365,0.4403965820671978,1.7298170011415168,-0.11976604591159545
1781078651.578953,118.97996759414673,160.78457570884464,-115.57451272892705,-0.44900930022711805,-0.07885618874230715,1.6718872164931728,0.45588117990701105,1.7329265751516125,-0.12221486902218609
1781078651.6792617,119.08027625083923,160.78348907519836,-115.57233439179994,-0.44068155684510657,-0.07341711349909019,1.6757981637200925,0.44675531009487196,1.7343268990088343,-0.13040349350029187
1781078651.7760584,119.17707300186157,160.78244074017215,-115.5712273951778,-0.435680894772986,-0.06758661505098473,1.6749868425927834,0.4408920418926153,1.73204119912408,-0.12073913494687791
1781078651.878571,119.27958559989929,160.78139241610768,-115.57122880845675,-0.4373986407299242,-0.07412778059675418,1.6742123091721604,0.443635547232845,1.7319928853641875,-0.1203934124974792
1781078651.98211,119.38312458992004,160.78036187011958,-115.57010257411422,-0.4415918288919727,-0.08121940096998514,1.6725120245211733,0.44899881340386694,1.731732198293372,-0.11671697526234634
1781078652.0694125,119.4704270362854,160.78034340696317,-115.57012110945873,-0.43854615183798273,-0.07664933814753283,1.6757575677953707,0.4451941692456875,1.7338861768737341,-0.13106411102644724
1781078652.1846097,119.58562421798706,160.7803441064625,-115.57012182945813,-0.439045298861771,-0.07327270236039851,1.673552405014672,0.44511758375042587,1.7317353480524125,-0.1246875416855362
1781078652.2706363,119.67165088653564,160.77929580334387,-115.57012045380272,-0.43950881394437147,-0.07652469864271438,1.668654919266944,0.4461210901057541,1.7272617828895878,-0.1235578452449623
1781078652.3718722,119.77288675308228,160.7782666468176,-115.57120825126246,-0.44217069923516306,-0.07903092714320792,1.6652233276524346,0.44917793212403934,1.7247404284891903,-0.12515418629105762
1781078652.469888,119.87090253829956,160.77824818951308,-115.571228186584,-0.43910478521854657,-0.07566930802923366,1.6665013556060062,0.44557699287491154,1.7250407603346958,-0.12996236031684108
1781078652.5747507,119.97576522827148,160.7771992148746,-115.57122891900197,-0.438067780971636,-0.07771917065775824,1.6647355144820042,0.44490858635582997,1.723162204608378,-0.1230763052940067
1781078652.6719983,120.0730128288269,160.77614956807378,-115.57122894623782,-0.4382249908372273,-0.08074724158048241,1.6647910080159813,0.4456021315222188,1.7233950098535193,-0.12378164491250472
1781078652.7732549,120.17426943778992,160.77512037680185,-115.57121112548366,-0.4411440223413763,-0.0824256815668889,1.664763469555873,0.4487783878812513,1.7241924054458084,-0.11517208479169086
1781078652.8695724,120.27058696746826,160.77405361311202,-115.57122828170556,-0.4371616084791867,-0.07529347226945049,1.6645099101296585,0.4435982178666865,1.7226063449942195,-0.12882689030960012
1781078652.9745703,120.37558484077454,160.7730059742679,-115.57012060145574,-0.4298655298549363,-0.07158406353177327,1.663942861370817,0.43578509831014883,1.7200623528861063,-0.12486998739840044
1781078653.0721316,120.47314620018005,160.7730059742679,-115.57012060145574,-0.434954132777051,-0.07531734585292327,1.6635474355685842,0.44142700439162685,1.7211182035505226,-0.12396063461452554
1781078653.1707687,120.57178330421448,160.7761699804039,-115.57453065302471,-0.43384314409055946,-0.06797048501253755,1.6689446161494605,0.4391353555650257,1.7257508488427558,-0.11571372338264736
1781078653.2826893,120.68370389938354,160.77931486252547,-115.57785155138156,-0.43586339409310426,-0.061635287409345096,1.677042927343064,0.4401997353070459,1.7338537386745707,-0.12818341707601608
1781078653.3724036,120.77341818809509,160.78034406043747,-115.57897778810063,-0.4434172259573188,-0.06833276362706897,1.6748806847212259,0.4486515383464062,1.7339300767080659,-0.1324103651765356
1781078653.4784822,120.87949681282043,160.78034406043747,-115.57897778810063,-0.43719691912144754,-0.06511965059775093,1.681451313371132,0.44202003911956156,1.7385799476068862,-0.12209704530327574
1781078653.575462,120.97647666931152,160.77931422844603,-115.57674528673382,-0.4403776663668566,-0.06935966814333483,1.6752495588876144,0.4458062949305135,1.7335525192946475,-0.12582048019383865
1781078653.6721811,121.07319569587708,160.77826594247068,-115.57563832670003,-0.44165560407535054,-0.07200946764953642,1.6718089559971714,0.4474874702629476,1.7306617871192176,-0.12196735782976428
1781078653.770133,121.17114758491516,160.7772182969763,-115.57342363706032,-0.4412246029214373,-0.07468293378731516,1.6687284371754627,0.4475004925385675,1.727689580873926,-0.12358839978562897
1781078653.8708055,121.27182006835938,160.77615154793,-115.57233521181303,-0.4404193066754942,-0.07540831717589924,1.6665700418576084,0.44682835629783396,1.7254307532929551,-0.13236899649062225
1781078653.971102,121.37211656570435,160.77617001108683,-115.57231667670392,-0.4373365578552466,-0.07206634758281893,1.6687392406576786,0.4432345014668907,1.7265999758488846,-0.12616265218773098
1781078654.0747871,121.47580170631409,160.77617003616209,-115.57231669462423,-0.4379973873821825,-0.07538969325484857,1.666918277621149,0.4444382040314242,1.72514980841379,-0.1205341013296908
1781078654.1716452,121.57265973091125,160.7719575039399,-115.57344290599984,-0.43268280628231537,-0.07073731604300804,1.67440448965954,0.4384269365964049,1.730851979149382,-0.12670615779835562
1781078654.2768073,121.67782187461853,160.76776410254465,-115.57344287060408,-0.43078374337591185,-0.07598836169759693,1.6763407750129264,0.4374344118498776,1.732474316877854,-0.1303760126116146
1781078654.3725533,121.77356791496277,160.76671576098295,-115.57454986832559,-0.4266309326937119,-0.0696995124838935,1.6780067628891158,0.4322869125610894,1.7327950458935437,-0.12810551749172208
1781078654.4445426,121.84555721282959,160.76566808485438,-115.57454915512044,-0.42899501115167027,-0.07181631946488665,1.6763856003708966,0.4349647150453751,1.7318957775990436,-0.13227087855249373
1781078654.5791276,121.98014211654663,160.76776403711455,-115.57454982226578,-0.4278001193333125,-0.07073453628103721,1.6746843851418047,0.4336084832247748,1.72990869890936,-0.13005797270851763
1781078654.6820247,122.08303928375244,160.76881303682825,-115.57454910820647,-0.4317258973214564,-0.07488381086453444,1.6750355283170937,0.4381721528664414,1.731397948673885,-0.12989776890923835
1781078654.7875078,122.18852233886719,160.76881236234513,-115.57454981302695,-0.43241629124125325,-0.07394993721483445,1.6768675549581649,0.4386940188159833,1.7333024084147268,-0.1278391368692897
1781078654.8531032,122.25411772727966,160.76881236234513,-115.57454981302695,-0.4329706206341086,-0.07666062910514881,1.6749188842117573,0.43970491285302055,1.7316736641400539,-0.13055718875058342
1781078654.9781537,122.37916827201843,160.76776471159766,-115.5745491174453,-0.4279340633919162,-0.06825214574172378,1.6792571284924769,0.43334272580656763,1.7342694201312163,-0.13061787699880872
1781078655.076965,122.47797966003418,160.76776403711455,-115.57454982226578,-0.4280682285044861,-0.0721162845530614,1.6732351466300455,0.4341004109105485,1.7286292322735888,-0.13042917552492383
1781078655.17708,122.57809448242188,160.76776404704418,-115.5756568289135,-0.425616321702023,-0.0664978409818815,1.6733810938045106,0.43077977686331975,1.7279396694493683,-0.13209697527020903
1781078655.2771914,122.67820596694946,160.76776404704418,-115.5756568289135,-0.4241552047178345,-0.06632169319716752,1.676712735135121,0.4293089850885575,1.7308009131156783,-0.1290188299726162
1781078655.3790994,122.78011393547058,160.76776476188218,-115.57454915407266,-0.4265697519254559,-0.07010028062309459,1.6709872527370484,0.4322913399562633,1.7259994789717898,-0.12958314826119724
1781078655.4802148,122.88122940063477,160.76776478717733,-115.57454917245711,-0.4313963869511781,-0.07421672958098213,1.6709943199573771,0.43773389818955905,1.727377487104091,-0.13007219812499182
1781078655.5780568,122.97907137870789,160.76671647582094,-115.57344219392311,-0.42721275642128376,-0.07287268980375927,1.6721122577932497,0.4333833962766756,1.727362316027169,-0.13032834317448785
1781078655.6743896,123.0754041671753,160.76671647582094,-115.57344219392311,-0.4262323445593381,-0.0722211556000758,1.6704636310721137,0.4323076530258986,1.7254966385361032,-0.12856634618515483
1781078655.77967,123.1806845664978,160.76671645061165,-115.57344217521606,-0.42684589941387685,-0.07142590744086874,1.67307567420727,0.43278063970121516,1.7281438868694659,-0.13038866933869933
1781078655.87626,123.27727460861206,160.76671641525286,-115.5723351507122,-0.4257170304642557,-0.07175493521846477,1.6698953220742931,0.4317218557769691,1.7247997412572618,-0.13085140605548573
1781078655.977432,123.37844657897949,160.76671638002807,-115.57122812655675,-0.42810753888795716,-0.07638383780508207,1.675146427367066,0.4348684347369177,1.7306721551614512,-0.12854923565857335
1781078656.0781245,123.47913908958435,160.76671638002807,-115.57122812655675,-0.4237423215739682,-0.07201700035088265,1.6721571615745559,0.42981857036712046,1.7265148642387969,-0.1296223426422739
1781078656.178563,123.57957768440247,160.77090971363614,-115.57454910757124,-0.4336739671588248,-0.07392640069780043,1.6740413197872837,0.43992979270720595,1.7308820187599603,-0.12963287782338492
1781078656.279323,123.68033766746521,160.7792963338045,-115.57897703824231,-0.43683752745059223,-0.06318653273223163,1.6770614795200434,0.44138369171036246,1.7341726469408474,-0.12727767827833675
1781078656.3785014,123.7795159816742,160.78244133111494,-115.58119102271255,-0.44542701934167894,-0.06661419967024074,1.673275719465685,0.4503805958934278,1.7328284146189215,-0.12834305573220292
1781078656.4764376,123.87745213508606,160.78558630250828,-115.5834049881657,-0.4482030499405312,-0.06606443865476308,1.6762351783582379,0.45304578579958477,1.736379813634228,-0.12697720639153445
1781078656.5739934,123.97500801086426,160.78558630250828,-115.5834049881657,-0.44217478198325466,-0.05955943193255564,1.6745097309356458,0.44616797706028555,1.7329306687667099,-0.12739984224099296
1781078656.67511,124.07612466812134,160.78453797727764,-115.58340499740453,-0.4408129573680526,-0.057633666349858004,1.6737691108793955,0.4445646217148811,1.731802742639732,-0.1281907900780876
1781078656.7749336,124.17594814300537,160.78348966614118,-115.58229801889631,-0.4452600112699372,-0.06390085389276123,1.6751854747605646,0.44982196118500994,1.7345276508643805,-0.12873451895917262
1781078656.8780007,124.27901530265808,160.78244133111494,-115.58119102271255,-0.44107513729090897,-0.06183438541395958,1.674195259162323,0.4453883338792298,1.7324261986466594,-0.1274475685380662
1781078656.9433222,124.34433674812317,160.78244133111494,-115.58119102271255,-0.44438415011143206,-0.06811981110912768,1.6734052958849968,0.44957488979679794,1.7327443163466896,-0.12857933236478014
1781078657.0781622,124.47917675971985,160.78348966614118,-115.58229801889631,-0.43992406752329316,-0.05939351452008168,1.672412105511755,0.44391527880135656,1.730324543377787,-0.1290760378061618
1781078657.178925,124.57993960380554,160.78348966614118,-115.58229801889631,-0.4422340527272013,-0.06287255950998372,1.6747691107230644,0.44668100041401076,1.7333134426187855,-0.12887059258268124
1781078657.2775927,124.67860722541809,160.78348966614118,-115.58229801889631,-0.44379511348984124,-0.06088901898908716,1.6710203122315712,0.44795264860352646,1.7300203638343141,-0.1299599726582336
1781078657.376987,124.77800154685974,160.78348966614118,-115.58229801889631,-0.44249342915583156,-0.06071195844123167,1.6725046251679645,0.4466389780839294,1.7311146980925587,-0.12811967404554886
1781078657.4762228,124.87723731994629,160.78034477490718,-115.58340510881435,-0.43862736799624713,-0.05849831625000945,1.6685776345133094,0.44251104049436024,1.7262581913947384,-0.12748218217297122
1781078657.5786667,124.97968125343323,160.78034476467172,-115.58229810246344,-0.4437099812314216,-0.06235040406471626,1.671972505884964,0.4480693253631874,1.730970300371057,-0.12649682055461436
1781078657.6747892,125.07580375671387,160.7803447998965,-115.58340512705725,-0.43928216937771936,-0.05659657324110867,1.6681651907509487,0.4429130800008411,1.725962658943982,-0.12818719751913624
1781078657.8455315,125.24654603004456,160.7792966709797,-115.58561927624618,-0.4444694727167473,-0.060551213021000194,1.6656855976288614,0.4485750344985975,1.7250298756032125,-0.12424836195083346
1781078657.9793115,125.38032603263855,160.77929673163368,-115.58672631913447,-0.44248769491895246,-0.05937774444601018,1.6582205095490696,0.4464538908892873,1.7172700238982104,-0.12800734209165712
1781078658.077469,125.4784836769104,160.77929673163368,-115.58672631913447,-0.44044056498705686,-0.05953303969545232,1.6623351359640415,0.44444580558432334,1.7207237367927737,-0.12625018036419106
1781078658.1797416,125.58075618743896,160.77929675692886,-115.58672633708058,-0.44183320941453985,-0.058706974914670695,1.6621795836171915,0.44571638274264097,1.7209021070470583,-0.12657565126977657
1781078658.2758346,125.6768491268158,160.7792974474315,-115.58783404552369,-0.436337666166537,-0.053540118091831346,1.6593675544917819,0.4396101718124224,1.7166122987037533,-0.12686920884046532
1781078658.3754044,125.77641892433167,160.7792974474315,-115.58783404552369,-0.4378642833004278,-0.05252061015606557,1.6613829982521047,0.44100288557033585,1.7189173953283838,-0.12524967769802176
1781078658.475238,125.8762526512146,160.78139409262863,-115.59004802087344,-0.4451495800689713,-0.05462948103051701,1.6608842809697197,0.4484891624479293,1.7203717980731805,-0.1250903395958811
1781078658.58026,125.98127460479736,160.7845390657813,-115.59226198609461,-0.4419111536049627,-0.048402540645625436,1.6587346277237214,0.4445540165395206,1.7172736645133684,-0.12559875641204885
1781078658.677079,126.07809352874756,160.7855873757323,-115.59336896523479,-0.44588788870680673,-0.04559722180805181,1.6634670024381293,0.44821324827812303,1.7227935407739725,-0.12494277874768643
1781078658.7814996,126.18251419067383,160.78663572744355,-115.5933689741868,-0.450575617871408,-0.05319723512074859,1.6614215715098029,0.4537051170580879,1.7222572315199598,-0.1281315314754007
1781078658.8768022,126.27781677246094,160.78873238783441,-115.59447596148013,-0.4508583579402625,-0.04667685730687765,1.6663543332702826,0.4532681192546377,1.7269014887773084,-0.12545223704228595
1781078658.9778516,126.37886619567871,160.79187734584147,-115.5977969154287,-0.452779820453145,-0.04407696392672733,1.6606520135244274,0.4549201518492891,1.7218354899877384,-0.1285862837187583
1781078659.079595,126.48060965538025,160.79607065384855,-115.60111787747883,-0.4633951484944987,-0.04455190334051906,1.664155001032824,0.4655318847721404,1.7280427666010063,-0.12582618151074568
1781078659.1796327,126.58064723014832,160.797118979385,-115.60111786794319,-0.4586299760104282,-0.04034835325522579,1.6678181904858032,0.46040139498673815,1.730198532256074,-0.12618073824409562
1781078659.2788107,126.67982530593872,160.7971189891428,-115.60222487479774,-0.46384488702406657,-0.048492604786261495,1.6602766605126604,0.46637282504164584,1.7245353581125547,-0.12848153548469063
1781078659.3805604,126.78157496452332,160.79292488469065,-115.59447512982628,-0.4555827043484726,-0.051829899710782,1.662938853475133,0.45852147060470083,1.7249949476455542,-0.1271009022758591
1781078659.4851825,126.88619709014893,160.78873145533777,-115.58894008211641,-0.4529595224641696,-0.06239608333083879,1.670981524238474,0.4572369191196152,1.7324101288529605,-0.1249844559772502
1781078659.5482323,126.94924688339233,160.78768308525858,-115.58672606025527,-0.45476403539802845,-0.06358060004546928,1.6730120276993279,0.45918713025698055,1.734883876638508,-0.12627172162262223
1781078659.6783407,127.07935523986816,160.78558635309858,-115.5834050249346,-0.4519403813517613,-0.06863913625321061,1.672829718558365,0.4571230023986566,1.7341628258655588,-0.12823105733076487
1781078659.7791378,127.18015241622925,160.78453801241656,-115.58451202188257,-0.4538524583610979,-0.06925362635234933,1.6738536588659525,0.4591057816270264,1.7356739872517244,-0.12509856606674905
1781078659.8799741,127.2809886932373,160.78453798712138,-115.58451200349812,-0.4526100807457567,-0.06834404572633446,1.67627461539731,0.45774096799273245,1.7376488080174093,-0.1272742886563053
1781078659.9825332,127.38354778289795,160.78348963563002,-115.58451199501027,-0.45442773336330333,-0.07018409207755383,1.679374896578961,0.4598155843710172,1.7411864962978711,-0.12566928928904705
1781078660.079173,127.48018765449524,160.78348963563002,-115.58451199501027,-0.4546986946808431,-0.0702750114981825,1.6818376915660596,0.46009725079110425,1.7436362868894948,-0.12454991444180089
1781078660.177578,127.57859253883362,160.78348963563002,-115.58451199501027,-0.45530076168384426,-0.07176903345663277,1.6804354113051283,0.460922529014571,1.742501864940587,-0.12611991713715492
1781078660.2775261,127.67854070663452,160.78348962548048,-115.58340498877511,-0.4590490868753818,-0.07621932199674575,1.6772574488559686,0.46533369661648777,1.7406113865391084,-0.12711797072856207
1781078660.3988974,127.7999119758606,160.78034396644307,-115.5800833179834,-0.45685679395037937,-0.08004671637534955,1.6861926192014292,0.4638163504891727,1.7488199324202796,-0.12687283421828818
1781078660.448912,127.8499264717102,160.77719896948656,-115.57786933344902,-0.45259851864332745,-0.08146181951516951,1.678534644352387,0.45987112011612175,1.74039076055007,-0.1292426478076905
1781078660.5909412,127.99195575714111,160.76776401432977,-115.57233440560059,-0.4391320739886737,-0.08439393011012442,1.6809461654448918,0.44716810468215035,1.7394077512098514,-0.1289269142880955
1781078660.6520147,128.05302929878235,160.7667156776782,-115.57122740955883,-0.43908627350185725,-0.08720793221446854,1.679351369117086,0.4476627961075961,1.7379939585551794,-0.12918283515141124
1781078660.7852337,128.18624830245972,160.76881300168938,-115.57344208372842,-0.44288701596582314,-0.08683164531258569,1.6865526567875564,0.45131878261247005,1.745894758470844,-0.12761254583696252
1781078660.8556645,128.25667905807495,160.77090967306134,-115.57565607712746,-0.43902108366893344,-0.07843269494625815,1.6859167293254738,0.445972195929721,1.7439055071195457,-0.12632562660109298
1781078660.9850419,128.38605642318726,160.77405463347355,-115.5767630364749,-0.44138383826842187,-0.07693796143956888,1.686702230806699,0.4480392199295068,1.7451944183967973,-0.12725615498294054
1781078661.0515826,128.45259714126587,160.77510296973338,-115.57787003313605,-0.4440634657509861,-0.07626156686546892,1.6919835984976064,0.45056429973484763,1.750947368078339,-0.1271322427922471
1781078661.1838608,128.5848753452301,160.77510296973338,-115.57787003313605,-0.4448443637842274,-0.07944417318033459,1.6891306316585426,0.45188260050913787,1.7485308620239128,-0.1286228980045145
1781078661.2805557,128.68157029151917,160.77510295988964,-115.57676302704245,-0.4421084990612485,-0.074274382983333,1.6909845401194437,0.4483041477721847,1.7494014187237619,-0.12888967700958806
1781078661.3829973,128.7840118408203,160.77719968728783,-115.57676306273778,-0.444527175653576,-0.07465036808302727,1.6858288883938986,0.45075169145492583,1.745049033205911,-0.12967234848705889
1781078661.495624,128.89663863182068,160.78139306492733,-115.57676307949131,-0.4467375407531051,-0.07449811711545351,1.68319969653182,0.45290661263872056,1.7430678753785498,-0.12902925521711678
1781078661.559262,128.96027660369873,160.78348974226094,-115.57676307902344,-0.4576632666045555,-0.0827920797760271,1.680345885526165,0.4650915975082677,1.743523010767998,-0.1267340310134654
1781078661.690095,129.09110951423645,160.7845381288912,-115.57787011198936,-0.4539535614303247,-0.07463301073408957,1.6789835571248013,0.46004773907336005,1.7408703878583154,-0.12847614076735178
1781078661.795202,129.19621658325195,160.78558645412178,-115.57787010275051,-0.46058881857655365,-0.08338062562037862,1.6806076669149632,0.4680751953763318,1.7445734489037563,-0.12797624982013192
1781078661.895761,129.29677557945251,160.78558646435727,-115.57897710910143,-0.4599353242461177,-0.08140963812761015,1.6830909828495884,0.46708460868396195,1.7467006864998489,-0.12624288876340406
1781078661.9574413,129.35845589637756,160.78663479055348,-115.57897709964318,-0.45887673542904395,-0.0787445076211668,1.682573774405574,0.4655841017458788,1.7458015529022581,-0.12769394821961144
1781078662.061755,129.46276950836182,160.78663480083705,-115.58008410578837,-0.4644304804343449,-0.0817418200989124,1.6864134893867642,0.47156907904310197,1.7511047522907364,-0.1283893692008061
1781078662.1881816,129.58919620513916,160.78663482582635,-115.58008412446964,-0.4628658639982177,-0.07991000598235587,1.6851580905693142,0.4697131221404366,1.749396526612001,-0.12818359884237523
1781078662.2622097,129.66322422027588,160.78768314138503,-115.57897710849201,-0.4587670760911351,-0.08013436672312935,1.6859830662368522,0.4657131593967754,1.7491219644360838,-0.12712168397699403
1781078662.3900406,129.79105520248413,160.78768314138503,-115.57897710849201,-0.4588137209243257,-0.07905013012923234,1.6851350912376752,0.4655737896208007,1.7482674936354796,-0.12866283384784674
1781078662.466454,129.86746859550476,160.78871307199017,-115.57788868557435,-0.4600339149384638,-0.08251993213026765,1.6820114864787152,0.4673764458040154,1.745738635288436,-0.1383602704961456
1781078662.5980625,129.9990770816803,160.7908097390883,-115.57678167875557,-0.45947324540406953,-0.07951528226648463,1.6818012712032815,0.4663028451082698,1.745248939027622,-0.13214837656547307
1781078662.6617944,130.06280899047852,160.79290645633696,-115.57567470821576,-0.4631086870715819,-0.08263893368420838,1.6774488664935838,0.4704241165178794,1.742163467962245,-0.13079119276254433
1781078662.7995195,130.2005341053009,160.79709994686047,-115.57124680943244,-0.4693011027629552,-0.08665656293302959,1.6632845431552608,0.4772346225431386,1.7303954335506948,-0.13821621760404598
1781078662.8687892,130.2698037624359,160.7981482969464,-115.57124681852648,-0.4621302532447089,-0.07830464733514475,1.668845027460896,0.46871738687432984,1.733418505277724,-0.1379660311496294
1781078662.9690917,130.37010622024536,160.80024499396748,-115.57346082980743,-0.472068947492744,-0.08672102137329318,1.6625696036141229,0.47996836013943067,1.7304644791490393,-0.13543076561713052
1781078663.0668585,130.46787309646606,160.8012933461186,-115.57346083924939,-0.47402938085483015,-0.08398558054466321,1.66542012528152,0.4814119147393817,1.733603652899287,-0.1383684206595782
1781078663.1688015,130.5698161125183,160.79919670431562,-115.57456786401427,-0.4705012683959353,-0.08250204610902756,1.6612616415204455,0.47767984170818856,1.7285740576444983,-0.13855463107331814
1781078663.2685807,130.66959524154663,160.79500342070966,-115.57678191398239,-0.460795236050501,-0.07680699358711252,1.6659570621733764,0.46715261299785926,1.7302151591163668,-0.13805139126101762
1781078663.373668,130.77468252182007,160.7929252390482,-115.57787040088016,-0.4595584235179615,-0.07521527507159931,1.6683744192176668,0.46567293482702043,1.7321444757670468,-0.12584480838702536
1781078663.4704866,130.87150120735168,160.7918769139516,-115.57787041046738,-0.46465845344582135,-0.08243522966732542,1.6649852674011076,0.4719142352684089,1.7305718667861514,-0.1304092195025779
1781078663.5702448,130.97125935554504,160.79397358545756,-115.58008440421482,-0.4709355093395118,-0.08287887447187359,1.6626991980325025,0.4781727321696522,1.7300918429171663,-0.12626443630149695
1781078663.6668668,131.0678813457489,160.79500349592104,-115.58231696367206,-0.46747499850428653,-0.07487827174608697,1.6669469311538014,0.47343387057356123,1.7328738272272854,-0.1352132404618615
1781078663.7684577,131.16947221755981,160.79607030233794,-115.58451242835285,-0.4660411899075996,-0.07024337193713848,1.6656829299591969,0.47130512620975223,1.7310771632567523,-0.12217631475936651
1781078663.8680313,131.26904582977295,160.79607031248747,-115.58561943458801,-0.4675510543760595,-0.06936996821863772,1.66739472985322,0.472669208790693,1.7330958906191867,-0.1318559351050844
1781078663.9794867,131.3805012702942,160.7981669925658,-115.58894043450688,-0.4742414144180884,-0.07463986807309198,1.666386511602726,0.4800791904001231,1.7341626322541783,-0.1257425841150757
1781078664.06588,131.46689462661743,160.7992153294373,-115.59004743145114,-0.4708651859372992,-0.06795217410400767,1.6667950759460826,0.47574312532419083,1.733360131793545,-0.1275160899987481
1781078664.164866,131.56588053703308,160.8002451946123,-115.59006596019518,-0.4689643098610077,-0.06593532358920129,1.6686942031316632,0.47357680561892374,1.7345937087356913,-0.1377326566055965
1781078664.2652702,131.6662847995758,160.8044384476212,-115.59006588622525,-0.4742148093619676,-0.06608767510859082,1.6699710593096189,0.4787977299648213,1.7372537538169708,-0.13195434821787244
1781078664.3659863,131.76700091362,160.80653507405864,-115.59006584884692,-0.47163015693604393,-0.06143268522355072,1.6690209526715303,0.4756143182719516,1.7354653324690401,-0.13803527599612606
1781078664.4718919,131.8729064464569,160.80758339915525,-115.5900658392597,-0.471639042487908,-0.062340008712524764,1.6722114999199142,0.4757411723670638,1.7385686536773857,-0.13905991128638068
1781078664.5654688,131.96648335456848,160.80758340408883,-115.59338683999324,-0.4732548220403032,-0.05919368069595521,1.668748691925584,0.47694236383313005,1.7355679805821729,-0.13813573980449553
1781078664.6662781,132.0672926902771,160.80653507347043,-115.59560084393733,-0.46728131548104557,-0.05256972872197707,1.6722442013668246,0.47022909754246245,1.7370999030512226,-0.13869559727104228
1781078664.765412,132.16642665863037,160.80653504848112,-115.59560082525607,-0.46889423861028945,-0.05469165560430156,1.6731063060630296,0.4720730708213111,1.7384296636857468,-0.13785974768023873
1781078664.8717422,132.27275681495667,160.80653502331995,-115.59560080765836,-0.4764619388247411,-0.06146098759846552,1.671116961422581,0.48040965034562955,1.738799968627631,-0.1374949532368996
1781078664.970695,132.37170958518982,160.80653499780487,-115.59560078924811,-0.46849697677131985,-0.055078474941566924,1.6802260151548136,0.4717234949053899,1.7451883903031153,-0.13928469245673702
1781078665.0649674,132.46598196029663,160.80758332312135,-115.59560077968668,-0.4732736655506642,-0.057607842240315676,1.6726801273137468,0.4767668465731935,1.7393002714602444,-0.14067233971214702
1781078665.1676157,132.56863021850586,160.80758329782623,-115.59560076130222,-0.46827335457066965,-0.05207541618008804,1.6789772670008294,0.4711600402954366,1.7438338357414596,-0.13973531255892202
1781078665.2648706,132.66588521003723,160.80653487185478,-115.59560069793153,-0.4711593004129213,-0.057256667985470244,1.6812617463298125,0.47462554966456644,1.746971800592775,-0.13791989241757074
1781078665.3660343,132.7670488357544,160.80548649625376,-115.59560067042725,-0.4677544074593527,-0.054994885309994856,1.6860349885948374,0.4709762447384259,1.750580648206161,-0.13900145188772373
1781078665.4684415,132.86945605278015,160.80548649625376,-115.59560067042725,-0.47173253887967803,-0.05599193180037787,1.681415352228594,0.47504387656784414,1.7472333191004032,-0.14114713036546325
1781078665.5698547,132.97086930274963,160.80653479627512,-115.59560064291972,-0.46892936974660415,-0.0560834732965958,1.690358118936296,0.4722712248146793,1.7550927838840347,-0.13951570418936807
1781078665.6788034,133.0798180103302,160.8065347811295,-115.59670763077041,-0.47380312856356,-0.05924582804126999,1.6814643791255914,0.4774929033785875,1.7479479200036607,-0.13920652111737805
1781078665.7711065,133.17212104797363,160.80758309077464,-115.59781460976905,-0.4734475545790531,-0.05784402352732343,1.6877808854410365,0.4769680471422745,1.753882218181952,-0.13887502258547083
1781078665.8705611,133.2715756893158,160.8075831008383,-115.59892161588843,-0.46665934299579703,-0.04989568564867852,1.691240275230955,0.4693192110404396,1.7551507600245904,-0.13739932652074263
1781078665.9799755,133.38099002838135,160.8076015456143,-115.60001006540787,-0.4775589364092525,-0.05790800509787175,1.6848714849066426,0.4810570390283793,1.7522008433539422,-0.12850585644557586
1781078666.0549457,133.45596027374268,160.807601555458,-115.60111707150146,-0.4704993905427557,-0.04872285136278265,1.6915632980935713,0.47301542548422704,1.7564538092996425,-0.13293377480636295
1781078666.1848452,133.5858597755432,160.80653474558451,-115.60113560108708,-0.46698933053883707,-0.04682464477366466,1.6948908748261535,0.4693309942836624,1.7586718453890866,-0.1330095633356538
1781078666.262488,133.6635024547577,160.8054863543121,-115.60224256258121,-0.4658904711158982,-0.047271353663404625,1.6989013085255982,0.46828251297028406,1.7622582580495272,-0.13787882771561374
1781078666.382638,133.7836525440216,160.80338969758347,-115.60445657566093,-0.4689094079972165,-0.04893944395216465,1.700075296034242,0.4714563628615559,1.7642355608785814,-0.13738939799043845
1781078666.4889383,133.8899528980255,160.80129301577952,-115.60667057038201,-0.4643171840814091,-0.04157455532924814,1.7022384420348187,0.4661747430782945,1.7649177331040788,-0.13716597899625962
1781078666.5923193,133.99333381652832,160.79709973688725,-115.61220562105788,-0.46294350519528393,-0.04145223942140319,1.7015017063631306,0.46479562944970254,1.7638432566166957,-0.13553037719063157
1781078666.652188,134.05320262908936,160.79395478976102,-115.61552666815129,-0.4646098834637371,-0.04299004773639581,1.695524291319245,0.4665945649239444,1.7585542671382628,-0.1365394735144628
1781078666.7892923,134.19030690193176,160.78556824818386,-115.62548978233656,-0.4654102784809879,-0.03944077718541905,1.7047887719271793,0.4670784754414836,1.7676162080920508,-0.1373656208810203
1781078666.885741,134.2867555618286,160.7750857713201,-115.63656064107674,-0.4609131187065145,-0.033228240001818676,1.7002060548280742,0.4621093149130236,1.7618869565904132,-0.13506360140308143
1781078666.9525788,134.3535933494568,160.76879518197225,-115.64430902119248,-0.4574311279471317,-0.02917307407308556,1.7019222200935542,0.45836045320888985,1.7625644806117113,-0.13484345176031978
1781078667.0845134,134.48552799224854,160.75202281006233,-115.66202197457042,-0.44223055176692583,-0.013838036100253248,1.7064102968590695,0.4424470049160595,1.7628373303812945,-0.13526493889009075
1781078667.2015164,134.6025309562683,160.73420139196764,-115.6808412064346,-0.4403337516598924,-0.011629127309717546,1.7076746896901867,0.4404872863691544,1.7635707797707856,-0.13828098226908267
1781078667.254739,134.6557536125183,160.7258147709287,-115.68748326433249,-0.4501156588655988,-0.024687919432409444,1.7087232684358165,0.4507921912832045,1.7671866929715978,-0.13710664956373955
1781078667.3869781,134.78799271583557,160.700655697886,-115.71183681082663,-0.4365827996223288,-0.013694573195607518,1.7184478891191546,0.43679753005377714,1.773091997015146,-0.14046243560659244
1781078667.4860294,134.8870439529419,160.6744477188325,-115.738405143077,-0.4337721695314656,-0.009647633100627218,1.7165376317492884,0.4338794439524403,1.7705233161683962,-0.13952294440648763
1781078667.5597172,134.96073174476624,160.65872294920618,-115.75611876142504,-0.4301526169833778,-0.0019534832584326978,1.7184894749122064,0.4301570527080656,1.7715081612508932,-0.13709478501702765
1781078667.688326,135.08934044837952,160.62098489459768,-115.79707969856183,-0.4244190200410003,0.004558067045607572,1.7197934503150134,0.42444349511773094,1.7713954364551618,-0.1340700972518243
1781078667.7890375,135.1900520324707,160.5916135488493,-115.82920022249235,-0.41479051961132996,0.01609848133051628,1.7306085175720443,0.41510280203894806,1.7796955293963894,-0.1368786171519935
1781078667.886465,135.28747963905334,160.54966240250337,-115.87128677266726,-0.41028130342087366,0.020059586855225575,1.731960392508285,0.4107713901448509,1.780005600041468,-0.15217123607784172
1781078667.9921775,135.3931920528412,160.50773182899906,-115.91446252811274,-0.405951605795849,0.02376699813297023,1.728732124918482,0.40664674651161414,1.7759156331801493,-0.13964091380737192
1781078668.0436947,135.44470930099487,160.48571790332224,-115.93881613641284,-0.4269865651908731,0.003872121219913538,1.7279767672558841,0.42700412196633586,1.7799539961337028,-0.13935458344752233
1781078668.186194,135.5872085094452,160.41757732726694,-116.01077211961471,-0.3913299788925144,0.044769714547825856,1.731754796168667,0.3938825709785971,1.775983714388702,-0.13629888786235744
1781078668.2640636,135.66507816314697,160.37353098846262,-116.05507273894159,-0.40120487941675265,0.033428077286501434,1.734293948822212,0.40259507152830787,1.7804095856123177,-0.145318532930767
1781078668.3872058,135.7882204055786,160.29387524912826,-116.13586275109508,-0.3707070388690852,0.06551996349998035,1.7420238782531745,0.3764526189099024,1.782235609196594,-0.12189742358089087
1781078668.4896147,135.89062929153442,160.22678298202464,-116.20339071837188,-0.36760400580325836,0.07034520189112925,1.7355277159937572,0.3742741675719896,1.7754260349263253,-0.1368865291784933
1781078668.5571616,135.95817613601685,160.1733380433227,-116.25540269625614,-0.3770532259451329,0.05654067849016542,1.7276011021593844,0.38126891234371535,1.7691725613127962,-0.12808840084969725
1781078668.695445,136.0964596271515,160.06324781279594,-116.36391174746714,-0.3390374472220117,0.08940167990313341,1.738332659658264,0.35062665470314813,1.7733413339295103,-0.14648678572579502
1781078668.755724,136.15673851966858,160.02236420350246,-116.40487063033623,-0.37078712274632153,0.05414277881045848,1.7407351399865867,0.37471926944289097,1.7806103892979888,-0.13549070252597678
1781078668.8919466,136.29296112060547,159.89447033795494,-116.53439223354067,-0.3215351030740976,0.10339210104382346,1.7349110781586732,0.3377495359983886,1.7674815976934006,-0.14151489923430485
1781078668.9631596,136.36417412757874,159.8441327410561,-116.59197553944954,-0.36240104373393933,0.07342118732803726,1.7353300059096113,0.36976369108946777,1.7742872982294493,-0.14736585884582085
1781078669.089167,136.49018168449402,159.72775199517122,-116.71930157833387,-0.33944353824540485,0.10608311587023422,1.7443164552330934,0.3556340016495852,1.780200954703216,-0.15238499841217185
1781078669.1912897,136.59230422973633,159.63235309678362,-116.82114627607164,-0.3394732041667794,0.1122833166912045,1.7429515995045408,0.3575606236072943,1.7792498075789904,-0.14400906664164437
1781078669.2545505,136.65556502342224,159.57258201354935,-116.8820477907616,-0.3740230817911083,0.08119819113723281,1.7492097209773096,0.3827354333694187,1.7905923768177934,-0.15001324938372154
1781078669.390334,136.79134845733643,159.43838057186912,-117.0204462206156,-0.34228058790611726,0.11114397133211185,1.739103692988243,0.3598735656044086,1.7759478140379508,-0.15066417650996627
1781078669.4465158,136.84753036499023,159.3649822055064,-117.09685105468677,-0.3670676904744141,0.0933559480763364,1.7420986223963468,0.37875324742033817,1.7827960154169915,-0.15206496483180612
1781078669.5877335,136.98874807357788,159.2119287427719,-117.25515354740917,-0.3192964091672934,0.14407438127200578,1.7469448839945163,0.3502964804933657,1.7817194088746557,-0.1429769258310494
1781078669.687051,137.08806562423706,159.1217861959451,-117.34701588810157,-0.33084119774733267,0.12868032913848992,1.7488594898420633,0.35498524650199165,1.7845234771346445,-0.13298451547036977
1781078669.792621,137.1936354637146,158.9886677963948,-117.48315815558355,-0.3149965473635348,0.14841453178352992,1.7379727573005628,0.34820927341969515,1.7725120601040751,-0.13417032190382966
1781078669.893955,137.29496955871582,158.87648467264398,-117.60606200133253,-0.30744525143757073,0.1683282671006765,1.7350487790163847,0.35050961204598624,1.7700992214288087,-0.14852268876565403
1781078669.9635427,137.36455726623535,158.78526571816298,-117.70571341539885,-0.334853384979823,0.1478755896736459,1.736873490499129,0.36605188082261514,1.7750277466711335,-0.14724688199971206
1781078670.0702896,137.47130417823792,158.66573481510738,-117.8330328323349,-0.3419578075588561,0.14631553305072487,1.7440986230241244,0.37194539567304424,1.7833180827314639,-0.14303620397295236
1781078670.1634495,137.56446409225464,158.5535606835127,-117.94705261979121,-0.35363115408298995,0.1398370390368342,1.7414271489538466,0.38027541417327587,1.7824639984409725,-0.13983305692830822
1781078670.2824092,137.6834237575531,158.40365290391645,-118.10314471974212,-0.3274031022831707,0.17105509195486945,1.7309188601135224,0.3693949591810007,1.769896250113274,-0.14116193256494405
1781078670.3676896,137.7687041759491,158.2914831077114,-118.22491932563887,-0.3322394336284731,0.17652599682382686,1.7305354411482534,0.376223960975925,1.7709594523541736,-0.14626377380902877
1781078670.4668813,137.8678958415985,158.1646375837188,-118.35997447289121,-0.35877369226392375,0.16046920226547456,1.7435443796130294,0.3930253517731477,1.787292905714279,-0.14408740182536944
1781078670.5673358,137.96835041046143,158.0335959133551,-118.49724366737946,-0.34206882833109375,0.17721264408699255,1.7392183332411275,0.3852471992631619,1.7813746981536915,-0.14603618278010722
1781078670.6623998,138.06341433525085,157.92769543314515,-118.60685461339347,-0.3715515198376238,0.15583681159584728,1.7338137865280272,0.40290897699357325,1.7800128904299157,-0.14863220503013325
1781078670.8071074,138.2081220149994,157.7232602055965,-118.81831384484657,-0.3035921580951424,0.22591482825569642,1.7262361454631159,0.3784253005319105,1.7672286037708937,-0.1496218539662285
1781078670.8587492,138.25976371765137,157.64149514504138,-118.90466320572202,-0.35600592489552696,0.1746537159878585,1.735344189176648,0.3965402111628619,1.780074041712379,-0.14285728651338903
1781078670.9639294,138.36494398117065,157.50521187043043,-119.04968297781066,-0.36038823842233114,0.17437800542433024,1.7422996871475045,0.40035905281249573,1.7877067911162643,-0.14547218506255863
1781078671.0672607,138.468275308609,157.36683404273603,-119.19359058205963,-0.35212339948000704,0.18634117493883195,1.7378713834479191,0.39838915891241444,1.7829500462284762,-0.14321745252086163
1781078671.177816,138.57883048057556,157.2001354958137,-119.3674127547549,-0.3152633418960704,0.23067090535963075,1.7404344082005072,0.39064055258371516,1.783735398138177,-0.14473011912634454
1781078671.2634306,138.66444516181946,157.08689677849839,-119.4858842444045,-0.3439712192925697,0.20600588674956555,1.7360208142702214,0.4009421717368876,1.7817190835416603,-0.1467129003611819
1781078671.36483,138.76584458351135,156.94745157306124,-119.63313222844428,-0.34210041033932725,0.21637764251320846,1.7292128541222815,0.4047863324445502,1.7759586340327966,-0.1447064854901705
1781078671.463479,138.86449360847473,156.7912524396833,-119.79697197584328,-0.33090549402010083,0.2364227331992339,1.733398531524535,0.40668680178496464,1.7804675295656187,-0.1412441127721124
1781078671.5615811,138.96259570121765,156.66335929665365,-119.93313630983066,-0.3427122184272662,0.2280244411360428,1.7346915482568153,0.4116391750243687,1.782863308840128,-0.14228226211241896
1781078671.6628528,139.06386733055115,156.52079044688975,-120.08368673633696,-0.34393608338513104,0.2295454555511185,1.7303197440883769,0.413501082971344,1.7790417539789616,-0.14404415124318873
1781078671.7625546,139.16356921195984,156.37190824761703,-120.23868757158209,-0.3434784517947662,0.23905782960225963,1.7296314128865664,0.41848069578114655,1.7795367141999212,-0.14190030968615436
1781078671.8620932,139.26310777664185,156.21887533314847,-120.38811908832474,-0.33567634480345987,0.24008311999203613,1.7281051211233345,0.4126966355153888,1.7767008252990757,-0.13364701325338196
1781078671.9628577,139.3638722896576,156.0616077464282,-120.53093991854135,-0.3205685162898533,0.2219214383279251,1.7287024265353281,0.3898888282905949,1.772124537930375,-0.15223550971215513
1781078672.063755,139.4647696018219,155.90435582253005,-120.67374373859812,-0.3098948573431244,0.22362267018753812,1.7260939122279526,0.3821543159896534,1.7678919975665703,-0.1400124875763743
1781078672.1662445,139.56725907325745,155.73558045543993,-120.83094526848855,-0.2940557369660439,0.23023292684426622,1.7222312727660807,0.37346482705325873,1.7622589293118633,-0.13547232798615264
1781078672.264339,139.66535353660583,155.60242506633162,-120.96269657791736,-0.30655134913911297,0.21023530573972948,1.7196483823489563,0.37171576969303827,1.759364422839643,-0.1371487446624397
1781078672.362759,139.76377367973328,155.45672315646294,-121.11433481952537,-0.3193363494574726,0.21423339266480923,1.725200609321185,0.3845408308847051,1.7675374940916209,-0.137540600003559
1781078672.4618373,139.86285185813904,155.3110086225238,-121.26489327496044,-0.3337524793353168,0.20510773611604805,1.7202505006176345,0.39173958298482103,1.7642907033004351,-0.1350242198605852
1781078672.5622303,139.96324491500854,155.16426775061828,-121.40879046649263,-0.3351238363728726,0.19221002893443995,1.7168085784063527,0.38633234517478615,1.7597398602685261,-0.13181188577417652
1781078672.6650767,140.066091299057,155.0049420648268,-121.56707973707023,-0.3109010925388418,0.20124646017680448,1.7232541468708185,0.3703506812138188,1.7626016231080157,-0.1333458948336018
1781078672.7639077,140.16492223739624,154.8612814345212,-121.70991597661317,-0.3112704989262909,0.20265395835230038,1.7258479819501829,0.37142691116514154,1.7653637605715138,-0.15060611328883378
1781078672.8611794,140.26219391822815,154.7323157985626,-121.83834265293946,-0.32964665130413096,0.19044139422392448,1.7259430206383977,0.3807030855535315,1.767431512065001,-0.14454575329134756
1781078672.9612403,140.36225485801697,154.59186186746803,-121.97449214559556,-0.3333294035901133,0.18506979778635468,1.719031038401189,0.38126017540574947,1.7608029510246435,-0.1171822965204361
1781078673.0611718,140.46218633651733,154.4629407813341,-122.09181956083988,-0.33615647133069615,0.15032135661544999,1.7248990725152522,0.3682359073640354,1.7637671314082797,-0.12236846388946468
1781078673.1613872,140.5624017715454,154.3025629515889,-122.23460106803999,-0.31076078273937924,0.1536231244716646,1.7228200150081703,0.34665880698639145,1.757350600356679,-0.1258277690411813
1781078673.2623923,140.66340684890747,154.16313465558449,-122.36633822643942,-0.3095662601415654,0.1541602993506359,1.7208197385119515,0.3458275109269259,1.7552256948228209,-0.12379070277250408
1781078673.3610673,140.76208186149597,154.03208230230115,-122.50141860312469,-0.32199646231387646,0.1477195168093175,1.7171205920011199,0.3542637116457596,1.7532843194597123,-0.1325608736407775
1781078673.461184,140.8621985912323,153.91783861803614,-122.62207081779223,-0.3351052216492292,0.13102477014281533,1.722628913987971,0.3598096718649411,1.7598049253468218,-0.12344948823732282
1781078673.561634,140.9626486301422,153.7679056089713,-122.76378512751481,-0.31575061602072196,0.14076572656870212,1.7309257555004829,0.3457071611839708,1.7651111614708004,-0.13451536932912153
1781078673.6644435,141.0654580593109,153.6305567736979,-122.8877842574018,-0.3069254713841474,0.12754363390192225,1.7330203713918513,0.33237121345460807,1.7646048371214558,-0.12482499817546844
1781078673.761422,141.16243648529053,153.49635512767844,-123.01179171167219,-0.29920400493489296,0.12447753519985838,1.727716574228228,0.32406433518440664,1.7578459130997337,-0.12473863940838222
1781078673.861633,141.26264762878418,153.36952641190737,-123.13576120561902,-0.29358748035505755,0.12184535267010688,1.7273108027154722,0.3178677375710439,1.756315036593977,-0.12079144525426246
1781078673.977956,141.37897062301636,153.2374377334184,-123.27081178779473,-0.29252045888549105,0.13685052880227033,1.730000160539268,0.322949355317578,1.7598854626270235,-0.12685651231321696
1781078674.0667365,141.46775102615356,153.1273629939048,-123.37708386698377,-0.30153372340984674,0.12259859031371434,1.7303496056277003,0.32550422531868295,1.7606995082626262,-0.12831702949865612
1781078674.1674025,141.56841707229614,152.99004689195414,-123.50104899657454,-0.2890713688718449,0.11857400168509002,1.731217787016992,0.31244527549165785,1.7591864813774205,-0.11065514153907291
1781078674.3069277,141.70794224739075,152.8349170837309,-123.64937058824839,-0.24932114596936117,0.15221499407509498,1.7279764140172567,0.2921137419717818,1.7524933453935552,-0.11421309983217705
1781078674.3573177,141.75833225250244,152.77831079121378,-123.70693834690744,-0.3083580227651055,0.09380149898562706,1.7290051246437739,0.32230946529004684,1.758789956890813,-0.1252528592435096
1781078674.466095,141.86710953712463,152.66610262408463,-123.82210661249043,-0.311966603425077,0.08413363757009051,1.7299578358273424,0.3231124117445113,1.7598737864869107,-0.1468090648493665
1781078674.5649107,141.9659252166748,152.53504168782896,-123.94056869005671,-0.29996158732063805,0.08764560698082846,1.729430367363868,0.312503930040815,1.7574379368419466,-0.13456714490778582
1781078674.6653996,142.0664141178131,152.41660086120558,-124.0457203640996,-0.29510248222112523,0.08014014340228925,1.728153182960601,0.3057906434108294,1.7549989576562333,-0.11198762054516188
1781078674.7662532,142.16726779937744,152.30340240412903,-124.15308684824765,-0.2891527868355297,0.07906493101587841,1.7238645373788883,0.29976757238116813,1.7497341342854997,-0.11658266208766012
1781078674.8649962,142.266010761261,152.19439652558455,-124.2582325772208,-0.29931033315182276,0.06634407683708332,1.7229227787133266,0.30657496972652537,1.7499860323648502,-0.11991791336820334
1781078674.9629538,142.36396837234497,152.08745047371988,-124.36452543400088,-0.2938034168813317,0.06867418831984651,1.7265598805084468,0.3017227069886112,1.7527251960572363,-0.12258656619765154
1781078675.0637698,142.4647843837738,151.98156898289886,-124.46747791747916,-0.2900311051373592,0.0650576080688694,1.7278250807515412,0.29723817775454164,1.7532056479457594,-0.12092591965925502
1781078675.1689546,142.5699691772461,151.86835073376014,-124.58039058051286,-0.28509192007919637,0.07051209189239671,1.7268646018104985,0.29368241009206647,1.7516594163774009,-0.11974197342190127
1781078675.2962027,142.69721722602844,151.75305579534884,-124.70657173140901,-0.2772777573078429,0.09006680688959534,1.7303669687695493,0.2915389929339722,1.7547549204973534,-0.12277865665776229
1781078675.3620384,142.76305294036865,151.6859614098679,-124.77852552285754,-0.3105796021878291,0.06865499878763615,1.7316510238829699,0.3180773461812087,1.760621613711651,-0.1263445879538665
1781078675.4659388,142.86695337295532,151.5884487991109,-124.87928033554105,-0.31081087340393765,0.07273863405926306,1.7257001987965679,0.31920887818312,1.7549744966914589,-0.1306130840504815
1781078675.563384,142.96439862251282,151.4920227585681,-124.97668131133507,-0.31419502964030244,0.06506986949294458,1.7250003691580047,0.3208622828668078,1.7545879511046893,-0.10861508536106251
1781078675.661111,143.0621256828308,151.3945299503918,-125.07299097478207,-0.3081548321195271,0.061113306547255775,1.7277062295000267,0.3141563890735835,1.7560361762358292,-0.12185469745912414
1781078675.7633028,143.16431736946106,151.2970364319876,-125.16597892204872,-0.30755451497645936,0.05798575473865242,1.7242316910006648,0.31297304586020874,1.7524060749968964,-0.12642911702198956
1781078675.8637435,143.2647581100464,151.20059197060007,-125.25675648053118,-0.30809097738443825,0.05045971959380324,1.7220515581362432,0.31219582580038396,1.7501222250250543,-0.1264031524530878
1781078675.9666693,143.3676838874817,151.09890446726303,-125.35749418969232,-0.29216772691742676,0.06527895819240825,1.72478595801316,0.2993715468022675,1.7505741698066255,-0.1230970315353262
1781078676.0658991,143.46691370010376,151.0171378182314,-125.4394111781247,-0.3135155767036224,0.04936051790939189,1.7294333653698306,0.31737750009111915,1.7583140341868704,-0.12703322963412994
1781078676.1987112,143.5997257232666,150.88922330307216,-125.56452693845718,-0.26999520566101864,0.08561264088419307,1.7211150657674243,0.28324359720760073,1.7442660361798905,-0.136431288358503
1781078676.2684495,143.66946411132812,150.82527800838162,-125.6265161709265,-0.2933503785490643,0.05687672526777021,1.7196500135681672,0.29881333047918857,1.7454184528751442,-0.12195752394304764
1781078676.3619409,143.7629554271698,150.74457528211235,-125.70620203193921,-0.297522062178075,0.05439098771552153,1.7145848751673363,0.30245290051074786,1.7410568776406916,-0.11338556843926036
1781078676.46382,143.86483454704285,150.65651599617297,-125.7947669532943,-0.2981062043189979,0.048965049554567486,1.7175126722381735,0.3021007863799123,1.743879200068076,-0.12648331152268896
1781078676.5630274,143.96404194831848,150.56635998756965,-125.88443595815384,-0.3000875945690211,0.04943243586095036,1.719718410677753,0.3041317644202397,1.746404174912951,-0.12905030665396977
1781078676.6668668,144.0678813457489,150.4667684324724,-125.98295892120422,-0.28437172837655567,0.06098449357135394,1.719168082003438,0.29083739160572886,1.7435955042771256,-0.1268700384885102
1781078676.7656953,144.16670989990234,150.38393368078403,-126.06489454694463,-0.3012455271327781,0.04894418358423991,1.717422571474368,0.30519567612309506,1.7443292950970766,-0.12390583077830038
1781078676.903614,144.30462861061096,150.24660338983125,-126.19884420869207,-0.2541925012117474,0.08907284327180776,1.7170388138293686,0.26934698639637356,1.738036273291606,-0.12902786492190974
1781078676.9467762,144.3477907180786,150.20991717423195,-126.23315809464992,-0.31341241474103754,0.02607093612044764,1.71174516064741,0.31449488934481046,1.7403960843508675,-0.13153524803441738
1781078677.0641093,144.46512389183044,150.1019221181446,-126.3383418554741,-0.2861087878082742,0.04567373005328079,1.70940509233689,0.28973147581527975,1.7337849052824839,-0.13572564085358435
1781078677.1724396,144.57345414161682,150.01387904773753,-126.42356218403431,-0.2819178179739481,0.048853787879295396,1.708567453553752,0.28611946575049263,1.7323588231150324,-0.11501019413816403
1781078677.2695267,144.6705412864685,149.9268632100437,-126.50880250136797,-0.2888614939227807,0.045096020422604965,1.7006284049481384,0.2923604175145067,1.7255757257929036,-0.1272001673741347
1781078677.3962567,144.79727125167847,149.8231022450501,-126.6106265495937,-0.2724845648642997,0.06003027948406725,1.6996056951888896,0.2790187673691897,1.722356232509039,-0.12010162908667878
1781078677.4980268,144.89904141426086,149.73189938777702,-126.70361793222544,-0.26450145083194343,0.06644029589460843,1.703186463542461,0.27271840863932545,1.7248824481700313,-0.1265982354508658
1781078677.5650022,144.96601676940918,149.6763345228956,-126.76118702142966,-0.29514625880938183,0.04112766371635246,1.7007301633602527,0.29799798457697657,1.7266400572717326,-0.11943883578545625
1781078677.664534,145.06554865837097,149.60610065128054,-126.83313807687605,-0.3176927016339164,0.019821090278966835,1.6977203864062922,0.31831042755665984,1.7273031114169957,-0.13019386064060817
1781078677.7633655,145.16438007354736,149.52747752484842,-126.91505512768222,-0.32286742927115597,0.016443729313877498,1.6993409149289571,0.32328589996768026,1.7298188686303253,-0.12479910749395615
1781078677.86315,145.26416444778442,149.45095038530616,-126.99697423316896,-0.31715238733931983,0.027048325906179116,1.697035888393103,0.3183037051769219,1.7266291018118296,-0.12577199969056158
1781078677.9616966,145.36271119117737,149.37649814132754,-127.08002383540502,-0.32195667000303274,0.030290334166366506,1.698096235133261,0.3233784187346952,1.7286134401528603,-0.13611167074044206
1781078678.098993,145.50000762939453,149.2716698940354,-127.19293586505998,-0.29579842079184004,0.06646606852051207,1.6976700422785262,0.30317395008067544,1.7245283460869794,-0.12491544443716165
1781078678.1990445,145.60005903244019,149.19725582032865,-127.27262591078599,-0.30024918363662323,0.0644002762742133,1.6996168211502571,0.3070781136106149,1.72713471003149,-0.12119972098803347
1781078678.2634819,145.66449642181396,149.15847080513277,-127.3113686239733,-0.3463167919829573,0.020439464769410165,1.699874098196993,0.34691943175530954,1.7349135545756933,-0.12447735400007233
1781078678.361689,145.76270365715027,149.07565441518776,-127.39439409372409,-0.33748442140043267,0.021609355772199024,1.6978924471502002,0.33817554456949467,1.7312427504641195,-0.13024117507674005
1781078678.4617448,145.86275935173035,149.00646406668784,-127.46413609962416,-0.34432456309028225,0.01754795180841029,1.6976670578556279,0.3447714248019752,1.7323223645407826,-0.12803142793095354
1781078678.5615084,145.96252298355103,148.92154901096987,-127.54937772875248,-0.32774383790629713,0.03178859650455479,1.697984625290098,0.3292818521468782,1.7296179710776693,-0.12934103045437786
1781078678.6614823,146.06249690055847,148.83556787703264,-127.63684849375208,-0.3264659940280126,0.03478905456006487,1.6976762528841043,0.32831436699279776,1.7291312799150025,-0.13942628091685527
1781078678.7613473,146.16236186027527,148.76218430436214,-127.71101722170665,-0.32614660215961067,0.03989409514423414,1.6926820443981971,0.32857745651160636,1.724278297826571,-0.12659691450383692
1781078678.8604317,146.2614462375641,148.67622367087534,-127.79847144521007,-0.3261042006752177,0.04371763573637111,1.6896819852735103,0.32902155153181184,1.7214181341935004,-0.1255654219421164
1781078678.9957323,146.3967468738556,148.55778499011012,-127.92133150206345,-0.29661268553005016,0.07981636972792217,1.6935963975891384,0.30716402473905174,1.721225870134655,-0.11466259177439064
1781078679.0506968,146.4517114162445,148.49909697990296,-127.97998683522921,-0.32098474481082917,0.05225965951363776,1.6984434606084855,0.32521112898201143,1.729298258629055,-0.12113299157714752
1781078679.1717227,146.57273721694946,148.3764438157103,-128.1039725583357,-0.2933651667503909,0.07929236621492919,1.6944826837148856,0.3038920867716814,1.7215173440346303,-0.13236436692456469
1781078679.2616906,146.66270518302917,148.28104900529462,-128.20138917860595,-0.29038111963978963,0.07495391968581089,1.6976498936943416,0.2998987907937023,1.7239357430832316,-0.11920267680780512
1781078679.361391,146.7624056339264,148.170978484715,-128.31319766705667,-0.2878544506513947,0.08338762085188023,1.6963888836520837,0.29968930590054954,1.7226575180950843,-0.12248487596961055
1781078679.4616685,146.86268305778503,148.0556642213314,-128.42943356410524,-0.27880600992619975,0.0873243666748067,1.7010423630421017,0.29216148990947505,1.7259500158028858,-0.12885581871441112
1781078679.5616179,146.96263241767883,147.93718313154844,-128.54900992535735,-0.27342482500148435,0.09500015769816628,1.696637400242026,0.2894583992385932,1.7211521236630392,-0.1394962630236622
1781078679.6612082,147.0622227191925,147.8134788710663,-128.671888740979,-0.26973361476072455,0.09834945886478863,1.6979698449287641,0.28710423018632747,1.7220715528915442,-0.13502906176599475
1781078679.761439,147.16245365142822,147.68977666045387,-128.803622780371,-0.275922017039818,0.10082561090655418,1.7003226148431456,0.2937665115393541,1.7255131868082125,-0.12525528444451944
1781078679.8612735,147.2622880935669,147.5639778821876,-128.93978490375184,-0.2639048579555947,0.12702599360804356,1.698459696690992,0.29288457983422983,1.723527405754933,-0.13454709527344613
1781078679.9615645,147.36257910728455,147.43396936886097,-129.0759635566405,-0.2643662047422026,0.1314185715613121,1.7014273289136577,0.2952292857441685,1.726851263640061,-0.13360909260168446
1781078680.0631044,147.46411895751953,147.28827223593126,-129.2264969766255,-0.25443962796734354,0.14676251001642981,1.701859653196905,0.2937324609682812,1.7270220142794859,-0.12767983558313814
1781078680.1608157,147.5618302822113,147.1656362144927,-129.35157254626992,-0.25598178445292774,0.1458212290348797,1.6964453697401565,0.2946022824231815,1.7218354733602639,-0.12871633253142314
1781078680.263368,147.66438245773315,147.02727537705323,-129.49214629428096,-0.2537093199505023,0.1430721454180457,1.6977301812957863,0.2912697337937272,1.7225347097538826,-0.13040957037554357
1781078680.3610477,147.76206231117249,146.88679936486582,-129.63384161571045,-0.24637926884011563,0.15591188071158513,1.6982904635351566,0.2915669025476203,1.7231371846709334,-0.12966207673152183
1781078680.461508,147.8625226020813,146.74527654563565,-129.77775496753256,-0.2547229592087774,0.14611539897796888,1.696630946512901,0.29365540309445615,1.72185657487255,-0.12939707137719336
1781078680.5614243,147.9624388217926,146.6006107672146,-129.92166895724185,-0.24162891329322633,0.15741843067689842,1.7011207559091883,0.2883835883958083,1.7253918164408604,-0.13310524590634573
1781078680.6617107,148.06272530555725,146.45384351074944,-130.06779111259925,-0.23955624325412828,0.15787456815343148,1.6965549445846497,0.2868999354333555,1.720642395428605,-0.13181907575354432
1781078680.7612472,148.16226172447205,146.32068343923362,-130.19954085524387,-0.24869619399387943,0.14995881597636185,1.6933924402098708,0.29040909661385206,1.7181139077360426,-0.12889043066446185
1781078680.8621411,148.26315569877625,146.15506807336152,-130.36003753894036,-0.2401298737867137,0.15602436808492826,1.6963488870744046,0.2863668272009246,1.72035040221453,-0.12865775762384937
1781078680.9604888,148.36150336265564,146.00519412397193,-130.50834046415795,-0.2286729869554165,0.16518775899305638,1.7003254855095382,0.2820963145527785,1.7235675465027493,-0.11500931899355665
1781078681.0619133,148.46292781829834,145.8542364219797,-130.6600041207652,-0.23049558225872602,0.16576180074750368,1.7006279578777082,0.28391052820887824,1.7241637506754248,-0.13313625966346143
1781078681.162181,148.56319546699524,145.70327860402293,-130.8127709431249,-0.23415382792055084,0.15792884851339295,1.702372169590502,0.28243501256503795,1.725642066049297,-0.1346263478530812
1781078681.2611916,148.66220617294312,145.55125218091166,-130.96555707267208,-0.2253593750834284,0.17750906666773858,1.6986352680700976,0.2868733460732193,1.7226892031410708,-0.131042950007552
1781078681.3610935,148.76210808753967,145.3982174784353,-131.11941486158372,-0.2202833030871716,0.1753312065445698,1.7032597982229034,0.2815417652984532,1.7263718330214077,-0.12592481410964299
1781078681.4615684,148.8625829219818,145.24516302762908,-131.27550272200347,-0.22611397657482257,0.1776243555450776,1.7003646331688649,0.28753772289089924,1.7245050964890685,-0.12362419398116153
1781078681.5616076,148.96262216567993,145.0931569576037,-131.43048363756145,-0.21989514483641415,0.184500977218363,1.7021683680177253,0.287044396073427,1.7262015057336977,-0.12710280062768028
1781078681.6612048,149.0622193813324,144.94010376901514,-131.58767969232218,-0.22593324244698465,0.181269153073913,1.7018679730017778,0.2896624516549248,1.726342646587844,-0.12705701647057485
1781078681.7619436,149.1629581451416,144.78600170038814,-131.74487769309042,-0.22515740722192845,0.18168342862128384,1.7023158920109254,0.2893176908909762,1.7267264179526063,-0.12905203203323293
1781078681.8612688,149.2622833251953,144.64865371012633,-131.88659676642376,-0.24601899163559438,0.16496718090948548,1.7011670846244225,0.29620856676101986,1.7267625675906269,-0.13759092837384
1781078681.9611464,149.3621609210968,144.48511329955812,-132.06260935647984,-0.23403749684760555,0.1890111149658935,1.7170136994506064,0.3008301040643093,1.7431680342446625,-0.1262698084631308
1781078682.061773,149.46278762817383,144.3330880045533,-132.22203731850672,-0.24249183686299602,0.19596819323288628,1.7270192981375945,0.31177848499239286,1.7549363178884358,-0.13901127655772721
1781078682.1611774,149.5621919631958,144.17898586894322,-132.3814480407471,-0.25142056325225326,0.1866433233130067,1.7302273477878116,0.31312622017870656,1.758332933433327,-0.12402652422371295
1781078682.2944243,149.69543886184692,143.9766603889556,-132.59067375378498,-0.2034118908391349,0.24032993417074522,1.7346507938081184,0.31485691129982657,1.7629941154332882,-0.1282341968999027
1781078682.3663173,149.7673318386078,143.86763603676843,-132.70248420813982,-0.23421231068383008,0.20588514403550562,1.7295477482821344,0.3118398611633539,1.75743549315421,-0.1256479487733347
1781078682.461807,149.8628215789795,143.7260592331398,-132.84756282246687,-0.26017960242856475,0.18359701716138943,1.731902098257145,0.318435692456806,1.7609333230358117,-0.15020099950734145
1781078682.5617926,149.96280717849731,143.5537698501132,-133.02505603698006,-0.23634334032976767,0.2049846005298832,1.74151498200944,0.31285277843200976,1.7693929166626525,-0.268348161511585
1781078682.6612532,150.06226778030396,143.41373902206888,-133.16847744139696,-0.2634951521559401,0.1819532467974625,1.7450601223685955,0.32021349008094635,1.7741960178939975,-0.34981221941196233
1781078682.796521,150.19753551483154,143.1922084796865,-133.38688692139408,-0.19915712124551987,0.2448017015633468,1.7476729753482974,0.3155811021450946,1.7759370092415674,-0.6363954575011944
1781078682.8658454,150.26686000823975,143.0842774965405,-133.4986581657294,-0.25845068572837704,0.18882724136133788,1.752582507639817,0.3200819957973289,1.78157175834112,-0.6335010187645985
1781078682.961348,150.36236262321472,142.95001080144314,-133.64269600294233,-0.26469458019394665,0.18691691685228307,1.7566184209723512,0.32403881648594657,1.786255701597341,-0.510338667186362
1781078683.0611906,150.46220517158508,142.7899064109209,-133.81853154808155,-0.2550099622463051,0.20529118248089162,1.7638731880831422,0.3273752440995878,1.7939964253275011,-0.682543473088057
1781078683.1612053,150.56221985816956,142.64863518441283,-133.9800828286274,-0.26584377191937847,0.20312536079038068,1.7601834673604204,0.3345636311145383,1.7916971457345956,-0.7236777945588587
1781078683.2630217,150.6640362739563,142.5125511368306,-134.14289581286687,-0.2813256010364853,0.20573248373537467,1.7654462927600845,0.34852539170405633,1.7995195362326,-0.7481299312114614
1781078683.3630235,150.7640380859375,142.37864551305327,-134.3090332846709,-0.27830927786689585,0.2178502919487073,1.7592906682384726,0.35343288450415883,1.7944409879402279,-0.7041329887965482
1781078683.4619737,150.86298823356628,142.24795108140316,-134.4784804087411,-0.28930383989035136,0.214281230956459,1.762617028737833,0.3600182741410738,1.7990086013446698,-0.7017088527166006
1781078683.5607347,150.96174931526184,142.11973481126574,-134.6497025839276,-0.30987474209459265,0.20291306976830015,1.7657216507728497,0.3703998780655649,1.8041532688990098,-0.5694110120879163
1781078683.6609485,151.06196308135986,142.0057156100066,-134.80617905553055,-0.30819411643815897,0.2307666848691099,1.76714422154204,0.3850154233957083,1.8086004467493642,-0.44983296856413413
1781078683.7611976,151.1622121334076,141.87075128029997,-135.00151227517765,-0.31746352849120285,0.23467276448653251,1.7726974448787196,0.3947839894345214,1.8161251689774516,-0.7380159699536277
1781078683.8619678,151.26298236846924,141.7538272676676,-135.18335650466722,-0.32440162278444973,0.23809011412691916,1.7752826526296706,0.40239696235204586,1.8203164043753475,-0.7448399706639456
1781078683.9651346,151.366149187088,141.63590640102402,-135.36631531011537,-0.3186155539884794,0.2456155396482984,1.7709583564378528,0.4022969855220276,1.8160771913102074,-0.6953594632998
1781078684.0633593,151.4643738269806,141.51807043353895,-135.5514476275843,-0.33808852358168906,0.22647735479822018,1.7722197203992476,0.406934690108923,1.8183395115835856,-0.7845647473756784
1781078684.1616251,151.56263971328735,141.40555544147074,-135.7398827891129,-0.3233032116089305,0.26130636260069195,1.7687259752189795,0.4156993887080581,1.8169197993270323,-0.653971435774654
1781078684.2614765,151.66249108314514,141.32913473847572,-135.87223154136856,-0.370109984736132,0.19221403413678217,1.7713403394366751,0.4170463232310242,1.8197731270232977,-0.3954303766339791
1781078684.3612125,151.76222705841064,141.19430411592973,-136.1245601469914,-0.3537235445248825,0.25457418692963074,1.7785235376965793,0.4358077128759072,1.8311401739743698,-0.8615179053404535
1781078684.4626439,151.86365842819214,141.09662066290846,-136.32190398897424,-0.34052417192640405,0.27248968525094597,1.7782487550432402,0.4361276650641676,1.8309494736467078,-0.6543530834476498
1781078684.5630853,151.9640998840332,140.99151433053402,-136.53948254185232,-0.35110048442984976,0.28679206604869023,1.7809509580830476,0.45334450400920434,1.837745236536413,-0.8136617633396102
1781078684.6618736,152.06288814544678,140.90976240449928,-136.72003112764082,-0.3787415869015547,0.24673034129853022,1.7907611601864502,0.45201886129452284,1.8469289601385102,-0.7775085097887148
1781078684.7631147,152.16412925720215,140.8226812877219,-136.92302367627096,-0.37535778625206717,0.2602112869103337,1.795360999542985,0.4567311917699343,1.8525454111075308,-0.7541080187327175
1781078684.8618188,152.2628333568573,140.73775341871033,-137.12601209305126,-0.38652119759530024,0.27185547403661303,1.799599654427328,0.47255056338362006,1.8606082207625374,-0.7123724533707643
1781078684.962691,152.3637056350708,140.6591583744239,-137.3335007285058,-0.3835353653497009,0.29276894735747305,1.8058808317821482,0.48250702897546616,1.8692294165267447,-0.6992874305797904
1781078685.0611055,152.46212005615234,140.58480071108124,-137.54103429361015,-0.40795141415509306,0.27026785106937723,1.802454579723925,0.4893557679570144,1.8677022191989148,-0.9591557926347684
1781078685.1613934,152.56240797042847,140.51363457734197,-137.75076990397193,-0.39230999587636006,0.2967565941530097,1.810440843217207,0.4919060977847335,1.876077731818923,-0.691567157665358
1781078685.261261,152.66227555274963,140.4456630114033,-137.96279115805416,-0.41941315110014443,0.29041389120646954,1.815581919619208,0.5101447044922016,1.8858911226180592,-0.7430520173953304
1781078685.3610468,152.76206135749817,140.38090276199148,-138.1747740893537,-0.40851826378030864,0.299941593554621,1.8106165701007908,0.506805812305032,1.8802086307933263,-0.7147268298372159
1781078685.4618502,152.8628647327423,140.32465637802602,-138.36651356591764,-0.426209975335496,0.27970575309399237,1.8162077119020923,0.5097943226335122,1.8863988719679607,-0.6099522933561723
1781078685.5614347,152.96244931221008,140.26097860482116,-138.60313546937388,-0.42612642210445983,0.32553072506286185,1.8302585336865136,0.5362405995218013,1.907196969562349,-0.6831964435751423
1781078685.6620004,153.06301498413086,140.2100148399242,-138.81959419601523,-0.44230210418655247,0.2854999605279147,1.8341518165108495,0.5264421894465647,1.9082070812255523,-0.8361620665651045
1781078685.761709,153.16272354125977,140.16432971805511,-139.03719367317575,-0.44120250361953595,0.3241297769548339,1.8456322152204647,0.5474666761629762,1.9251176679279989,-0.6706187390597002
1781078685.8611338,153.26214838027954,140.1209072671496,-139.25643020788334,-0.45644604900570585,0.31060450668604744,1.8428857796502645,0.5521033917905251,1.9238103212281,-0.5237178834512071
1781078685.9620187,153.36303329467773,140.07733772805759,-139.47788224300734,-0.4392489473297303,0.3440783387597435,1.8443521822476818,0.5579691218463088,1.9269054240142995,-0.6138767324367022
1781078686.0627007,153.4637153148651,140.0381173541987,-139.6998370629581,-0.45999399708765054,0.31828369523378797,1.8381282841592794,0.5593737462630404,1.9213574828840896,-0.8900355803309602
1781078686.1629243,153.56393885612488,140.0052626400256,-139.92496939419382,-0.47523117445183516,0.3193648579303101,1.8383098867103342,0.5725719008576283,1.9254147140885467,-0.675097584228187
1781078686.261296,153.66231060028076,139.9745309145029,-140.1713393597496,-0.47371269022579554,0.3482743951598479,1.848400839013262,0.5879615354807817,1.939660905640429,-0.767231061420323
1781078686.3615167,153.76253128051758,139.9522843057894,-140.37294504062166,-0.4838662532080491,0.32680464730668746,1.845298485254169,0.5838902538104608,1.9354726368967798,-0.6827223875692471
1781078686.4638386,153.86485314369202,139.93324350467614,-140.59865114688768,-0.4914812444133929,0.31765617510541233,1.8541444274517285,0.5852001872801628,1.9443021413975339,-0.4939774770811366
1781078686.5612206,153.96223521232605,139.91836035095974,-140.82428972007907,-0.4906033608051814,0.3271263473554029,1.8568966344940334,0.5896637217664207,1.9482731882266138,-0.660746959905558
1781078686.6611524,154.062166929245,139.9067016785329,-141.0505198369556,-0.5099504734206164,0.3202313979718667,1.8601072876887768,0.6021608037633527,1.9551462235090817,-0.720923860596691
1781078686.7616198,154.16263437271118,139.8992899977949,-141.2543248707206,-0.5130044600493875,0.3050570019056522,1.8648317038906017,0.5968528716880138,1.9580170158294727,-0.5588863080114169
1781078686.860928,154.26194262504578,139.89401047709853,-141.50292849993113,-0.515967912725813,0.32637177708289755,1.8611458489705226,0.6105255308657295,1.9587254261327922,-0.6638111391241945
1781078686.9613364,154.36235094070435,139.89402391643887,-141.730242972353,-0.527189145735008,0.3234923311794944,1.8650112191028336,0.6185270274715173,1.9649026772571176,-0.694963770863826
1781078687.0614333,154.4624478816986,139.89721886304284,-141.93515758806458,-0.5277373921918809,0.29617228260406137,1.866247846378941,0.6051650816929105,1.9619138105978107,-0.5996351143209113
1781078687.1631503,154.56416487693787,139.90257231371493,-142.18483875936406,-0.5278990897195683,0.3398962271627681,1.860891545996744,0.6278589763364325,1.9639562724583215,-0.6005108668123629
1781078687.2616277,154.6626422405243,139.91005230953462,-142.412173386034,-0.5288566937762766,0.32979326315074786,1.861349875780597,0.6232599770333347,1.9629254593692642,-0.6841039444569835
1781078687.3635705,154.76458501815796,139.9228104836496,-142.64058807210827,-0.5530118278742293,0.32578413249393634,1.85550498022966,0.6418390629695445,1.9633787496075976,-0.6904665320649861
1781078687.4610293,154.86204385757446,139.93874876633956,-142.84440686336345,-0.5604589653283654,0.30135821599378687,1.842339881376909,0.6363419097968479,1.949140134694215,-0.6042024935873934
1781078687.5616176,154.96263217926025,139.96526389584506,-143.09294757964986,-0.5588543444586946,0.334546339953846,1.8511842168549464,0.6513366502023908,1.962427689528899,-0.6604123183164876
1781078687.6617258,155.06274032592773,139.9938824210157,-143.32019123048318,-0.5699188411804528,0.3220627648685195,1.8554687601567734,0.6546234872407386,1.9675609850688083,-0.684393908591702
1781078687.7613924,155.16240692138672,140.02464375060654,-143.5463156792805,-0.5733591931543742,0.31932002019860306,1.850785553058391,0.6562819818296639,1.9636988575349137,-0.6880775244990509
1781078687.8617246,155.26273918151855,140.05961621342772,-143.77338999523067,-0.5904856780259138,0.32273290910649166,1.862061919839632,0.6729263455788176,1.9799253672527453,-0.6232721370974519
1781078687.9612033,155.3622179031372,140.09878897904915,-144.0014114731895,-0.5876290283452761,0.3314583523274166,1.8683090948238323,0.6746647421361361,1.9863915495397848,-0.5969034904589936
1781078688.0635316,155.46454620361328,140.14112023709566,-144.22821219833924,-0.5974844685657104,0.32563326284994787,1.8677730453212547,0.680459192054566,1.9878633908999346,-0.5987330359633369
1781078688.1617403,155.56275486946106,140.1813267177777,-144.43259115733218,-0.5961897587759211,0.2943700184164584,1.8537926764941755,0.6649029524763723,1.969427130826433,-0.5403542451963315
1781078688.2611265,155.66214108467102,140.22889877517213,-144.66026350754987,-0.6016853693773783,0.2911845093195211,1.8525043420100038,0.6684412481216598,1.9694126127747733,-0.5408578401762115
1781078688.3614979,155.76251244544983,140.28596420529368,-144.91019366243805,-0.6087804402584993,0.3070284158715424,1.8498758553202783,0.6818211441381977,1.9715275176093414,-0.48883694747622014
1781078688.4607356,155.861750125885,140.33458671137618,-145.11329771877894,-0.6081727284057479,0.2946979709544735,1.8533110054691935,0.6758113358483825,1.9726841218640172,-0.5082809953142955
1781078688.561657,155.9626715183258,140.39061454919758,-145.3398712796016,-0.6200501913813525,0.2911835149343176,1.8594800075895257,0.6850183057419384,1.98164476580105,-0.5068959831107305
1781078688.6613636,156.06237816810608,140.44981182432423,-145.56530197011492,-0.6328038727077399,0.29057208945908997,1.8548538392618628,0.6963281413863257,1.9812510304126045,-0.5081339866650482
1781078688.7614958,156.16251039505005,140.52062995827552,-145.81196635266994,-0.6363737641443947,0.31659713888913643,1.8591973733981035,0.7107779653619637,1.9904321614399472,-0.5598363338670779
1781078688.8620274,156.263041973114,140.58196813884285,-146.01190000070002,-0.6329067356674329,0.2785647352941112,1.8622544894098418,0.6914978292103917,1.9864946592250872,-0.5645802776621782
1781078688.9617565,156.36277103424072,140.6560827612963,-146.25557502998024,-0.6484806978555753,0.3056841350962145,1.8674951896935477,0.716917014682156,2.000377036828136,-0.6851835361031464
1781078689.060927,156.4619414806366,140.7260186759926,-146.47481107643802,-0.6716551192177462,0.31588492204289764,1.8695747517717867,0.7422289964326727,2.011520229977315,-0.6980385014548869
1781078689.1610754,156.56208992004395,140.79810316035736,-146.69183871661144,-0.6644063331033294,0.29550513647683374,1.8665987444805163,0.7271582091622183,2.0032348674202547,-0.6212888436865714
1781078689.2616744,156.6626889705658,140.86697108584153,-146.88534108866745,-0.6576583690680877,0.26359232516523434,1.8639842658525518,0.7085163684004144,1.994099492913327,-0.5978433957504737
1781078689.3608894,156.76190400123596,140.95700934114274,-147.1224470852506,-0.6826235358080055,0.2719736582645851,1.8630878605366723,0.7348092013773676,2.002758332527407,-0.6850597582272772
1781078689.460788,156.8618025779724,141.04385593219314,-147.33603956011285,-0.6850812157482267,0.2781507973164423,1.8753862719787922,0.7393944402136392,2.0158813971425387,-0.6426077288065628
1781078689.562442,156.9634566307068,141.1338846750975,-147.5485683355314,-0.6846951929300644,0.2698008564323686,1.8729301466784747,0.735934786073588,2.0123288358740554,-0.7070491807603035
1781078689.6614459,157.06246042251587,141.22499772510636,-147.76108219649885,-0.6997480368030722,0.25925052870323384,1.8814670618331821,0.7462292889204095,2.0240495192573347,-0.6902193855805612
1781078689.7625158,157.16353034973145,141.3203402015426,-147.97133285699022,-0.7041690303600774,0.2745370710757413,1.8848031309514541,0.755794037230447,2.030691377131814,-0.6282332577419449
1781078689.8619657,157.26298022270203,141.4209404994297,-148.17933694509205,-0.7092135328916811,0.27049746295566024,1.8846014977040735,0.7590472400991577,2.031717381392054,-0.6534312610182905
1781078689.9618676,157.36288213729858,141.52366674512015,-148.38622130396817,-0.7188524647625911,0.2563836968590465,1.8866569030123594,0.7632047340722957,2.0351795340447367,-0.698289000087819
1781078690.0608482,157.4618628025055,141.63808004432332,-148.61213044313573,-0.7360751938867338,0.27548980344025153,1.8957583199249357,0.785939770500858,2.052218538659944,-0.8303933188133064
1781078690.1631048,157.56411933898926,141.7334451415467,-148.79778570597315,-0.719542584854338,0.25400256196996907,1.8883063924588128,0.7630588659508322,2.0366540856775326,-0.5921606902117189
1781078690.261072,157.6620864868164,141.83196175747804,-148.98227157260865,-0.7229255112966939,0.23051987302693533,1.8897359042335145,0.7587889737891167,2.0363846627032918,-0.6108918704367495
1781078690.3617632,157.76277780532837,141.9590391745374,-149.202540638206,-0.7385123859322391,0.2503066940542453,1.8961756863101578,0.7797781641362459,2.050252720670672,-0.6518249356898207
1781078690.462667,157.8636815547943,142.06600780930026,-149.3814831293494,-0.7286008570459899,0.23511549243815466,1.8933396924631283,0.7655968284107418,2.0422716995368075,-0.5899905650306536
1781078690.661186,158.06220054626465,142.32026361833482,-149.79306535451795,-0.754148074099902,0.2302351516339627,1.9122820056394834,0.7885096972875508,2.068470452244622,-0.7413818621874549
1781078690.7608342,158.16184878349304,142.44631962678974,-149.9854314656991,-0.7702348552831495,0.24272841572553716,1.9037952613631026,0.8075758887520624,2.067997875550719,-0.5245782394356204
1781078690.8621194,158.26313400268555,142.5755238662899,-150.17441402545302,-0.7752371383353136,0.22842252904993643,1.9080037174422564,0.8081890078638134,2.0721118836118295,-0.6936129469163582
1781078690.9629862,158.36400079727173,142.7058025871796,-150.360050225594,-0.773890211445746,0.2164408151969326,1.915726369692682,0.8035873853257368,2.0774407836062516,-0.7219580254340182
1781078691.0634053,158.46441984176636,142.83815617028128,-150.54450168134764,-0.7875359821337327,0.22473930784514096,1.918364943212287,0.8189753840293712,2.0858678613449935,-0.6628834127183018
1781078691.1634755,158.56449007987976,142.97052826148263,-150.72448235653687,-0.7864818850950144,0.21128473448666796,1.9105174114399228,0.8143678496906107,2.0768417787652513,-0.692419951176994
1781078691.298935,158.69994950294495,143.14202129365765,-150.95132329700238,-0.8311695959210681,0.2616296401289162,1.908648420036505,0.8713741824139488,2.0981496031230527,-0.7156984949588793
1781078691.461953,158.8629674911499,143.34719587105923,-151.2070436747817,-0.7693383006501904,0.15185619367412073,1.9090217098812454,0.7841822010250645,2.063808521448254,-0.45959479404714937
1781078691.5622692,158.96328377723694,143.51312266477007,-151.40455996811625,-0.79038499585198,0.1826974270765902,1.9172586599864498,0.8112254874745618,2.08181833040767,-0.5428540646110138
1781078691.6630466,159.06406116485596,143.65147469968215,-151.5651594094471,-0.7816106909843938,0.16237325127929125,1.917807559085221,0.7982984059811904,2.0773218765219132,-0.5709417708435794
1781078691.7609212,159.1619358062744,143.78870541431277,-151.72343757063322,-0.8059156280152422,0.1682933253497083,1.9174183233234343,0.8232998498945964,2.0866997075412925,-0.4841007477990135
1781078691.861413,159.26242756843567,143.92795151166797,-151.87715089053737,-0.8004968144921918,0.16724600550637092,1.918973052740814,0.8177813744332795,2.0859587612211756,-0.4538815920075076
1781078691.9616048,159.3626194000244,144.03653066395577,-151.9962579477684,-0.7680171559263727,0.1377429086714983,1.9187161146563727,0.7802714019407087,2.0713027275916396,-0.3491185207086338
1781078692.0607266,159.46174120903015,144.1986544531624,-152.17413648519155,-0.7948888007737764,0.15475350331448112,1.9049335848215534,0.8098128502213815,2.0699200020688657,-0.3672076600187605
1781078692.170371,159.57138562202454,144.33423235368366,-152.32062054340983,-0.8066238508772585,0.15241689570578387,1.9114131701910857,0.8208976470307645,2.0802339421518394,-0.2962267882028932
1781078692.2640321,159.66504669189453,144.4832468234005,-152.47796390926837,-0.8039667140701283,0.15884894342585199,1.9075364301582804,0.819509282534511,2.076123959820614,-0.24579766594212843
1781078692.3609884,159.7620029449463,144.60380425201572,-152.60416238233321,-0.7891094800785652,0.13792452401511923,1.9083866790513844,0.8010723724325166,2.0696996551807785,-0.21843969172443323
1781078692.4637616,159.86477613449097,144.74947206467536,-152.75576114334956,-0.8033261868238526,0.14997841018652025,1.9108839289046582,0.8172065136543073,2.078293500857165,-0.19663738636813172
1781078692.5621905,159.96320509910583,144.86580019736098,-152.87970929980477,-0.7926935118670997,0.14279178025049077,1.9115259664146211,0.8054517342853637,2.074291208230091,-0.22304666925640762
1781078692.6613028,160.0623173713684,144.99264581249028,-153.01587190586935,-0.7949880065674222,0.13670749013951422,1.9164297757433728,0.8066565988363879,2.079278229050187,-0.23272051625277937
1781078692.7609894,160.16200399398804,145.1194982793132,-153.14981622980432,-0.7891927622717674,0.13177952137522198,1.9173631658485,0.8001194025119157,2.077612227541176,-0.231502395541893
1781078692.8624458,160.26346039772034,145.26939198983075,-153.30809818692936,-0.8053600607697717,0.15475451427005282,1.9141752256387425,0.8200937673035019,2.0824554212801725,-0.21991031143616074
1781078692.9618785,160.36289310455322,145.3658000112079,-153.41101045809197,-0.7793106224598603,0.13361750245218218,1.9076687544404878,0.7906824161699397,2.0650372296665394,-0.21997527689640814
1781078693.0613146,160.46232914924622,145.48634534917954,-153.53940027767237,-0.78627808804805,0.12416849146489994,1.904682988146481,0.7960220135254842,2.064332417841607,-0.23913205495600356
1781078693.1708596,160.57187414169312,145.61950746978766,-153.6777931958276,-0.7921409190864495,0.13076134715950616,1.9031421896501313,0.8028609877196013,2.0655594785985687,-0.2480334152096767
1781078693.2624648,160.66347932815552,145.7243362439885,-153.78960142663286,-0.7719462976353384,0.11899340166380057,1.904920481118392,0.7810637080753585,2.0588303853053933,-0.2356017988532483
1781078693.361158,160.76217246055603,145.84068376757273,-153.91356598525712,-0.7813599300029068,0.12347172356265901,1.903854520993808,0.7910553752637556,2.0616572566365736,-0.23121882327026208
1781078693.4611301,160.86214470863342,145.9559698059651,-154.0352979050083,-0.7732915648729772,0.10994715181740844,1.90399329105397,0.7810686400672211,2.0579744101603854,-0.22293336604785627
1781078693.5615814,160.96259593963623,146.06813591052952,-154.15596096865883,-0.7651684637336018,0.10346957958890357,1.9048366902221612,0.7721325869258108,2.05538111994084,-0.23357267026748596
1781078693.662846,161.06386065483093,146.1792746875077,-154.27442806472274,-0.7788518212813642,0.10712369125036503,1.9094025808776656,0.786184230788434,2.0649222408126393,-0.24375771598558615
1781078693.7628424,161.16385698318481,146.28935358887978,-154.39176918331407,-0.7739579357268269,0.10210693542381932,1.9062202289686054,0.7806642764570281,2.0598816164686014,-0.2420911493047873
1781078693.8617225,161.26273703575134,146.41721003267614,-154.5301046818274,-0.7872603906543247,0.11640406148487159,1.90734518190403,0.7958195952748172,2.0667110274917224,-0.2282747353526701
1781078693.9619074,161.3629219532013,146.49897982209055,-154.62309299503863,-0.7708125960746202,0.0991771146849203,1.9035946004255702,0.7771667506684272,2.0561275644069137,-0.23497296993564734
1781078694.0616083,161.46262288093567,146.60172224941385,-154.73600485992654,-0.7612691069283528,0.09327989409231918,1.9041668387325037,0.7669627056157073,2.0528232124403463,-0.2455289283654001
1781078694.1720502,161.57306480407715,146.71179904180534,-154.85334474850995,-0.762554394204102,0.10035719337940918,1.9058663734307288,0.7691298787480415,2.0552098198862754,-0.2334818092353054
1781078694.262668,161.6636824607849,146.8009087758407,-154.94744064748318,-0.7456552145068258,0.08356390734329011,1.9021942936605478,0.7503230141290472,2.044829517677806,-0.22607070097785859
1781078694.3646522,161.76566672325134,146.87011652829605,-155.02162604756677,-0.7242368923267861,0.050295974078892414,1.9009589798290343,0.7259812402643098,2.0348694808779135,-0.23710399417262287
1781078694.4630442,161.86405873298645,146.94561299855354,-155.10134730413162,-0.71794971825949,0.044900648246368746,1.9026953507440905,0.7193523935887232,2.0341380149599,-0.2471246224081008
1781078694.5624356,161.96345019340515,147.020047009803,-155.17994737567312,-0.7144601509417328,0.043257943673950194,1.9012963237725469,0.7157685079511268,2.031563995488595,-0.239433270629309
1781078694.6615455,162.06256008148193,147.0923619571171,-155.25741881835074,-0.7108585942813477,0.04111366643999759,1.907902094530124,0.7120465396529871,2.0364431435579604,-0.23207131775087955
1781078694.761421,162.1624355316162,147.16357533023884,-155.33372386875755,-0.711260599261152,0.0352605189240478,1.9025595926976524,0.7121340774433746,2.0314694061250305,-0.21144365674934507
1781078694.8629155,162.26393008232117,147.23580294338745,-155.4111001173535,-0.7158968965441943,0.03486200623137847,1.905069004918535,0.7167452308596727,2.035438930418052,-0.20608028659144492
1781078694.9626887,162.363703250885,147.30170259880944,-155.48732826958394,-0.7005736335306096,0.03281417228421901,1.904854858563286,0.701341704093646,2.0298650738640576,-0.19717014371165179
1781078695.062094,162.4631085395813,147.3697940096614,-155.56365428215804,-0.7107638478813953,0.03726120622286544,1.90321405456731,0.7117398716837144,2.0319442370416785,-0.2288442039236755
1781078695.1710093,162.5720238685608,147.4452563363359,-155.64555483673638,-0.7191266445859412,0.04214785916772712,1.9054385466624297,0.7203607242110422,2.037060536187594,-0.23777383832330912
1781078695.2622354,162.66324996948242,147.51966888193277,-155.7274528026571,-0.7185847268571308,0.039836080680970554,1.9037899184432885,0.7196880734014968,2.0352805645813703,-0.2285114252392462
1781078695.3606768,162.7616913318634,147.5741638121084,-155.78499445551927,-0.7076034076806934,0.026330180588161056,1.9033532181347432,0.7080931160314544,2.030800170857541,-0.22980291181858264
1781078695.4615872,162.86260175704956,147.64227132217326,-155.8580179273069,-0.7021797495592068,0.02894120575936654,1.9023196380684708,0.7027759202490054,2.0279827414114733,-0.22496102073661578
1781078695.5607476,162.9617621898651,147.6852534883873,-155.9045143136118,-0.677286099570324,0.004958450549878535,1.9077882865869356,0.6773042498781758,2.024449849549589,-0.23698920630279943
1781078695.6612985,163.06231307983398,147.7261526096958,-155.94770460740634,-0.6700775557101224,-0.019350536532073193,1.9084764847568543,0.6703569004124081,2.022785422826754,-0.23239575975346308
1781078695.7621734,163.16318798065186,147.76601094437362,-155.99089851701515,-0.6686707905506921,-0.007328075594472239,1.9115750110588952,0.6687109441512123,2.025165017901608,-0.23028423138172904
1781078695.8611977,163.26221227645874,147.80583161122678,-156.031838814644,-0.6636432191289714,-0.017389071325879968,1.9103571324458142,0.6638709980842968,2.0224215870050526,-0.2240591333929015
1781078695.9618769,163.36289143562317,147.84147082552678,-156.07390241978928,-0.656757943675899,-0.019887738134030997,1.9077013224444415,0.6570589918032346,2.0176845279591538,-0.23322629625632166
1781078696.060971,163.46198558807373,147.87711543925403,-156.1159684510226,-0.6567198903670999,-0.014045087698036696,1.9065783676960038,0.656870062411297,2.0165612688580974,-0.23322795499563626
1781078696.1618364,163.56285095214844,147.91277625187055,-156.15473107802043,-0.6515690237236242,-0.022034044514896323,1.9060334691344718,0.6519414788106684,2.014445650111869,-0.22899251826957362
1781078696.2616017,163.66261625289917,147.94737021134821,-156.19347689726519,-0.6541782748553544,-0.020431138937794913,1.9074800674980221,0.6544972473059173,2.0166424707005657,-0.23125192358959087
1781078696.3613956,163.7624101638794,147.97882471526782,-156.22668817843427,-0.6518456289002756,-0.02077871272467746,1.9069346666587794,0.6521767236101658,2.0153744817586436,-0.2238521007550629
1781078696.4617496,163.86276412010193,148.01341828946968,-156.26321747618871,-0.6439675067345831,-0.02823316370435691,1.9034337333964897,0.6445861162503521,2.0096146990640795,-0.22608652687308636
1781078696.5617025,163.9627170562744,148.04907722465654,-156.3030894098693,-0.6480376917254773,-0.023987452628972505,1.9091857480723387,0.6484814937841418,2.0163130878965814,-0.23573263193876548
1781078696.6634943,164.0645089149475,148.0815773718694,-156.3374059583952,-0.6472773282021933,-0.02638977111450913,1.9097810994994207,0.6478150659131401,2.016662641005992,-0.22133547884726298
1781078696.7623744,164.16338896751404,148.11197760703237,-156.36950727713577,-0.6412103222295968,-0.030285765764205053,1.9079023443261227,0.6419251552491986,2.0129975808298486,-0.23042291203285908
1781078696.860724,164.26173853874207,148.14237812676402,-156.40161207105442,-0.6498734897728582,-0.027279277366432098,1.909083170418404,0.6504457792031462,2.0168485970091985,-0.22626296361795858
1781078696.9622653,164.36327981948853,148.17068490503956,-156.43592966992824,-0.6486573854935784,-0.028505122422529894,1.9097113921049587,0.6492834094289551,2.0170688007341613,-0.2237500962998475
1781078697.0616207,164.46263527870178,148.19898854966405,-156.46803107558458,-0.6430835299065905,-0.027207638725201377,1.9029001417270475,0.6436588242556158,2.0088119950425773,-0.2278794475942147
1781078697.1613467,164.56236124038696,148.22834074501475,-156.4990288461144,-0.6449620689392077,-0.026302998719756943,1.9055912323178235,0.6454981937325579,2.0119507605303255,-0.22272616110552876
1781078697.2613685,164.6623830795288,148.2587442825802,-156.53334444787532,-0.6480408895433811,-0.024565344575051995,1.9092527245103776,0.6485063227712339,2.0163844912924143,-0.2238239812553807
1781078697.3621333,164.76314783096313,148.28390328345026,-156.5599123009304,-0.6451069712475714,-0.02579744439455567,1.9072721715877101,0.6456225774316642,2.013582789209921,-0.22775078612563468
1781078697.46098,164.8619945049286,148.31115824476942,-156.5898034987862,-0.6439855721816343,-0.026315567394846084,1.906786226066164,0.6445230222927801,2.012770140423656,-0.22509065570565778
1781078697.5618644,164.96287894248962,148.33843450033467,-156.61860332681297,-0.6425301797335408,-0.03098295607483692,1.9112679833051336,0.6432767487136088,2.0166185260090277,-0.23479686034990677
1781078697.6616316,165.062646150589,148.36569027663774,-156.64849122112278,-0.6414135115330168,-0.027325402674392762,1.9101013715732484,0.6419953040392377,2.0151042702784485,-0.22709207528084244
1781078697.76185,165.1628646850586,148.39083134408656,-156.67393474234328,-0.6423592038988772,-0.036216813570945305,1.9118534076177034,0.6433793627548462,2.017206101675844,-0.21800727682264925
1781078697.8609192,165.26193380355835,148.42020372049762,-156.7060560240768,-0.6468712787775814,-0.032428296342004614,1.9070477414636267,0.6476836000015659,2.0140320588144838,-0.24017395730167557
1781078697.9609077,165.36192226409912,148.4453655647478,-156.73373069112102,-0.6426542245719133,-0.033294414853770604,1.9063905193572093,0.6435160995814962,2.0120730063085763,-0.2223288691426775
1781078698.0613291,165.46234369277954,148.47471779210437,-156.7658354696666,-0.6458728467820833,-0.026619122572896003,1.9062325857094986,0.6464211567522704,2.012854436544696,-0.2253233136082294
1781078698.162409,165.56342363357544,148.50195690201028,-156.79459726793007,-0.6462595057688247,-0.03308406116423157,1.9061543566983377,0.6471057903462805,2.0130003317088,-0.2239519400789247
1781078698.2631066,165.66412115097046,148.52818428356912,-156.82339755119278,-0.6433459805740256,-0.02930061624982727,1.9083147086466228,0.6440128700836453,2.014055015154854,-0.22228869536548454
1781078698.3614552,165.76246976852417,148.5554403635922,-156.85218085098245,-0.6387436753255145,-0.03406384869725798,1.9110885147659464,0.6396513335844896,2.015294802212998,-0.22492579131970952
1781078698.4612243,165.86223888397217,148.58164832253718,-156.87985529214515,-0.6441524054830836,-0.037936688569431,1.908523454255067,0.6452685594612967,2.0146546327524604,-0.22287347624177806
1781078698.5601752,165.9611897468567,148.60785726653464,-156.9086377535763,-0.6456890463019818,-0.03667939547111132,1.903162347934856,0.6467300229357602,2.010046428608902,-0.23016509377468744
1781078698.6622515,166.06326603889465,148.63303562134942,-156.93633240307034,-0.6434261307113047,-0.037492933645239646,1.9073065477649127,0.6445175759864484,2.0132613275236664,-0.23559314699443815
1781078698.7610013,166.162015914917,148.65922519273994,-156.96288103089702,-0.6455819468455104,-0.039016651252097745,1.90478278236186,0.6467598852493615,2.011590365146432,-0.2158276550710621
1781078698.8616943,166.262708902359,148.68438519035027,-156.99055688930272,-0.6463641905042437,-0.042430992736711914,1.9031651920124302,0.6477553982104889,2.010379268694974,-0.22071607524107748
1781078698.9613073,166.3623218536377,148.70639864731302,-157.01823216213683,-0.6415259148980397,-0.03894320285817798,1.9042870824879643,0.6427068324941163,2.0098212271406486,-0.22539170990528082
1781078699.060551,166.46156549453735,148.72947981504473,-157.04481927891257,-0.6404325102757298,-0.04052481335565972,1.905052995298007,0.6417133789438894,2.01022958281125,-0.22497207397028995
1781078699.1632001,166.5642147064209,148.753573803155,-157.07026100985706,-0.6422418922649626,-0.03590519257068081,1.9080875135522881,0.6432447675913249,2.013594246715999,-0.21105999484631083
1781078699.2950242,166.69603872299194,148.7850228806682,-157.10457785006943,-0.6507371788535181,-0.033642912546810066,1.9062607882998541,0.6516062626363163,2.0145522863694674,-0.22476652508858846
1781078699.3629086,166.76392316818237,148.79865175206143,-157.11896932004484,-0.6449452587607709,-0.042748994566210285,1.9040666388135021,0.646360474761893,2.0107838343235622,-0.2242406935672838
1781078699.4610999,166.86211442947388,148.81963628234033,-157.1422354848779,-0.6376463551408165,-0.04423594095607086,1.9047045834352665,0.6391789207230142,2.0090916462063024,-0.22283085866132515
1781078699.5610564,166.96207094192505,148.84058531787744,-157.16435527749823,-0.6410778275261748,-0.04867473265633748,1.9054068639710773,0.6429230206990926,2.010951348942321,-0.2078267744389501
1781078699.6606443,167.06165885925293,148.86153429689378,-157.1864760117047,-0.6375137883325692,-0.043181085781554884,1.9058047384989822,0.6389745194320489,2.0100696848041344,-0.2091184427830936
1781078699.7616782,167.16269278526306,148.88147048710343,-157.20863518273347,-0.6389230707713409,-0.046079253505666884,1.9090737764512409,0.640582537982046,2.0136803797776155,-0.23281575562060622
1781078699.8606362,167.26165080070496,148.90245444136232,-157.23079475996607,-0.6407455768755312,-0.046167896242451434,1.910155237920238,0.6424067005636002,2.0152864317220844,-0.21534752176076927
1781078699.962783,167.36379766464233,148.91608286160695,-157.2462927571198,-0.6350848169098811,-0.05038106499708306,1.9085945753435565,0.6370800392256042,2.012114367875382,-0.21475419927977174
1781078700.0613022,167.4623167514801,148.93596579988164,-157.2661793534804,-0.6324774431331548,-0.05468357917683875,1.9087156505132303,0.634836994750497,2.011520182453556,-0.20709341084119817
1781078700.1608453,167.5618598461151,148.9527214427391,-157.2849791019691,-0.6333333350949601,-0.055051901147152194,1.907902881039209,0.6357214996855313,2.0110284007542347,-0.21141921638153155
1781078700.2606332,167.66164779663086,148.97057712064415,-157.30494383472896,-0.6335326653905042,-0.0530826569481917,1.9087367746159274,0.6357526300263933,2.0118293867415025,-0.2261116538930383
1781078700.3622942,167.76330876350403,148.985253843855,-157.32044179868925,-0.63295571809536,-0.05552874776950034,1.9071625813674242,0.6353867978628936,2.0102202602368027,-0.21757119967346727
1781078700.4611485,167.862163066864,149.00096169289537,-157.33702712506167,-0.6336973497621159,-0.05872658673885667,1.9075742014750485,0.6364127144279299,2.0109352245208436,-0.20006696869148285
1781078700.5619774,167.96299195289612,149.01562072498714,-157.35250494048196,-0.6271479799167423,-0.06096100730752596,1.9038655089518803,0.6301038272583327,2.0054263160989487,-0.20732398961250287
1781078700.661823,168.062837600708,149.0302974497374,-157.36800290462284,-0.6235602952958459,-0.0613954934511014,1.9066741281417738,0.6265754930457677,2.006988559860454,-0.2180165991751078
1781078700.7627995,168.16381406784058,149.04394360311832,-157.38241308738887,-0.6279427259833312,-0.06530685929652691,1.9087495429426333,0.6313295914073357,2.0104481765691613,-0.22487825053744454
1781078700.861342,168.2623565196991,149.05652366067054,-157.3968040620328,-0.6226119843030062,-0.06313263562452676,1.9072232564526204,0.6258046122222384,2.0072697782391793,-0.20983996652933415
1781078700.9618096,168.36282420158386,149.06595819710273,-157.40787351441656,-0.6237944289003678,-0.06727612363246749,1.9098832744542373,0.6274117996484821,2.010298407793775,-0.21439989309418428
1781078701.0635664,168.46458101272583,149.0774904527651,-157.42115703295843,-0.618257098533121,-0.06898578463346894,1.9083484594013684,0.6220939465772743,2.0071857713893015,-0.21481056576823554
1781078701.1633725,168.5643870830536,149.08797326991748,-157.43222744141028,-0.6220068657255808,-0.0701606580651628,1.9070788133985501,0.6259513231473334,2.0071782829294262,-0.21554539657301158
1781078701.294362,168.69537663459778,149.09950496746447,-157.44551139452497,-0.6206465557586966,-0.06673601212182234,1.909668069843148,0.6242241924894109,2.0091012865128306,-0.21573665349678572
1781078701.3965173,168.79753184318542,149.1099711239857,-157.45545471062505,-0.6181639019673639,-0.06816958956142116,1.9074479759095049,0.621911330204306,2.0062730331232976,-0.20135907905168654
1781078701.4633887,168.86440324783325,149.1141639841608,-157.45988219147907,-0.6164959395759695,-0.07456836601542705,1.910599735328066,0.6209892790732124,2.00898457768086,-0.21189025544788248
1781078701.5615785,168.96259307861328,149.1204540193879,-157.46763118145975,-0.615704341126758,-0.07458344986557108,1.9165759901718757,0.6202052294814882,2.014427475184821,-0.21030101661550418
1781078701.6620195,169.0630340576172,149.12571295849304,-157.4731848511718,-0.6031193920211706,-0.07959565818316605,1.9147093522659029,0.6083489704385122,2.0090297094588,-0.22109087275252098
1781078701.761003,169.16201758384705,149.13095463632274,-157.47761283200074,-0.604188879617567,-0.08149697556473257,1.9146485599128207,0.6096605279003467,2.0093693207710643,-0.21020452549102026
1781078701.8614388,169.2624533176422,149.13408189370315,-157.48202161316934,-0.6068854353746076,-0.08639761094673304,1.9145240848438014,0.6130044688639146,2.0102678802324143,-0.21120253111197856
1781078701.9630518,169.36406636238098,149.13722688229032,-157.48534258057256,-0.6000083458572476,-0.08629069806397638,1.9152158452207606,0.6061815731863834,2.008857345222749,-0.20479070561768076
1781078702.0608966,169.46191120147705,149.13934086571194,-157.48868231435523,-0.5968874108835109,-0.08696478706841049,1.913967408142575,0.6031894026432122,2.0067657299478388,-0.21877354249700343
1781078702.1622207,169.56323528289795,149.14038925764322,-157.49089636798175,-0.5956456724240411,-0.09190505952722106,1.9119405209326417,0.6026942069110919,2.004683731322318,-0.20773915339614554
1781078702.2613695,169.66238403320312,149.1414376187962,-157.49200339031094,-0.5898046573680915,-0.08515045102771523,1.91268234737468,0.5959195693743536,2.0033656418941677,-0.2138103196769544
1781078702.3608036,169.76181817054749,149.1414376187962,-157.49200339031094,-0.5910632284058579,-0.08847711165833516,1.912540843597144,0.5976486754448276,2.003745597047747,-0.21940442835422533
1781078702.461253,169.86226749420166,149.13934092152772,-157.48978937070342,-0.58600081129714,-0.09251742067391433,1.9099862930011875,0.5932591541384425,2.0000010158551116,-0.22284827504235996
1781078702.5628104,169.9638249874115,149.1372437080849,-157.48868282657872,-0.5855805801369058,-0.09231230778749477,1.915170847554687,0.5928120933335692,2.004820578836387,-0.20782402055975027
1781078702.6631017,170.06411623954773,149.13829258211342,-157.48868237303816,-0.5845777875707654,-0.08905845574642512,1.9109123958116758,0.5913227530385321,2.000312171319214,-0.2114173745992086
1781078702.7614114,170.16242599487305,149.13827528343307,-157.48866364062565,-0.5858069654007352,-0.09225332632587424,1.9112607054716053,0.5930265398194303,2.001149160160238,-0.21182712768541337
1781078702.8616602,170.2626748085022,149.1372259098829,-157.48755657847116,-0.5824598741810405,-0.0932474727471515,1.9136882320156208,0.589876763574159,2.0025377014078405,-0.20330380497347442
1781078702.9625328,170.36354732513428,149.13512972141967,-157.48534308984776,-0.5849228026395679,-0.09885330873649423,1.912818260000656,0.5932172129126729,2.0026932759381344,-0.20378823092870577
1781078703.061704,170.4627184867859,149.13722694762336,-157.48755664305054,-0.586386136400364,-0.09904863016387822,1.9124990828633561,0.5946926366619036,2.0028260219133025,-0.2083033489250611
1781078703.1610677,170.5620822906494,149.1414203106845,-157.49087765188446,-0.5885117116875449,-0.08807617153721026,1.9130496178188912,0.5950659180175386,2.003462574400396,-0.20278534225051484
1781078703.2635806,170.6645951271057,149.14351700957832,-157.49309167134996,-0.5944733244321014,-0.09017202445835437,1.9123019638772267,0.6012732552311575,2.0046017880130136,-0.20324633025841504
1781078703.360433,170.76144766807556,149.14246864776558,-157.49198464894337,-0.5894430672433373,-0.08750534898581463,1.9126506447580471,0.5959029414446304,2.0033304281909503,-0.20583522761156783
1781078703.4616141,170.862628698349,149.1414203106845,-157.49087765188446,-0.5890503611144879,-0.08765948125162026,1.9148345929968265,0.5955371630573627,2.005306966805764,-0.20499782365402325
1781078703.56056,170.96157455444336,149.140371982241,-157.49087766041376,-0.5909655772900635,-0.09338806576980119,1.9127996928715985,0.5982989590246691,2.0041866952506404,-0.2048414358703581
1781078703.6608646,171.06187915802002,149.140371982241,-157.49087766041376,-0.5917208549411725,-0.09309760957148683,1.913870937909147,0.5989997788649318,2.005418335922327,-0.20568959655373062
1781078703.7611513,171.16216588020325,149.140371982241,-157.49087766041376,-0.5890102335184793,-0.0901524422879163,1.9139217641831934,0.5958695478374184,2.0045341198029223,-0.20543933228442296
1781078703.860742,171.26175665855408,149.1393236461255,-157.48977066313543,-0.5884292648841267,-0.09374200438833213,1.91032355962913,0.5958494467219181,2.0010928678182145,-0.20411708330003198
1781078703.9605358,171.36155033111572,149.13827529277856,-157.48977064652388,-0.5845378291514578,-0.08830437855579021,1.9157404976879486,0.5911701421597874,2.0048799942796807,-0.2016724389593776
1781078704.061627,171.46264147758484,149.13827528343307,-157.48866364062565,-0.5884693349227632,-0.09635080779489158,1.9121024872441,0.596304985982146,2.002926748044531,-0.20387165919397868
1781078704.160484,171.56149864196777,149.1414202968378,-157.49198463305396,-0.5911415641569704,-0.09461565392805937,1.9113214253188435,0.5986655751270352,2.002885433998919,-0.20305469682421626
1781078704.260287,171.661301612854,149.14456579881664,-157.49530613395922,-0.5952362712097568,-0.0895336261316686,1.9139155866340891,0.6019322958373147,2.0063387953017533,-0.20449981455065522
1781078704.361825,171.76283955574036,149.14456531800042,-157.49641263052894,-0.593285436091918,-0.08935935293010289,1.9114717582557998,0.5999772517644848,2.0034213199535396,-0.2026819656216462
1781078704.4605496,171.8615641593933,149.1445658079422,-157.49641313983167,-0.5956315437894375,-0.08892042111503429,1.9154619506762423,0.6022323282988582,2.0079039473382934,-0.20423576654476167
1781078704.5604653,171.96147990226746,149.14456578444418,-157.49641311539972,-0.5940439354326088,-0.08733314159118777,1.9121661431770676,0.6004292421630112,2.004219208060114,-0.20386352900241939
1781078704.6617932,172.06280779838562,149.1445652945024,-157.49641260609698,-0.5942984964680136,-0.0891597327955651,1.914876542356962,0.6009493829402923,2.0069609695570243,-0.20619377550734258
1781078704.7608662,172.16188073158264,149.14456528515692,-157.4953055997604,-0.5936127644912688,-0.08930646821193022,1.9146814028418335,0.60029306128878,2.006578339816272,-0.20482736212705602
1781078704.8634129,172.26442742347717,149.14456528515692,-157.4953055997604,-0.5944757455344813,-0.08920548726899824,1.9133724174154179,0.6011314589901919,2.005580474255221,-0.2033913092058283
1781078704.9617162,172.36273074150085,149.14456528515692,-157.4953055997604,-0.5945276411991642,-0.08657791587756947,1.9122835897107333,0.6007985117055016,2.0044419121402632,-0.205044205044364
1781078705.060888,172.4619026184082,149.1445657750987,-157.49530610906314,-0.5954415828263677,-0.09110708040529403,1.9132876417350473,0.6023712963436645,2.0058715758180545,-0.2033620492715236
1781078705.1613863,172.5624008178711,149.14561413581185,-157.49641313090237,-0.5957152187274914,-0.09028521192112748,1.915095209004527,0.6025180838076031,2.007639833453022,-0.20588470032882555
1781078705.2604094,172.66142392158508,149.1477108252743,-157.49752014479225,-0.598545170444396,-0.08702547759608592,1.9119062480303914,0.6048386188175635,2.0052967999951496,-0.20493320980847235
1781078705.3609564,172.7619709968567,149.1477108252743,-157.49752014479225,-0.5971301683759691,-0.08745770778213569,1.909382333135683,0.6035008605090953,2.0024869993899794,-0.2021626157828531
1781078705.4603279,172.86134243011475,149.1477108252743,-157.49752014479225,-0.5964468115409147,-0.08872914241987928,1.9128615078133189,0.6030104971821724,2.005657200965742,-0.20506410129543637
1781078705.5607703,172.96178483963013,149.1477108252743,-157.49752014479225,-0.598291956099473,-0.08857109012501496,1.9134856608745503,0.6048124525332356,2.0067948268599314,-0.2038242622913818
1781078705.6629484,173.06396293640137,149.1477108252743,-157.49752014479225,-0.5975741269366495,-0.0873464884955979,1.9141672549665576,0.6039240401214465,2.007177253314419,-0.20482877583007683
1781078705.761192,173.16220664978027,149.14875915371778,-157.49752013626295,-0.5994728345870328,-0.08973543941803541,1.9126636328193758,0.6061519021626179,2.0064152862269493,-0.20420365539269655
1781078705.8607442,173.2617588043213,149.14875913052558,-157.49752011153421,-0.6000020934607448,-0.08733128212435304,1.9137939070259575,0.6063243892461854,2.0075448646454803,-0.2025802666368003
1781078705.9606307,173.3616452217102,149.14980749071296,-157.49862713364448,-0.6003176945989992,-0.08494483128666275,1.9127780821596572,0.6062977476545471,2.006568451461687,-0.2025656394219473
1781078706.0603116,173.46132612228394,149.14980749071296,-157.49862713364448,-0.6025027229395619,-0.08809074764650404,1.912583344041723,0.6089084586130386,2.007173275747843,-0.20343546472362528
1781078706.1615508,173.56256532669067,149.14980749071296,-157.49862713364448,-0.6027225540153722,-0.08744161970511755,1.9117369369716666,0.6090324408235309,2.0064044034434527,-0.2039195142312034
1781078706.260708,173.6617226600647,149.15085581968222,-157.49862712484415,-0.6009840719048896,-0.08839361997206652,1.9119894565533069,0.6074498224011162,2.0061652396316108,-0.2046752685753244
1781078706.36066,173.76167464256287,149.15085581968222,-157.49862712484415,-0.6022981532191807,-0.0855533263185464,1.910862013358207,0.6083440120650513,2.0053618304711955,-0.20217880109941067
1781078706.4630985,173.86411309242249,149.15085581968222,-157.49862712484415,-0.6051690664091893,-0.08963825929151881,1.9128656365602426,0.6117717028985432,2.008312615107619,-0.20056270453481587
1781078706.5611792,173.9621937274933,149.1519041238339,-157.4986270910188,-0.6029437628053529,-0.0880393428031141,1.91302143720089,0.609337432780132,2.007720878552903,-0.20307170291474036
1781078706.6603885,174.06140303611755,149.1519041238339,-157.4986270910188,-0.6031248199016943,-0.08919875688823709,1.9117576932697466,0.6096851372732142,2.006622397061271,-0.20052468794634273
1781078706.7615972,174.16261172294617,149.1519041238339,-157.4986270910188,-0.6035322747979137,-0.08885031142341404,1.9143017960712754,0.6100373632514504,2.009153292062229,-0.20098937840377573
1781078706.8621612,174.2631757259369,149.1519041238339,-157.4986270910188,-0.6021815263773362,-0.08673941561710308,1.914277686092138,0.6083965129187832,2.008632713166348,-0.2004019055199688
1781078706.9615643,174.36257886886597,149.15085584340014,-157.49862714974026,-0.6023977264991913,-0.08767987326223192,1.9129433253949384,0.6087452513709455,2.0074667985398214,-0.20342715914997064
1781078707.0608916,174.4619061946869,149.1498075377949,-157.49862718306247,-0.6011145041680095,-0.09019570602544036,1.9091750656972106,0.6078436579471562,2.003602591330558,-0.19990668285854843
1781078707.1618881,174.5629026889801,149.1498075377949,-157.49862718306247,-0.601123462547406,-0.08605956263861003,1.9101941890525032,0.6072525549938275,2.0043945483453305,-0.2021761845660782
1781078707.2606924,174.66170692443848,149.1498075377949,-157.49862718306247,-0.5999234594270888,-0.08458074565831453,1.9113243278647303,0.6058564679089283,2.005049312609205,-0.20149004724357894
1781078707.3614063,174.76242089271545,149.1498075377949,-157.49862718306247,-0.6019353798126019,-0.08923401104181039,1.9118718164677164,0.6085136894078483,2.0063755263659684,-0.2006412584316736
1781078707.4612212,174.86223578453064,149.1498075144309,-157.49862715854056,-0.6025348238330821,-0.08891330575971779,1.9098842663286697,0.6090597588682775,2.004647525287796,-0.1986099609996443
1781078707.5613463,174.96236085891724,149.1498075144309,-157.49862715854056,-0.6012519205156366,-0.08908595939669794,1.9129297817871815,0.6078159097007675,2.007172272161442,-0.19948559789022294
1781078707.660512,175.06152653694153,149.1498075144309,-157.49862715854056,-0.6036583994783484,-0.08690256761599358,1.9133580780468384,0.6098815618782172,2.0082068255899603,-0.20151620933586753
1781078707.761353,175.16236758232117,149.1498070335288,-157.49973365543286,-0.6005959970385675,-0.0869206542305676,1.9124966893380027,0.606853155047101,2.0064681254680927,-0.20280205223193243
1781078707.8615885,175.2626030445099,149.1498070335288,-157.49973365543286,-0.6038378824725896,-0.08641249845820198,1.909683929441568,0.6099895967955271,2.004739389189068,-0.19908123635617075
1781078707.9613824,175.3623969554901,149.1487586966195,-157.4986266581671,-0.6012788192686287,-0.08954015754505917,1.9105197646685572,0.6079092517097189,2.004903845450816,-0.19929684454787772
1781078708.0614686,175.46248316764832,149.14771036795608,-157.49862666667062,-0.601893471284825,-0.0878905521940112,1.909689628708469,0.6082766639780492,2.004224283341801,-0.20030819078759218
1781078708.161839,175.5628535747528,149.14771085789786,-157.49862717597335,-0.598890426864358,-0.08951730043284556,1.9111926372524861,0.6055436321740633,2.004829266335333,-0.1987474341208242
1781078708.2608402,175.66185474395752,149.14771083417995,-157.49862715107724,-0.5991781748251128,-0.08480298047538781,1.914692109324829,0.6051495936413264,2.0080467883480764,-0.20225210182605521
1781078708.3619194,175.76293396949768,149.14771083417995,-157.49862715107724,-0.600967329902943,-0.08885092487605561,1.9134700183214242,0.6074999740428004,2.00759152455797,-0.20005786216365354
1781078708.4613295,175.86234402656555,149.14771083417995,-157.49862715107724,-0.601788297496654,-0.089112173090939,1.9141332257493957,0.6083503385360369,2.0084810530136195,-0.19944183629244355
1781078708.5608232,175.9618377685547,149.14771083417995,-157.49862715107724,-0.5983178121576884,-0.08854925712984141,1.9136119766215431,0.6048348330605717,2.0069220145169617,-0.20473600416870147
1781078708.660892,176.06190657615662,149.14771083417995,-157.49862715107724,-0.6018431834279738,-0.0899962424427656,1.9112269731412985,0.6085347492892537,2.0057674551042513,-0.19867146376690645
1781078708.7610726,176.16208720207214,149.14771081090183,-157.49862712623275,-0.599335151639707,-0.08660878098547187,1.9149023119743733,0.6055606533905419,2.0083711234081165,-0.2008505921723265
1781078708.860592,176.26160645484924,149.14771083417995,-157.49862715107724,-0.6002534608187773,-0.0902362064182114,1.9135730592735656,0.6069981797119901,2.007537955643993,-0.1994070490476228
1781078708.9609365,176.3619511127472,149.14771085789786,-157.49862717597335,-0.6002651965845871,-0.08966630883122662,1.913376791119746,0.6069253275075526,2.0073288464937296,-0.19981946142389095
1781078709.061377,176.46239161491394,149.14875920992526,-157.49862719199174,-0.6020611220839385,-0.08913772628633865,1.9098020461398055,0.608623963521376,2.0044368247495994,-0.199388535038822
1781078709.1614325,176.56244707107544,149.14875923320335,-157.49862721683627,-0.5987209071894029,-0.08927721229591157,1.9095041941617577,0.605340520154591,2.0031583594070574,-0.20145001463685763
1781078709.2605236,176.66153812408447,149.14875924246294,-157.4997342230571,-0.5988210103015206,-0.08552050437921821,1.907591704898203,0.6048969821778,2.0012012571563718,-0.20037858908308306
1781078709.3606467,176.76166129112244,149.14875868826917,-157.49973466113263,-0.6003434462575967,-0.08543342451935132,1.9099210877041297,0.6063918893665644,2.003873669857079,-0.2019325594256953
1781078709.4618435,176.8628580570221,149.14875868826917,-157.49973466113263,-0.6014773154417128,-0.08958882409089597,1.9119741649200022,0.6081127513816489,2.0063514960530964,-0.1991058914756216
1781078709.5645354,176.9655499458313,149.14875924246294,-157.4997342230571,-0.6015050213187578,-0.08854935046548462,1.911484317854075,0.6079878930863167,2.0058468474790385,-0.19998607959924167
1781078709.6607385,177.06175303459167,149.14875921927074,-157.49973419832835,-0.5999892744027875,-0.08862874735763171,1.9119525999278486,0.6064999458009591,2.0058426978772355,-0.20273398012037216
1781078709.761591,177.1626055240631,149.14875921927074,-157.49973419832835,-0.6007365019619613,-0.08760806887980266,1.91186492550769,0.6070910298483595,2.005937938199701,-0.199856699704782
1781078709.86143,177.26244449615479,149.14875921927074,-157.49973419832835,-0.6030485751217896,-0.08481829302164101,1.9123276137482874,0.6089841761388597,2.006952572706128,-0.2003054871147202
1781078709.960927,177.36194157600403,149.14875925692127,-157.49862724173235,-0.6008460366709585,-0.0901674829319461,1.9108020153541547,0.6075739747236394,2.0050711899189464,-0.20053753888148043
1781078710.0603557,177.46137022972107,149.14875928019936,-157.49862726657688,-0.5986194511003475,-0.0872004438073759,1.9056754891845158,0.604937322898732,1.99938696472557,-0.2003686962734613
1781078710.1606731,177.561687707901,149.14875930347748,-157.49862729142137,-0.6008455685015406,-0.08860182559430996,1.905232152638856,0.6073431325754692,1.9996937855920525,-0.19777501528464536
1781078710.2611384,177.66215300559998,149.14875930347748,-157.49862729142137,-0.600460420060756,-0.08851013896486393,1.906896804012767,0.6069487299262756,2.0011602089571,-0.1988844587713517
1781078710.360386,177.7614004611969,149.14980763104128,-157.4986272827889,-0.6004838259556493,-0.08474642977921576,1.9084236354024133,0.6064344833489089,2.002459376556044,-0.19914240524923432
1781078710.4614244,177.86243891716003,149.14980763104128,-157.4986272827889,-0.6020053617290841,-0.08790610928872411,1.9067951748533034,0.608389628117415,2.00150088144989,-0.2003688826651866
1781078710.5617096,177.9627242088318,149.14980763104128,-157.4986272827889,-0.6030155471327419,-0.0854943919928246,1.9090209373499798,0.6090460090551639,2.0038208453817967,-0.2017036004707131
1781078710.6618798,178.06289434432983,149.14980764052078,-157.49973428903553,-0.602192733667124,-0.09065684482808933,1.9080160401773776,0.6089784495330423,2.002842969773174,-0.20005740917765671
1781078710.7611556,178.16217017173767,149.149807150579,-157.4997337797328,-0.6004309247035451,-0.08526074660611016,1.905246529890841,0.6064541946859512,1.9994376784269312,-0.20129315879510679
1781078710.8611143,178.26212882995605,149.149807150579,-157.4997337797328,-0.599880686693524,-0.0860173097164818,1.9050440489199647,0.606016349481394,1.9991119638889985,-0.19981766577938123
1781078710.9956803,178.39669489860535,149.149807150579,-157.4997337797328,-0.601472932661494,-0.0864673595177976,1.9059351667087587,0.6076563938496806,2.0004587355613066,-0.20090453751333381
1781078711.061793,178.46280765533447,149.149807150579,-157.4997337797328,-0.5998580413254899,-0.08834073033077061,1.9055629647869887,0.6063280913649203,1.9997009694316812,-0.1992986497335935
1781078711.1620443,178.5630588531494,149.1487588135357,-157.49862678211863,-0.6009857135466348,-0.08899179465214502,1.9067658660389184,0.6075387785175258,2.0012144900768916,-0.1984319313315152
1781078711.2616575,178.66267204284668,149.1487588135357,-157.49862678211863,-0.6024853884142658,-0.08617668370467868,1.9074780378546217,0.608617337961239,2.0022206494202237,-0.20085966703788663
1781078711.3599844,178.7609989643097,149.1487588135357,-157.49862678211863,-0.5977271008796663,-0.08488041854505468,1.908838715775606,0.6037237551880781,2.002035867666276,-0.20470139625625045
1781078711.4602134,178.86122798919678,149.1487588135357,-157.49862678211863,-0.603106385276817,-0.08570445182661501,1.9082140780993084,0.6091654660472547,2.0030884985144723,-0.20308974910229227
1781078711.5604596,178.96147418022156,149.1487588135357,-157.49862678211863,-0.5988810996791472,-0.08443519449201631,1.9074562035186398,0.6048039960365749,2.0010439880131448,-0.20493472196782786
1781078711.6635137,179.06452822685242,149.1487588135357,-157.49862678211863,-0.6037542702412964,-0.0897432033037262,1.905577275701576,0.6103876320616386,2.0009492285023263,-0.19886565781043944
1781078711.7616887,179.16270327568054,149.1487588135357,-157.49862678211863,-0.6000615015515223,-0.089380163322204,1.9082916583176952,0.6066816457086628,2.002408467931723,-0.20237060988692715
1781078711.861737,179.26275157928467,149.1487588135357,-157.49862678211863,-0.5998044374861138,-0.0869339712700139,1.9089138882989072,0.6060716777649398,2.0028167942997834,-0.20300816193422536
1781078711.9608815,179.36189603805542,149.1477104847864,-157.49862679094474,-0.6001470900586128,-0.08905495869279889,1.9060604272018324,0.6067184811538188,2.0002933953593978,-0.19897006548732704
1781078712.0969112,179.49792575836182,149.14666218041478,-157.49862682474432,-0.5995024761005254,-0.08971516521646095,1.904250850492157,0.6061782161381898,1.998405196980978,-0.20012840639711488
1781078712.162828,179.56384253501892,149.14561385144552,-157.49862683354462,-0.5977876368237105,-0.08997379373644776,1.9062016406334952,0.6045207542331407,1.9997624951609714,-0.20158713290423871
1781078712.2605832,179.66159772872925,149.14561385144552,-157.49862683354462,-0.5977656932782338,-0.08894046077099915,1.9065139553342094,0.6043461174050555,2.0000074228628897,-0.20050782287258043
1781078712.3601608,179.76117539405823,149.14561385144552,-157.49862683354462,-0.5972489916952384,-0.08877323504654555,1.9045758389758107,0.6038104382516156,1.997998040978024,-0.20015637536976966
1781078712.4604669,179.86148142814636,149.145613860791,-157.49973383944285,-0.5972755105462966,-0.08701983788046164,1.9058519421865636,0.603581384473611,1.9991453456963497,-0.20326486710049424
1781078712.5612774,179.96229195594788,149.145613860791,-157.49973383944285,-0.5954984431801336,-0.08545146814518034,1.9060672502354477,0.6015981625953736,1.9987527890307621,-0.20079221821657395
1781078712.6619885,180.0630030632019,149.14666218976024,-157.49973383064255,-0.5978540991330306,-0.08688900769647034,1.9040622180492033,0.6041351036884423,1.9976066063444766,-0.2004189462553336
1781078712.7637513,180.16476583480835,149.14666218976024,-157.49973383064255,-0.599219595539978,-0.0896165540569882,1.9076226692458522,0.6058838588707772,2.00152928998324,-0.2010310861191088
1781078712.861892,180.26290655136108,149.14666218976024,-157.49973383064255,-0.5973536655307896,-0.08816550627020092,1.906679010710548,0.6038249400438436,2.0000073520122634,-0.20044350879418102
1781078712.9953701,180.39638471603394,149.1487588135357,-157.49862678211863,-0.5997210411472906,-0.08721795055984671,1.9073166548070983,0.6060299481829674,2.0012818691526664,-0.20233047313513103
1781078713.0641155,180.4651300907135,149.1487588135357,-157.49862678211863,-0.6001307006758339,-0.08851383572147142,1.9051324149352615,0.6066230765539627,1.9993801728147793,-0.19927613157794424
1781078713.1977715,180.59878611564636,149.1498071178214,-157.49862674864164,-0.6013229635265702,-0.08935976240834975,1.90518663147545,0.6079263718593343,1.9998276361613831,-0.20159301817231695
1781078713.2641954,180.66521000862122,149.1498071178214,-157.49862674864164,-0.6025402389460908,-0.09141051769631758,1.9086045320855431,0.6094346743455946,2.003542333516364,-0.20123313052645575
1781078713.3608408,180.76185536384583,149.1498071178214,-157.49862674864164,-0.6019172763651852,-0.08758793655596264,1.905111720302323,0.6082565693989783,1.9998566751270677,-0.20125689126138607
1781078713.4606056,180.8616201877594,149.1498071178214,-157.49862674864164,-0.6020171121607234,-0.0897633437002412,1.9090858537900597,0.608672375918757,2.00376916293966,-0.19879257417186766
1781078713.5606308,180.96164536476135,149.1498071178214,-157.49862674864164,-0.6030479336045289,-0.089783506153708,1.905903684627459,0.6096949140364755,2.0010489107661686,-0.2015237474012209
1781078713.6616633,181.06267786026,149.1498071178214,-157.49862674864164,-0.6029677081038756,-0.0915993376235349,1.9086646640940796,0.6098856414682271,2.003736832927537,-0.20087453635386485
1781078713.7602007,181.16121530532837,149.1498071410995,-157.49862677348617,-0.6005178868041412,-0.08589532855179982,1.904697612794705,0.606629821092512,1.9989679177076807,-0.20124648569647854
1781078713.8601396,181.2611541748047,149.1498071178214,-157.49862674864164,-0.5999895616157289,-0.08510392416320656,1.905625924336662,0.605995174861823,1.999660049973437,-0.20297839185352945
1781078713.960274,181.36128854751587,149.14875879025757,-157.49862675727414,-0.6024048731103449,-0.08924448778086003,1.9050920190066578,0.6089796464138673,2.0000579518177024,-0.20026611347590237
1781078714.0610025,181.46201705932617,149.14875875763403,-157.49751972609303,-0.6022543324046978,-0.09130853111938109,1.909131650528326,0.6091367077720791,2.0039538886422554,-0.20063982898734978
1781078714.1618106,181.5628252029419,149.14875875763403,-157.49751972609303,-0.5994451823677593,-0.08888138282415525,1.9074723173936896,0.6059987020420509,2.001420762483467,-0.20179561742890387
1781078714.2938452,181.6948597431183,149.14875876697948,-157.4986267324296,-0.6021248772711942,-0.08861670589672599,1.9095396900950752,0.6086109499449033,2.0041829049368807,-0.20065100138523778
1781078714.3605804,181.76159501075745,149.14875876697948,-157.4986267324296,-0.6006073978028326,-0.08527981680461494,1.9103152106294807,0.6066315961518314,2.004321854745908,-0.20133562601791588
1781078714.4605296,181.86154413223267,149.14875876697948,-157.4986267324296,-0.59729324767261,-0.08180835550436427,1.911509672678713,0.6028696631491938,2.0043255871963273,-0.20301109704911519
1781078714.5609262,181.96194076538086,149.14875876697948,-157.4986267324296,-0.6031992792420624,-0.08956203626811998,1.9070753243834457,0.60981204384518,2.002200544823335,-0.1994421554188935
1781078714.6603997,182.06141424179077,149.14875876697948,-157.4986267324296,-0.6009354904959423,-0.09043156835110722,1.9101623634751812,0.6077016803432748,2.004500333531808,-0.2008402500643702
1781078714.760226,182.16124057769775,149.14875876697948,-157.4986267324296,-0.6018660548295145,-0.0886205354421179,1.9067544843406037,0.6083554448331105,2.001451725825805,-0.20022049450891932
1781078714.8603225,182.26133704185486,149.14875876697948,-157.4986267324296,-0.5995791764321439,-0.08578119383295757,1.9057685676976723,0.6056844079439847,1.9997018366873829,-0.20163068145864396
1781078714.9611282,182.3621428012848,149.14875876697948,-157.4986267324296,-0.6022300651446244,-0.089621423417924,1.9074076670234295,0.6088620951410536,2.002228023757363,-0.20088705192676237
1781078715.0611746,182.46218919754028,149.1487587808262,-157.49751975126014,-0.6017364313609903,-0.093525394397318,1.908764940309017,0.6089611910657637,2.0035511796750085,-0.20136949311684274
1781078715.160385,182.56139945983887,149.1477104520769,-157.49751976008622,-0.5989297447955266,-0.08940257152781328,1.907011597336417,0.60556556952705,2.000850541987635,-0.20148267814371726
1781078715.2609262,182.66194081306458,149.1477104520769,-157.49751976008622,-0.5991651354582928,-0.0890182576418681,1.907013478904856,0.6057417847089206,2.0009056745551876,-0.20053847885787832
1781078715.3604896,182.7615041732788,149.1477104520769,-157.49751976008622,-0.5968889659654621,-0.08725055629463441,1.9050451056074902,0.6032322084115219,1.9982707403312734,-0.2026501523163137
1781078715.460303,182.86131763458252,149.1477104520769,-157.49751976008622,-0.5998524151161462,-0.0861156051359444,1.9055578732438525,0.6060023245570955,1.9995973658840016,-0.2026671326755143
1781078715.5607457,182.96176028251648,149.1477104520769,-157.49751976008622,-0.5989687414353568,-0.0874345153267484,1.9074333206681855,0.6053167333612038,2.001177208665524,-0.20085880442005924
1781078715.6603522,183.06136679649353,149.1487587808262,-157.49751975126014,-0.6001516463977623,-0.08757206703552356,1.9054605774835234,0.6065071026779645,1.9996576901916643,-0.2021985915150579
1781078715.7601898,183.16120433807373,149.14875829094754,-157.49751924202306,-0.6000895450889345,-0.08591137635244195,1.9049628203819047,0.6062080721269021,1.9990926876333663,-0.20109222851975486
1781078715.8613772,183.2623918056488,149.14875880432422,-157.49751977613045,-0.6018449112232531,-0.08951485420877248,1.9053158531790002,0.6084654520096792,2.0001146733786452,-0.19916563267666887
1781078715.9615808,183.36259531974792,149.1487588135357,-157.49862678211863,-0.6007298475090863,-0.08779029658015247,1.905276608945088,0.6071107690215363,1.9996655826550636,-0.20145129598562447
1781078716.060764,183.46177864074707,149.1477094470459,-157.49862672636536,-0.5981662198321374,-0.08734916342856991,1.9048487734963226,0.6045103000776247,1.9984698028217451,-0.20163428253499352
1781078716.1601014,183.56111598014832,149.14666111926218,-157.49862673497205,-0.6004367736648817,-0.0879744594132319,1.9072719834185685,0.6068474476160732,2.001487008054647,-0.20231125331626065
1781078716.260747,183.6617615222931,149.146661667124,-157.49862629031435,-0.5985469878957019,-0.08916547765457494,1.9071722990339994,0.6051520297614361,2.000878596348868,-0.20088568723400277
1781078716.360814,183.76182866096497,149.1466611426743,-157.49862676016494,-0.5980111010802034,-0.09057116669484344,1.9054404126032756,0.6048308964095852,1.9991307058902787,-0.20004513782339595
1781078716.4611733,183.86218786239624,149.14561336156686,-157.49862632430754,-0.5958401153333455,-0.089179586319176,1.9050896073886034,0.6024769220945427,1.9980852969371894,-0.20315638228938934
1781078716.5610688,183.96208333969116,149.14561281370504,-157.49862676896524,-0.5958029313805184,-0.08832519523332394,1.9049076539848195,0.6023142644455829,1.9978627689019515,-0.20230496207528742
1781078716.6610188,184.0620334148407,149.14561281370504,-157.49862676896524,-0.5958645555154192,-0.08713391214331523,1.9050904056112472,0.6022016997360494,1.998003088265134,-0.2012794747024747
1781078716.7619102,184.16292476654053,149.14561281370504,-157.49862676896524,-0.5963985214599461,-0.08720856987167735,1.90547034989993,0.6027408490045062,1.9985279045853812,-0.202497016328727
1781078716.8607812,184.26179575920105,149.14561281370504,-157.49862676896524,-0.59733468679309,-0.08976161654771886,1.9049231560802573,0.6040412865454303,1.9983988857138173,-0.20087150597680778
1781078716.960315,184.36132955551147,149.14561281370504,-157.49862676896524,-0.5973454076541316,-0.08942106013051898,1.9048973632144592,0.604001375859647,1.9983622360377375,-0.20340832219154048
1781078717.0605855,184.46160006523132,149.14666169053612,-157.49862631550724,-0.5986918594481097,-0.09198087374144848,1.9063605690101615,0.6057164548728021,2.0002757416867363,-0.20098688298962955
1781078717.161152,184.56216645240784,149.14771004176973,-157.49862633109987,-0.5986521413850596,-0.08914781117539405,1.903155895832032,0.605253433383307,1.9970813910460699,-0.20374881651474433
1781078717.2603846,184.66139912605286,149.14771004176973,-157.49862633109987,-0.5981940545094346,-0.0896799764704781,1.9040576990065328,0.6048790168539342,1.9978274065034332,-0.20250146585561926
1781078717.3607106,184.76172518730164,149.14771004176973,-157.49862633109987,-0.5990095801674613,-0.09061965478755951,1.9054784945767138,0.6058253865316431,1.9994681023363576,-0.202783634716199
1781078717.4611235,184.8621380329132,149.1477094939079,-157.49862677575757,-0.6003879629873552,-0.09282345765842592,1.9053310441271312,0.6075211110667442,1.9998420657907852,-0.2017321573911392
1781078717.5601308,184.96114540100098,149.14771004176973,-157.49862633109987,-0.599166227952594,-0.08835666892082372,1.9031616064814663,0.6056459936808993,1.9972058406801336,-0.2015169348914058
1781078717.6614852,185.06249976158142,149.14771004176973,-157.49862633109987,-0.6007698695396755,-0.08680234382350704,1.9050369657359796,0.6070083055774221,1.9994061427985363,-0.20191856899061109
1781078717.7612667,185.16228127479553,149.14771004176973,-157.49862633109987,-0.5996075833289751,-0.08649955678012589,1.9037997502385022,0.6058146806646172,1.997865089618655,-0.20439413495448025
1781078717.861084,185.2620985507965,149.14666116603829,-157.49862678468685,-0.5993658971948719,-0.09069940591189152,1.9039092511155566,0.6061896245837467,1.998083155786161,-0.19879551715842675
1781078717.9601877,185.36120223999023,149.1466611566069,-157.49751977867285,-0.5974091760538442,-0.08897756628826414,1.9062297457428132,0.6039989494493475,1.9996316096948021,-0.20390384587174967
1781078718.060753,185.46176767349243,149.1466611566069,-157.49751977867285,-0.5983628180130154,-0.08834154270869021,1.9035905153859736,0.6048489812743577,1.9973730599004447,-0.20051873449600133
1781078718.161032,185.56204652786255,149.14666118041072,-157.49751980324635,-0.5998758213080464,-0.08933620562589795,1.9009589066282275,0.6064915157078753,1.99536380725792,-0.20058451670426913
1781078718.2603333,185.66134786605835,149.1466612036888,-157.49751982809087,-0.5989907630324467,-0.08948442013092972,1.9018270534672101,0.6056380071002492,1.9959317465645292,-0.20084401294105786
1781078718.3606088,185.76162338256836,149.1466612036888,-157.49751982809087,-0.59966384367317,-0.08638221764519471,1.9002565204248503,0.6058536233564853,1.9945008037981187,-0.2034852304005025
1781078718.4602883,185.86130285263062,149.1466612036888,-157.49751982809087,-0.5982872130577448,-0.08755700596333327,1.8997358117884302,0.6046600851732041,1.9936423884922572,-0.20168927602960268
1781078718.560334,185.96134853363037,149.1466612036888,-157.49751982809087,-0.5961846549413679,-0.08675895792734423,1.901367634082009,0.6024643222367583,1.994533063025733,-0.2028867786028645
1781078718.6607804,186.0617949962616,149.1466612036888,-157.49751982809087,-0.5992698213308927,-0.08936392744155341,1.900406108407273,0.6058962207224429,1.9946562629078262,-0.20047744875551907
1781078718.7609098,186.16192436218262,149.1466612036888,-157.49751982809087,-0.5973418762431209,-0.09112216175458343,1.9039877611901106,0.6042520711395869,1.997571015067602,-0.19978402701870884
1781078718.8611875,186.26220202445984,149.1466612036888,-157.49751982809087,-0.5985666028143442,-0.09152052852743964,1.903169457061973,0.6055229022478396,1.997175998113389,-0.2016531752028236
1781078718.960301,186.3613154888153,149.1456128747196,-157.49751983689117,-0.5994279913427079,-0.09053746048780908,1.900603100191215,0.6062268127992485,1.9949443834385943,-0.19962982120855394
1781078719.0606387,186.46165323257446,149.14561286550813,-157.49641283002626,-0.5980062685505914,-0.0906422556094526,1.9002060335047408,0.6048367678372168,1.9941440483314117,-0.199166289577797
1781078719.1610477,186.56206226348877,149.14561286550813,-157.49641283002626,-0.5981172703177435,-0.09521646773788461,1.9036639834410447,0.6056487800539421,1.9976854123288417,-0.19899933758300417
1781078719.261682,186.66269659996033,149.14561288878622,-157.49641285487075,-0.5964040888948432,-0.08889246501777848,1.900940979444421,0.6029922947993821,1.9942859160407616,-0.20178419063623257
1781078719.360474,186.76148867607117,149.14561288878622,-157.49641285487075,-0.5975262122404104,-0.09218530600830377,1.900482263476129,0.604595488701509,1.9943341091064875,-0.1985255540448217
1781078719.4610243,186.8620388507843,149.14561288878622,-157.49641285487075,-0.5980994353761844,-0.08904692959478666,1.8999145650906684,0.6046918969752856,1.9938223704510973,-0.20122924482313287
1781078719.561029,186.96204352378845,149.14561288878622,-157.49641285487075,-0.5976916040393121,-0.09083546661045716,1.8985606964160713,0.6045546588468452,1.992490665852491,-0.19901026821899215
1781078719.660312,187.06132650375366,149.14561288878622,-157.49641285487075,-0.5979752625981405,-0.09015222206812723,1.9015635586976962,0.6047328648445824,1.9954061755918724,-0.19991320624894576
1781078719.761252,187.16226649284363,149.14561288878622,-157.49641285487075,-0.5959567053142223,-0.09016596854411318,1.898459494974926,0.6027389953308818,1.9918440577898993,-0.19920699324000535
1781078719.8612883,187.2623028755188,149.14561287935484,-157.49530584885676,-0.5979800468450378,-0.09192639929989355,1.9000918475806368,0.6050046275137382,1.994086163774132,-0.19959671056883407
1781078719.9629228,187.3639373779297,149.14561288878622,-157.49641285487075,-0.5994920009952978,-0.09174721182782264,1.9002409812253933,0.6064719368079,1.9946739074003978,-0.19868518441650326
1781078720.0609424,187.46195697784424,149.14666119425743,-157.49641282120015,-0.5964735523075149,-0.09140090433930936,1.9029599964752333,0.60343584904809,1.9963445524511567,-0.20144946106968653
1781078720.1606166,187.56163120269775,149.14666119425743,-157.49641282120015,-0.5995386249782655,-0.09153396908951095,1.9022914533245614,0.6064858039048472,1.9966316144271032,-0.20132723716049547
1781078720.2611818,187.66219639778137,149.14666119425743,-157.49641282120015,-0.5967477083962933,-0.09135315455259274,1.901052641263501,0.6036996159705068,1.9946063198480724,-0.20252467316797923
1781078720.3605523,187.7615668773651,149.14666119425743,-157.49641282120015,-0.5961393797621497,-0.09116301429824603,1.9022806252134967,0.6030695277322033,1.9955862377611735,-0.2027542803347124
1781078720.4607284,187.86174297332764,149.14666118504599,-157.4953058156503,-0.5980464563931491,-0.09353178511616989,1.9025214416803382,0.6053162469580841,1.9964958289174692,-0.20015257271111117
1781078720.564171,187.96518564224243,149.14666118504599,-157.4953058156503,-0.5969357701892193,-0.09224895839528813,1.9019555339448386,0.6040216751544699,1.9955643405211991,-0.20163261390494266
1781078720.6617017,188.06271624565125,149.14666118504599,-157.4953058156503,-0.5972584818764233,-0.09197594448525592,1.902882774650894,0.6042989893564978,1.9965320239355966,-0.2012414718344819
1781078720.76072,188.16173458099365,149.14666118504599,-157.4953058156503,-0.600289701839813,-0.0957264173372323,1.9036092416654165,0.6078743892541892,1.9983091397641997,-0.1990381355257509
1781078720.8620832,188.26309776306152,149.14561285607672,-157.4953058244506,-0.5959349552975084,-0.09242406364396061,1.9018998393051547,0.6030594319682814,1.9952202077051242,-0.20186813247416835
1781078720.960523,188.36153745651245,149.14770953125262,-157.49751981945838,-0.5999194378591994,-0.09329281541806722,1.9027111225891424,0.6071300365901258,1.9972272022367317,-0.20014566830771788
1781078721.0602846,188.4612991809845,149.14875783672386,-157.49751978578777,-0.6006090559405379,-0.0889960010532036,1.899816732459123,0.6071668026837814,1.9944811714360466,-0.19993666621660552
1781078721.160712,188.5617265701294,149.14875784584942,-157.49862679209858,-0.6011163831854276,-0.0911966239935964,1.905087579907057,0.6079948440256375,1.9997540892514476,-0.20071094771600656
1781078721.2603052,188.66131973266602,149.14875784584942,-157.49862679209858,-0.6012258633137151,-0.08979263801643356,1.9010494022054938,0.6078941162400507,1.995876771292541,-0.19890401797942614
1781078721.3614511,188.76246571540833,149.14875784584942,-157.49862679209858,-0.5993416349741665,-0.09083908759504311,1.9022008113781752,0.6061865515240394,1.9964543726457649,-0.20056027859777478
1781078721.4615946,188.8626091480255,149.14770951718603,-157.49862680060207,-0.5989841522888923,-0.0907548033162584,1.9038008905203225,0.605820475898773,1.9978679335141722,-0.2025363785010091
1781078721.5605955,188.96161007881165,149.14770951718603,-157.49862680060207,-0.5994082464051758,-0.09189223187416928,1.9041263075108747,0.606411104892831,1.998357181059568,-0.19942649630727144
1781078721.6615663,189.06258082389832,149.14770951718603,-157.49862680060207,-0.5993711431792406,-0.08778357065844489,1.899536666489416,0.6057654022421022,1.9937881707672103,-0.19953872558033942
1781078721.760516,189.16153049468994,149.14770951718603,-157.49862680060207,-0.5982759195280778,-0.08885469435151094,1.9042723902397047,0.6048381871174037,1.9980196617713015,-0.1990338261676082
1781078721.8604903,189.26150488853455,149.1477100038987,-157.4986273065481,-0.5982239518616268,-0.08554176181792172,1.9001802926262492,0.6043089355585073,1.993959486569633,-0.2016343958790976
1781078721.9623487,189.3633632659912,149.1477099806206,-157.4986272817036,-0.5990778702387445,-0.08563038777248266,1.9026965541535161,0.6051668017330889,1.996617398278278,-0.20188361686555575
1781078722.0606568,189.46167135238647,149.1477099806206,-157.4986272817036,-0.5976052251147337,-0.08611644242895977,1.9015252957926634,0.6037781436430536,1.9950805741323903,-0.20046789937613602
1781078722.1608937,189.56190824508667,149.1477099714091,-157.49752027571537,-0.601007525353026,-0.08932371914028181,1.9023667865793341,0.6076090620884618,1.9970448575363053,-0.1990172691530088
1781078722.2609694,189.6619839668274,149.14666165275096,-157.49862729063287,-0.5973204546496333,-0.08762707878489095,1.9013725341737495,0.6037136990985199,1.994915472943534,-0.2003380057429631
1781078722.364189,189.76520347595215,149.14666165275096,-157.49862729063287,-0.5988503261543485,-0.08760032305093546,1.9048809428288067,0.6052235369958755,1.9987163220642796,-0.201004516056028
1781078722.4623203,189.8633348941803,149.14666165275096,-157.49862729063287,-0.5980101860553475,-0.0874470120653541,1.9047483811504031,0.604370054308707,1.998331693698569,-0.20231333111525684
1781078722.560932,189.96194648742676,149.14666162938698,-157.49862726611096,-0.5996331869591813,-0.09204123281671173,1.905309357233008,0.6066560371753047,1.999558774880324,-0.19958228884132417
1781078722.660998,190.06201267242432,149.14666162938698,-157.49862726611096,-0.5983396897007083,-0.08913038230031134,1.9025390085224636,0.6049418230872614,1.9963990804119747,-0.19935942295916637
1781078722.7613137,190.16232824325562,149.14666162938698,-157.49862726611096,-0.5965773100858485,-0.0889325647216026,1.9062366963924282,0.603169535020817,1.9993878639849616,-0.2018931413629761
1781078722.867106,190.26812052726746,149.14561330041772,-157.49862727491126,-0.5977059514910081,-0.08927727790052131,1.9062607853638476,0.6043366915859886,1.9997632406395243,-0.200896465388856
1781078722.9628983,190.36391282081604,149.1466616200415,-157.49752025977438,-0.6006940699987808,-0.09149541916335124,1.9025916163705123,0.6076222325257508,1.997263036293151,-0.1986949904910503
1781078723.0610836,190.46209812164307,149.1477104756608,-157.49751978463394,-0.6000838869908307,-0.08994561491164177,1.9087978963319236,0.6067873474849796,2.0029229376361526,-0.19953844195720002
1781078723.1621904,190.5632050037384,149.1477104756608,-157.49751978463394,-0.6003406101114024,-0.09159332843086077,1.9049243911049039,0.6072875644717043,1.9993836854861957,-0.19799563067465434
1781078723.26194,190.66295456886292,149.147709924633,-157.49752022600057,-0.6005421986749013,-0.09116960185360767,1.9070221379642887,0.6074231051675841,2.0014235592141203,-0.20056155047431548
1781078723.3605318,190.7615463733673,149.1477104847864,-157.49862679094474,-0.5987639679101449,-0.08672949667604257,1.9088236286343945,0.6050126402490948,2.0024105323569783,-0.19905050235181565
1781078723.4607496,190.86176419258118,149.1477104847864,-157.49862679094474,-0.5988184185536909,-0.08821344647293472,1.9070606289480758,0.6052810178237681,2.0008111737546868,-0.20271931929402798
1781078723.5608807,190.96189522743225,149.14771046128837,-157.49862676607444,-0.599541357863103,-0.08665562820357309,1.9082574190390036,0.6057714401386791,2.0021002509877195,-0.20163105109828172
1781078723.6613855,191.06240010261536,149.14666213372456,-157.4986267747069,-0.5959935804602878,-0.08153299731327479,1.9100567424928616,0.6015446596893369,2.0025415693920565,-0.2040724650355738
1781078723.7631125,191.16412711143494,149.14666158269677,-157.49862721607354,-0.5976575797378132,-0.08510235717565706,1.904329716626637,0.6036861716280353,1.997725872947087,-0.20307170304221697
1781078723.8609188,191.2619333267212,149.14666159204222,-157.4997342219718,-0.6002072058766998,-0.08760697457327637,1.9067554594878422,0.6065671207543298,2.0009098066296964,-0.20141567352867104
1781078723.96107,191.3620846271515,149.14666215700265,-157.49862679955143,-0.5977018625536914,-0.09130145839014858,1.9061903910901183,0.6046349913826687,1.9997863085561463,-0.1996083593076846
1781078724.0620198,191.4630343914032,149.14770995725658,-157.49862725718168,-0.6012205702417077,-0.09265311992848524,1.905627619432839,0.6083179881560683,2.0003668160263794,-0.1991561826488322
1781078724.1652234,191.56623792648315,149.14770995725658,-157.49862725718168,-0.5981940808838146,-0.09080522039124617,1.9061015024587897,0.6050468960789193,1.9998261634778134,-0.20018028596727136
1781078724.2612066,191.6622211933136,149.14771050828438,-157.49862681581504,-0.5985426311857225,-0.08847827410644982,1.9060287636198494,0.6050468463975197,1.9997568187361672,-0.20192066775109108
1781078724.3630965,191.7641110420227,149.14666163873244,-157.4997342720092,-0.5969220533752377,-0.08713601380890168,1.9069555371895728,0.6032483922135353,2.000097008528883,-0.20044439241064108
1781078724.4604425,191.8614571094513,149.14666163873244,-157.4997342720092,-0.5990342672308202,-0.08872606733808652,1.905727959819791,0.605569457900618,1.999628321759059,-0.20045906923347054
1781078724.5616517,191.96266627311707,149.14771051732404,-157.49973382201009,-0.5980640067368199,-0.08431428678173347,1.9058428205109819,0.6039780253532503,1.9992564396802293,-0.20172891827033448
1781078724.660171,192.0611855983734,149.14771049404595,-157.49973379716556,-0.59905882337668,-0.08712457603803614,1.904176277242093,0.6053611860825402,1.9980864496880049,-0.20071554162728283
1781078724.7615104,192.16252493858337,149.14771049404595,-157.49973379716556,-0.600247026285075,-0.08802201217892502,1.9059973478936114,0.6066666029971506,2.000217552510122,-0.20014640739880632
1781078724.861444,192.26245856285095,149.14771049404595,-157.49973379716556,-0.5995325669347267,-0.08911081882271787,1.9074549879545883,0.6061188306319131,2.0014406231311077,-0.2002986291475525
1781078724.9613311,192.3623456954956,149.14666161523442,-157.4997342471389,-0.5980544636044556,-0.08947117957038131,1.9071317499780394,0.6047100407723759,2.0007063115772956,-0.1997840493773976
1781078725.0613182,192.4623327255249,149.14666160597486,-157.49862724091807,-0.5998889796957769,-0.0896652957097217,1.9064100933930326,0.6065530918354568,2.0005764412803586,-0.19925928349132097
1781078725.1625774,192.56359195709229,149.14666216626222,-157.49973380577225,-0.5974660244648646,-0.0866557843791611,1.9073667939943344,0.603717546006589,2.0006306411200554,-0.200139896533357
1781078725.2612772,192.662291765213,149.14666159204222,-157.4997342219718,-0.6001572993316415,-0.08777390959821219,1.907685458467629,0.6065418725423701,2.001788413293486,-0.20299602735798847
1781078725.3606126,192.76162719726562,149.14666159204222,-157.4997342219718,-0.5992305454919631,-0.08803326299801029,1.9085087079777572,0.6056625314848794,2.002306817266425,-0.2005052935017129
1781078725.463514,192.86452865600586,149.14666159204222,-157.4997342219718,-0.5963376324382068,-0.0849552895506065,1.9094646830406905,0.6023586747815899,2.0022216033357343,-0.20154979123300576
1781078725.5607605,192.96177506446838,149.14666159204222,-157.4997342219718,-0.5997869141669412,-0.08839942261141687,1.9090857826325944,0.6062662783991318,2.0030395217703116,-0.20118029843528482
1781078725.660661,193.06167554855347,149.1466616013877,-157.5008412283084,-0.5961170992202653,-0.07980980261265813,1.9097644038333872,0.601435948855616,2.002230076371082,-0.20435272034056853
1781078725.7608285,193.16184306144714,149.1466616013877,-157.5008412283084,-0.6002004205152502,-0.08551173367607134,1.9045984763364125,0.6062613309316128,1.9987616559875154,-0.20174616930372039
1781078725.8603635,193.26137804985046,149.1466621524155,-157.50084078694175,-0.5972366134654692,-0.0849842584331384,1.908837850255854,0.6032527634790683,2.0018930628818623,-0.2011293888972591
1781078725.961721,193.36273550987244,149.14875879960306,-157.49973376317237,-0.6015597905048651,-0.08716638130491106,1.903297543282841,0.6078422160248911,1.9980024268875523,-0.20176660237509667
1781078726.0606837,193.4616982936859,149.1498071271669,-157.49973375453988,-0.6011772602766996,-0.08691073637302793,1.9078473066974178,0.607427011558344,2.0022110078718707,-0.20273883216355804
1781078726.1609967,193.56201124191284,149.1498071038888,-157.49973372969538,-0.6039369199743021,-0.08785687845679035,1.9064427349570738,0.6102938918260757,2.0017448728723712,-0.19991202220159063
1781078726.2603703,193.6613848209381,149.1498071038888,-157.49973372969538,-0.5989858380335136,-0.08291993849482537,1.9117515358384038,0.6046980654547327,2.005106901176392,-0.2028521957671279
1781078726.3628457,193.7638602256775,149.1508554326381,-157.49973372086927,-0.6008429125133716,-0.08595224895412912,1.9062183459862747,0.6069596317860223,2.000517027468767,-0.19976489089369223
1781078726.4606316,193.86164617538452,149.1508554326381,-157.49973372086927,-0.6041693863978708,-0.08812960172701878,1.9063197519292112,0.610563243375281,2.001709886760914,-0.19832577583395583
1781078726.5603585,193.96137309074402,149.1508554326381,-157.49973372086927,-0.6051485692995584,-0.08776104053578138,1.9055824224238136,0.6114791829336674,2.0012873756189626,-0.19940540613194943
1781078726.661758,194.0627725124359,149.15085540936002,-157.49973369602478,-0.6025498591039593,-0.0869030850285526,1.910039199557179,0.6087844272759292,2.004711506112216,-0.20102782290954627
1781078726.7606678,194.16168236732483,149.15085540936002,-157.49973369602478,-0.6026594719191678,-0.09029036915461575,1.9106579827926273,0.6093855838924703,2.0054836616300715,-0.19955223262459623
1781078726.861755,194.2627694606781,149.15085540936002,-157.49973369602478,-0.6019730843606794,-0.08869490995220985,1.9095446315569742,0.6084721697383869,2.004145474074724,-0.20047244200760905
1781078726.9607728,194.36178731918335,149.15085540010043,-157.49862668980396,-0.6035628642162862,-0.09256266937069313,1.910837164462949,0.610619340360257,2.0060295730409354,-0.20061647063187288
1781078727.0613143,194.46232891082764,149.15085539066905,-157.4975196842283,-0.6017334951553153,-0.09117272117012476,1.9089895386242461,0.6086014001605625,2.0036558394230806,-0.2022913560470291
1781078727.1608443,194.5618588924408,149.15085539066905,-157.4975196842283,-0.6032155544782256,-0.09308223834449336,1.9088621484485382,0.6103550673662784,2.0040678656271256,-0.20111582133803865
1781078727.261975,194.66298961639404,149.15085539066905,-157.4975196842283,-0.6009594656612194,-0.09200174379265036,1.9097948344407498,0.6079610186752986,2.004228756875142,-0.20073558483140602
1781078727.3606138,194.76162838935852,149.15085539066905,-157.4975196842283,-0.6031626100264305,-0.09194585084460982,1.9107507838641542,0.6101304562316449,2.0057985271853487,-0.19975935746261853
1781078727.4609256,194.86194014549255,149.15085536739096,-157.49751965938378,-0.6007950177737484,-0.09151849210093133,1.9105907294762683,0.6077255036430402,2.00491576464919,-0.20157124910843785
1781078727.5608523,194.96186685562134,149.15085536739096,-157.49751965938378,-0.6044375741401211,-0.09357463065046545,1.9126606991732968,0.6116379587090434,2.0080766774941265,-0.19886554804392503
1781078727.6610162,195.06203079223633,149.15085536739096,-157.49751965938378,-0.603330681296427,-0.09004625301489,1.9100928043602197,0.6100133102446473,2.0051360951178157,-0.20009428306998034
1781078727.761039,195.1620535850525,149.15085536739096,-157.49751965938378,-0.6020628010028304,-0.08874137527126891,1.909809461293493,0.6085677020976465,2.004426807464556,-0.20335860012826107
1781078727.8602002,195.26121473312378,149.15085537682234,-157.49862666495943,-0.6017946527496179,-0.08898099998475573,1.9105924319096153,0.6083374248197461,2.005102955787213,-0.20394728339891957
1781078727.96143,195.36244463920593,149.14980704785313,-157.49862667375973,-0.6007043360684747,-0.09026300383831654,1.910454226555957,0.6074480300679087,2.0047015890149096,-0.2002819041640437
1781078728.062977,195.4639916419983,149.14875871998348,-157.498626682689,-0.5999850608035331,-0.09073135394143605,1.9093073912694334,0.606806601624822,2.003414327125459,-0.2004166229799821
1781078728.1605926,195.56160712242126,149.14875871998348,-157.498626682689,-0.6006492008131659,-0.09052039494358155,1.91041865532471,0.607431810443145,2.0046627753691917,-0.20152988235625086
1781078728.260429,195.66144347190857,149.14875871998348,-157.498626682689,-0.5988477410163568,-0.08958508895358364,1.9099089496220065,0.605511440918514,2.003595842711162,-0.20269039458975416
1781078728.3616688,195.76268339157104,149.14875871998348,-157.498626682689,-0.5999658508898449,-0.0902159333574275,1.9095562856738744,0.6067107522250841,2.003622505618793,-0.2021163666668199
1781078728.4609253,195.86193990707397,149.14875871998348,-157.498626682689,-0.6031724863803731,-0.09311585164707026,1.9115104493833104,0.6103176305451454,2.0065791308233587,-0.19839114624809936
1781078728.5612128,195.96222734451294,149.14875871998348,-157.498626682689,-0.6021659247919899,-0.0899466425144908,1.907898295108741,0.6088466140829085,2.0026907160016156,-0.20064852354907586
1781078728.6609755,196.0619900226593,149.14875871998348,-157.498626682689,-0.5994271209016233,-0.09046426328092139,1.909390661777812,0.6062150247258552,2.0033145922414883,-0.20102473255384348
1781078728.761243,196.1622576713562,149.14875871998348,-157.498626682689,-0.6026427771897147,-0.0872324370285753,1.9111295329450808,0.6089234886000675,2.005792588146581,-0.20169804247356934
1781078728.8606634,196.26167798042297,149.14875871998348,-157.498626682689,-0.6010787402440769,-0.08863690636908927,1.9074248180367153,0.607578927501678,2.001854537574218,-0.20001608712620655
1781078729.06026,196.46127462387085,149.14980708519784,-157.49751971746056,-0.6029863044205683,-0.09010657858530635,1.9093952591656473,0.6096816208670918,2.004370707865033,-0.20085081462645302
1781078729.1610851,196.5620996952057,149.14980710860996,-157.49751974265345,-0.6033454121944999,-0.09063878231995659,1.9046147238988997,0.6101156245143993,1.9999495798067204,-0.19947720546019992
1781078729.2604036,196.66141819953918,149.15085543766506,-157.49751973353054,-0.599160278698605,-0.08396955866513167,1.9097622497000166,0.6050156414115316,2.0033062114244733,-0.2029991714936395
1781078729.3604724,196.7614870071411,149.14980710860996,-157.49751974265345,-0.601784942413019,-0.08956219465952131,1.9051788175634223,0.6084131027741518,1.999968207377215,-0.19977085947777437
1781078729.4607542,196.86176872253418,149.1498071178214,-157.49862674864164,-0.601614223899162,-0.09153310377135426,1.9078569947912731,0.6085375777088943,2.0025574388910288,-0.19939252513596453
1781078729.5622919,196.96330642700195,149.1498071178214,-157.49862674864164,-0.6018498528599423,-0.09185635488583443,1.9089259493176811,0.6088192139875733,2.0036614273122235,-0.19891008597161763
1781078729.6629457,197.063960313797,149.1498071178214,-157.49862674864164,-0.6021978652555617,-0.09026051047783312,1.9080248018736097,0.6089246494190186,2.002834959060507,-0.20059882653485278
1781078729.7606301,197.16164469718933,149.1498071178214,-157.49862674864164,-0.6009948952752211,-0.08762347133591675,1.9073883496462432,0.6073489416108586,2.0017499976875355,-0.2012573975199945
1781078729.8607612,197.2617757320404,149.1498071178214,-157.49862674864164,-0.6022997434166939,-0.09192187329713875,1.9090701156056844,0.60927383967332,2.0039369545993635,-0.19923115011004422
1781078729.9647298,197.3657443523407,149.1498071178214,-157.49862674864164,-0.60290340469993,-0.08678816836908254,1.904555413217369,0.6091179701565435,1.9995889636580841,-0.20184404826443547
1781078730.062671,197.46368551254272,149.14980709454332,-157.49862672379714,-0.6002091922872808,-0.08696814884837067,1.906024972928134,0.6064771499572448,2.00018642402301,-0.20189796838723184
1781078730.1654942,197.566508769989,149.14980707113122,-157.49862669860426,-0.6015158852232503,-0.08639990452141433,1.9058162381429335,0.607689315092194,2.000355427729408,-0.20060108921511619
1781078730.2630832,197.6640977859497,149.14980703842176,-157.49751966818408,-0.6003841466434778,-0.08797373367062278,1.9074777483254497,0.6067952713698145,2.0016672704806595,-0.20163972932567129
1781078730.3609347,197.761949300766,149.14980704785313,-157.49862667375973,-0.6012300350531632,-0.08852771550488114,1.9084050271164916,0.6077126882520563,2.002829113775321,-0.20015756813344765
1781078730.4614491,197.86246371269226,149.14980704785313,-157.49862667375973,-0.5999365943710586,-0.08892087863875986,1.9105364818851562,0.6064905934335941,2.0044900819254616,-0.20335954648141666
1781078730.5622327,197.96324729919434,149.14980704785313,-157.49862667375973,-0.6021742340343224,-0.08919319504462919,1.9099541291165902,0.6087439808138493,2.004618170501955,-0.19950989658536797
1781078730.6634207,198.06443524360657,149.14980704785313,-157.49862667375973,-0.599939695773628,-0.08594471743103327,1.9111419997686279,0.606064462758916,2.0049383721947374,-0.2030110092949653
1781078730.763051,198.16406559944153,149.14980704785313,-157.49862667375973,-0.6028502018783684,-0.09238797911226015,1.910658431610423,0.6098884361825833,2.005636942936891,-0.20023699158637287
1781078730.8623881,198.2634027004242,149.14980704785313,-157.49862667375973,-0.6009613360762387,-0.08754015346337951,1.9076661251016955,0.6073037180249516,2.002000961734896,-0.2009365710897619
1781078730.9613092,198.36232376098633,149.14980702448912,-157.49862664923782,-0.6010376065459297,-0.0895700946231841,1.9104987643808933,0.607675082863586,2.0048128428943652,-0.20120210784467818
1781078731.0636287,198.46464323997498,149.14980704785313,-157.49862667375973,-0.6012340465553336,-0.0900768024606009,1.909933880130009,0.607944248331068,2.0043561648437884,-0.19979974938624565
1781078731.1613915,198.56240606307983,149.14875875763403,-157.49751972609303,-0.6013130239737166,-0.09118659065413226,1.9084723916597284,0.6081877564663233,2.003037497612799,-0.20121677133892255
1781078731.2698038,198.67081832885742,149.14771044303723,-157.49641275301448,-0.5975421332679787,-0.09164857353994194,1.9073652325879846,0.604529620500396,2.000874357011896,-0.20257722582597174
1781078731.3622396,198.7632541656494,149.14771044303723,-157.49641275301448,-0.5992092375452103,-0.09282138722269906,1.9077926876917892,0.6063559353098298,2.001834273733897,-0.20062714513349228
1781078731.4629483,198.86396288871765,149.1477104520769,-157.49751976008622,-0.599729007446598,-0.09132475508340576,1.9083127261688155,0.60664247565096,2.002416678446767,-0.20108537035887866
1781078731.5628316,198.96384620666504,149.1477104520769,-157.49751976008622,-0.5973774361561652,-0.08990532611076674,1.9068790819323689,0.6041049320205858,2.0002826305307035,-0.20094219423041595
1781078731.6605422,199.06155681610107,149.1477104520769,-157.49751976008622,-0.5980451197698358,-0.09059249189405705,1.906327801893569,0.604867725100366,1.9999876632470657,-0.20296263355928665
1781078731.7613242,199.1623387336731,149.14771094201868,-157.49752026938896,-0.599935398813841,-0.09180252262584077,1.9077547888013369,0.6069185990809561,2.001968661119555,-0.19887384516852524
1781078731.8612669,199.26228141784668,149.14771094201868,-157.49752026938896,-0.6005587283918317,-0.08909010910647908,1.9078892980791449,0.6071308209835984,2.002161184199002,-0.20101761976864968
1781078731.9605038,199.36151838302612,149.14771094201868,-157.49752026938896,-0.6001609562072474,-0.09059588992766976,1.9084007766396005,0.6069602858732884,2.0025968922641457,-0.20019430986947503
1781078732.061157,199.46217155456543,149.14771094201868,-157.49752026938896,-0.6004525373803347,-0.09174460937970252,1.9077156063567242,0.6074210426028361,2.0020837039778634,-0.19866345099659155
1781078732.1633337,199.5643482208252,149.14875931754412,-157.49752031027768,-0.6015658672409643,-0.09058379225641033,1.9058503929132906,0.6083476933867062,2.000588072596823,-0.20114151343647965
1781078732.2618926,199.66290712356567,149.14980766869184,-157.4975203261929,-0.6019876084015721,-0.089976076463671,1.9032092732874981,0.608674605191346,1.9981717426018135,-0.20030829196688882
1781078732.3601587,199.76117324829102,149.15085599766107,-157.4975203173926,-0.603941047937667,-0.09109655251378967,1.9045403094290736,0.6107727656534344,2.0000792888043555,-0.20170496031847016
1781078732.4608784,199.8618929386139,149.15085599766107,-157.4975203173926,-0.6025857293381875,-0.08914622143100814,1.9035034479322892,0.6091441619169158,1.9985950030677988,-0.2005603858123139
1781078732.5614457,199.96246027946472,149.15085599766107,-157.4975203173926,-0.6033535037849163,-0.09030005294582111,1.902011263121478,0.6100733972986799,1.9974574826845535,-0.19803850809902038
1781078732.6621168,200.06313133239746,149.15085599766107,-157.4975203173926,-0.6043079897060863,-0.08945436828781794,1.905652977646893,0.6108929778843295,2.0011755299430516,-0.2000876429297664
1781078732.761191,200.16220545768738,149.15085599766107,-157.4975203173926,-0.6039562323065581,-0.09166664616398634,1.904347953952959,0.6108730674705561,1.9999267572303012,-0.20010043074191114
1781078732.8611808,200.26219534873962,149.15190432531077,-157.49752030843752,-0.6035636227770169,-0.08967057006265122,1.9064854505734636,0.610188379006908,2.0017533891874346,-0.2002669744549553
1781078732.960905,200.36191964149475,149.15190433421643,-157.4986273147225,-0.6043790331022194,-0.08681857388091885,1.9063389825626098,0.6105829021715972,2.0017341973554172,-0.19949121979995146
1781078733.0611765,200.46219110488892,149.15190432531077,-157.49752030843752,-0.6018607770920994,-0.08547076610145155,1.905820864247728,0.6078993723140984,2.000423658493828,-0.20223625178049406
1781078733.160865,200.56187963485718,149.15190434858886,-157.497520333282,-0.6034866560187311,-0.08900680891582624,1.9004843429924627,0.610015045737438,1.9959857449354546,-0.20049040483676664
1781078733.2607565,200.66177105903625,149.15190434858886,-157.497520333282,-0.6048477185148045,-0.0901917066904332,1.9029492664412984,0.6115352046679711,1.9987974427634665,-0.19917360491132324
1781078733.362404,200.763418674469,149.15190435771444,-157.49862733959282,-0.6055503295522442,-0.08622115510723916,1.9028673052633809,0.6116578203610725,1.998756931357382,-0.20355673566917049
1781078733.4601889,200.86120343208313,149.15190435771444,-157.49862733959282,-0.6054072310856498,-0.0920482836106089,1.9044158037420027,0.6123649254867986,2.0004475388044423,-0.1998792840334235
1781078733.563734,200.96474862098694,149.15190435771444,-157.49862733959282,-0.6061483582689675,-0.08988664158098914,1.9013252405623553,0.6127768277006514,1.9976318757384635,-0.1992918153415622
1781078733.661497,201.06251168251038,149.15190433421643,-157.4986273147225,-0.6059231752368817,-0.09221992236874144,1.9060322990516914,0.6129008144641689,2.00215047721172,-0.19954072024670977
1781078733.7616127,201.1626272201538,149.15190384427464,-157.49862680541978,-0.6046269779860438,-0.08717913058322324,1.902047741220541,0.6108796799025014,1.9977386198399292,-0.20119204333505106
1781078733.8607123,201.2617268562317,149.15190384427464,-157.49862680541978,-0.6047507873932716,-0.08851357962282691,1.904939024408537,0.611194051533904,2.000587627509722,-0.19884898588832794
1781078733.9602232,201.36123776435852,149.15190385864707,-157.49751982397927,-0.6046646369207735,-0.0887722164465572,1.9025553291906583,0.6111463241772508,1.998303432961856,-0.2007439971325678
1781078734.060644,201.4616584777832,149.15085553099738,-157.49751983293436,-0.6047290164302979,-0.09014196499435911,1.900549045983106,0.6114104653715045,1.9964742506110853,-0.19882083959346486
1781078734.160343,201.56135749816895,149.15085553099738,-157.49751983293436,-0.603140709844098,-0.08682264863051614,1.8998550013061635,0.609357766986243,1.995185684134312,-0.2014971247024282
1781078734.2607906,201.66180515289307,149.15085553099738,-157.49751983293436,-0.6042047792066398,-0.09086630238365956,1.9011896852383876,0.6109992636043214,1.9969582668102661,-0.19887103938353812
1781078734.3612115,201.76222610473633,149.15085553099738,-157.49751983293436,-0.603002666583933,-0.09001321772703363,1.9037255573397907,0.6096840126433595,1.9989711335938807,-0.20235475041053794
1781078734.4608188,201.86183333396912,149.15085553099738,-157.49751983293436,-0.6056011005763366,-0.09083680910597991,1.9015353074415908,0.6123757171115021,1.9977088237165124,-0.19755851877386285
1781078734.5612524,201.96226692199707,149.15190385864707,-157.49751982397927,-0.6064378501960448,-0.09130812589896209,1.903009923552505,0.6132732180729737,1.999387608530395,-0.199424563704922
1781078734.6607502,202.06176471710205,149.15190386777266,-157.49862683029008,-0.6043605967118424,-0.09007466589753221,1.904195937145892,0.6110361497443881,1.999831828763951,-0.2010543300317145
1781078734.7608047,202.16181921958923,149.15190386777266,-157.49862683029008,-0.6043832488870464,-0.08635061326060622,1.9011962361747057,0.6105207121349318,1.9968181360330768,-0.20269699173092978
1781078734.8611755,202.26219010353088,149.15190386777266,-157.49862683029008,-0.60629605530508,-0.08877656071706497,1.904584988655591,0.6127611152898422,2.0007299076645677,-0.20022886376328358
1781078734.9615679,202.36258244514465,149.15085554042878,-157.49862683894835,-0.6039380285270113,-0.09265514105834427,1.9045089805931616,0.6110041877644005,2.000120140048002,-0.20091741402209037
1781078735.0602865,202.46130108833313,149.15085554042878,-157.49862683894835,-0.6043376143755665,-0.08901560226510696,1.9014946934172872,0.6108581910687378,1.997205497361219,-0.19956908883781663
1781078735.1613514,202.56236600875854,149.15085554042878,-157.49862683894835,-0.6032682198608939,-0.08933636241170007,1.9041565261557905,0.6098471371934826,1.999431320862203,-0.20144096567638103
1781078735.2604609,202.66147541999817,149.15085554042878,-157.49862683894835,-0.6043611757004896,-0.08869751452189689,1.9011724199514228,0.6108352312829052,1.9968916470756217,-0.1985462402854245
1781078735.4605272,202.86154174804688,149.15190386777266,-157.49862683029008,-0.6060581890499179,-0.08951581555413668,1.900543340832734,0.6126333403829637,1.9968436594116319,-0.19990912329451696
1781078735.5601208,202.96113538742065,149.15190386777266,-157.49862683029008,-0.604524374534293,-0.08897460499466092,1.9030328596866894,0.6110369872111131,1.9987246595735324,-0.19957204416594565
1781078735.660959,203.06197357177734,149.15190386777266,-157.49862683029008,-0.6051929331589463,-0.08678363079212659,1.9034427485817322,0.611383582474205,1.99922089376021,-0.20406635496512732
1781078735.7601883,203.16120290756226,149.15190386777266,-157.49862683029008,-0.6045752093063754,-0.08708825509157236,1.9028136572251146,0.6108154777694671,1.9984482385103595,-0.20357360454099852
1781078735.8606272,203.26164174079895,149.15190387703223,-157.49973383651093,-0.6062235336238473,-0.087560890662985,1.9017682189752418,0.6125143935395144,1.997973033100633,-0.19999326209229618
1781078735.9601653,203.3611798286438,149.1508555171507,-157.49862681410386,-0.6044189933481334,-0.09113910882533105,1.9055314734282385,0.6112517130261858,2.0011693713684107,-0.2000325386958766
1781078736.0611115,203.46212601661682,149.15085549378665,-157.49862678958195,-0.6046606541761435,-0.0896516644139922,1.9033649290270165,0.6112707482293921,1.9991122981690999,-0.19947930859200882
1781078736.1602547,203.56126928329468,149.15085547037458,-157.49862676438906,-0.6020706642414666,-0.08925682181146044,1.9055295849217373,0.6086508563865195,2.0003746809015683,-0.20098033863067485
1781078736.2606332,203.66164779663086,149.15085547037458,-157.49862676438906,-0.6031537260614925,-0.08836796967281657,1.9031916218550258,0.6095927454669697,1.9984348037464523,-0.19861567205304345
1781078736.3601017,203.7611162662506,149.15085547037458,-157.49862676438906,-0.6043174523652226,-0.0890346464485674,1.9038781399078666,0.6108410198254652,1.999469610451845,-0.1988545733567967
1781078736.4603834,203.86139798164368,149.15085547037458,-157.49862676438906,-0.6039651244063862,-0.08943526974013594,1.9038326329609487,0.6105510125883933,1.999337698664168,-0.19876177021197566
1781078736.5606403,203.96165490150452,149.15085547037458,-157.49862676438906,-0.6045395731744918,-0.08835007698041863,1.9043366313328844,0.6109613994651729,1.9999429584547457,-0.20022642145854833
1781078736.660333,204.06134748458862,149.15085547037458,-157.49862676438906,-0.6031339249983887,-0.08590160741846375,1.9038092622640896,0.609220500017061,1.998909533901816,-0.2007976198393041
1781078736.7606454,204.1616599559784,149.15085544679064,-157.49862673984134,-0.6019716475288988,-0.0887539434333462,1.9089127862565785,0.6084793561852582,2.0035456452093823,-0.20259950895812048
1781078736.8610983,204.26211285591125,149.15085544679064,-157.49862673984134,-0.6013307697794801,-0.0906492322201018,1.9060825563773556,0.6081249690529702,2.0007415349594035,-0.20272349462667516
1781078736.9602766,204.36129117012024,149.14980710860996,-157.49751974265345,-0.6013904660857463,-0.08845044111893685,1.904823199644648,0.6078601592742904,1.9994612762285346,-0.20187761637341117
1781078737.0612235,204.462238073349,149.1487587808262,-157.49751975126014,-0.6018760856777305,-0.09024647314026879,1.9060460617475048,0.6086043447306337,2.0008525277811398,-0.19867327974811183
1781078737.1614518,204.56246638298035,149.14875875763403,-157.49751972609303,-0.6040987765928492,-0.08900825206427498,1.9067928258084952,0.6106208322817971,2.0021779844387613,-0.20312001593812468
1781078737.26054,204.66155457496643,149.14875820660623,-157.49752016745967,-0.6019498544220312,-0.09304963688350654,1.908293730085521,0.6090992219358493,2.0031442340596866,-0.20115129904217266
1781078737.3606093,204.76162385940552,149.147709877637,-157.49752017625997,-0.600194496242608,-0.08920120574927637,1.906471342592831,0.6067868558456443,2.0007056926381637,-0.19942633038422206
1781078737.4606707,204.8616852760315,149.147709877637,-157.49752017625997,-0.6020209142718329,-0.0905557035330844,1.9059863062333218,0.6087934926254267,2.0008531470880135,-0.19985244094076585
1781078737.5608006,204.96181511878967,149.1477104286648,-157.49751973489333,-0.5995964865691974,-0.08885265063094039,1.9049138455737984,0.6061441579610164,1.9990266379638433,-0.20024716180104785
1781078737.6609025,205.0619170665741,149.1477104286648,-157.49751973489333,-0.60086275383577,-0.089349737938619,1.9058519834473442,0.6074696902865238,2.000322775810689,-0.19939128613038015
1781078737.7608387,205.16185331344604,149.14875875763403,-157.49751972609303,-0.6009261199349396,-0.08584968666650639,1.9042066208607744,0.6070274872860361,1.9986208307857716,-0.20264517366089463
1781078737.8602095,205.26122403144836,149.14875875763403,-157.49751972609303,-0.5993373735510374,-0.08745852133529297,1.9087462897860754,0.6056849678580538,2.002540056793202,-0.20015369514229292
1781078737.9602933,205.36130785942078,149.14980710860996,-157.49751974265345,-0.6022190378834011,-0.09211360042337446,1.9071055157429926,0.6092230174346389,2.0020499826801306,-0.20035039943156013
1781078738.0606964,205.4617109298706,149.1508554517317,-157.4964127519485,-0.6049318487150686,-0.09124059147612229,1.9035599528775653,0.6117739673463911,1.9994518952257847,-0.20014790429434917
1781078738.1604002,205.56141471862793,149.15085547500982,-157.496412776793,-0.6022286363320006,-0.08905301659206089,1.9046576977939529,0.6087772746928444,1.9995826354387578,-0.20282161838463353
1781078738.2604117,205.66142630577087,149.15085547500982,-157.496412776793,-0.6020489830577844,-0.08755389321063944,1.9016176947842756,0.6083820035284183,1.9965666829169304,-0.20266655644226023
1781078738.3619137,205.76292824745178,149.15085547500982,-157.496412776793,-0.6019782292947582,-0.09163186887300867,1.9060748395184517,0.6089122990530021,2.0009736334552994,-0.20220763934918556
1781078738.4621563,205.86317086219788,149.15085547500982,-157.496412776793,-0.6044416496091571,-0.09503214547294192,1.9057372899070304,0.6118666655860813,2.0015532554987447,-0.19985950503571315
1781078738.5612826,205.96229720115662,149.15085547500982,-157.496412776793,-0.6037271145549141,-0.08972892708217728,1.9012852067993344,0.6103586725886027,1.9968533112870632,-0.19919158843533238
1781078738.6625276,206.06354212760925,149.15085547500982,-157.496412776793,-0.6041387366031756,-0.09135184389941742,1.9032901841915795,0.6110063603992226,1.9989603041802309,-0.2005030317150836
1781078738.7604887,206.16150331497192,149.15085547500982,-157.496412776793,-0.6022787649199586,-0.09169644595638715,1.906428047623472,0.6092191304239742,2.0014034699780017,-0.2027628561752378
1781078738.8618093,206.26282382011414,149.15085547500982,-157.496412776793,-0.602986802078334,-0.08852458081796044,1.9007974264854253,0.6094503137169195,1.9961113549657663,-0.2016380228155704
1781078738.9603927,206.36140727996826,149.15085546094318,-157.49751975837506,-0.6033010065457631,-0.08734621205317694,1.903052263428657,0.6095912280037906,1.998301624530217,-0.20331954026449542
1781078739.0611384,206.46215295791626,149.15085546094318,-157.49751975837506,-0.5998270314807712,-0.08542699142435595,1.9067904492069319,0.6058797228483976,2.0007348789246473,-0.2018224753881102
1781078739.1686673,206.56968188285828,149.15085547037458,-157.49862676438906,-0.6015833207683841,-0.08858643970120283,1.9053955900930906,0.6080707599660186,2.000070599721882,-0.20328209865137972
1781078739.2607088,206.66172337532043,149.15085547037458,-157.49862676438906,-0.602648777180292,-0.08702505372215796,1.9036589924931178,0.6088997525145217,1.9986686739707904,-0.2016661516351938
1781078739.360406,206.76142048835754,149.15085544679064,-157.49862673984134,-0.6031178405464743,-0.08725751940542636,1.9049707760444459,0.6093972466940024,2.000069664252125,-0.2019536716198447
1781078739.4616425,206.8626570701599,149.15085544679064,-157.49862673984134,-0.6030999888313033,-0.08691604167080413,1.9060344182313025,0.6093307762029087,2.0010625173418193,-0.201168718651216
1781078739.560461,206.96147561073303,149.15085544679064,-157.49862673984134,-0.6013461560654605,-0.08663073413202937,1.9057652229044288,0.6075541815434732,2.0002657744267203,-0.2024535513502151
1781078739.6612642,207.0622787475586,149.15085544679064,-157.49862673984134,-0.6032896895520992,-0.08869015682540748,1.9055531485186297,0.609774051134995,2.0007391622265125,-0.200746020293553
1781078739.7602801,207.1612946987152,149.15085544679064,-157.49862673984134,-0.6023144421468771,-0.08867346071465931,1.9074944435786154,0.6088067590408454,2.002293865080026,-0.20201237591602147
1781078739.8605404,207.26155495643616,149.15085544679064,-157.49862673984134,-0.6006054892930024,-0.08494994764959074,1.9044696428183017,0.6065834216120277,1.9987366179141826,-0.2051321929522176
1781078739.9613593,207.36237382888794,149.15085541416707,-157.49751970866023,-0.6035371221488788,-0.08934016301770953,1.9054850081471777,0.6101136964040239,2.000777808456859,-0.20166921281686442
1781078740.06069,207.46170449256897,149.15085541416707,-157.49751970866023,-0.6014668689476821,-0.08783420079387838,1.9063496610391848,0.607846396115686,2.0009113602094026,-0.2019124857539447
1781078740.1611714,207.56218600273132,149.15085541416707,-157.49751970866023,-0.601829566976221,-0.08737335218509656,1.9069994397011396,0.6081389071247182,2.0016192928175194,-0.20309780734339444
1781078740.261444,207.66245865821838,149.15085541416707,-157.49751970866023,-0.6034841609856016,-0.08884601180614027,1.904754866386788,0.6099891362756819,2.0000444613554227,-0.20138005002864834
1781078740.360153,207.76116752624512,149.15085541416707,-157.49751970866023,-0.601162996767016,-0.08961948083077687,1.907435205823523,0.607806383666935,2.0019334815226264,-0.20453165678160587
1781078740.4612408,207.86225533485413,149.15085541416707,-157.49751970866023,-0.6019288560733003,-0.08721824377906273,1.9075097420656415,0.6082149043073639,2.002128563778297,-0.2032255283738618
1781078740.5604184,207.96143293380737,149.15085538145757,-157.4964126773634,-0.603048221660913,-0.09004046414082723,1.9065462193335914,0.6097330914679678,2.001672532979932,-0.20052832609895255
1781078740.660411,208.061425447464,149.15085538145757,-157.4964126773634,-0.6020542360628269,-0.08785232718159364,1.9050384219235368,0.6084302215968697,1.9998396744632645,-0.20283906411437658
1781078740.760329,208.16134357452393,149.15085538145757,-157.4964126773634,-0.602008785010014,-0.09041656358806449,1.9083155148190718,0.6087608169062031,2.003062114937898,-0.20156740356371436
1781078740.8621657,208.2631802558899,149.15085538145757,-157.4964126773634,-0.6009236187226179,-0.08862302105177378,1.9080303377046453,0.607423439948632,2.0023843299927044,-0.20408388479530082
1781078740.961347,208.3623616695404,149.15085538145757,-157.4964126773634,-0.6025846066896179,-0.08828168905483835,1.9073065875128439,0.6090171301709474,2.0021788840189942,-0.20390956812003974
1781078741.0613172,208.4623317718506,149.15085539066905,-157.4975196842283,-0.6014375346968848,-0.0871242607392162,1.9074715302876353,0.6077151840719643,2.0019404046598077,-0.20376998626347337
1781078741.161407,208.56242156028748,149.15085539066905,-157.4975196842283,-0.6013734331313572,-0.08415960634184216,1.908041769371702,0.6072337650491849,2.0023376935679216,-0.20638963059097795
1781078741.260618,208.6616325378418,149.15085539066905,-157.4975196842283,-0.6001551753568322,-0.08668934533037032,1.9083466707955696,0.606383770479882,2.002370668242504,-0.20476811235961925
1781078741.3609471,208.7619616985321,149.15085539066905,-157.4975196842283,-0.6007348347937977,-0.08747655544840427,1.9084171648392123,0.6070704155926635,2.002645890950466,-0.20592917592728985
1781078741.4615195,208.8625340461731,149.15085539066905,-157.4975196842283,-0.6001542994496276,-0.08711835478999319,1.9065869621910572,0.6064443840033382,2.000712032074109,-0.20477709620803483
1781078741.5606327,208.96164727210999,149.15085539066905,-157.4975196842283,-0.6000245178264549,-0.08838427963812023,1.9070923852103345,0.6064991367512564,2.0012102759598407,-0.20547746806395378
1781078741.6616893,209.06270384788513,149.15085539066905,-157.4975196842283,-0.600538021573044,-0.08819981768877483,1.9096712323110434,0.6069803318026038,2.0038136986036346,-0.2061617190947609
1781078741.760459,209.16147351264954,149.15190371831878,-157.49751967527322,-0.6023425881043067,-0.08907126859341474,1.9091511355332227,0.6088926706185868,2.0038982865007964,-0.20549166035423852
1781078741.8610487,209.2620632648468,149.15190371831878,-157.49751967527322,-0.6002752084715155,-0.08629538727694808,1.9087950489298926,0.6064463865592735,2.00281695583747,-0.20653373975589365
1781078741.9605196,209.36153411865234,149.15190322844012,-157.49751916603614,-0.6002502077484166,-0.08164350480879534,1.910870708046438,0.6057771651188918,2.004592935398451,-0.2062835124263623
1781078742.0611577,209.46217226982117,149.1519032517182,-157.4975191904423,-0.5995528881779535,-0.08671256585975584,1.9040964834550675,0.6057909992732708,1.9981406740033252,-0.20562676425909188
1781078742.1617985,209.56281304359436,149.15190374159687,-157.49751969967937,-0.5997091813996747,-0.08576472702537785,1.906508966963602,0.6058107713278177,2.000445733272819,-0.2078404903394953
1781078742.2609987,209.66201329231262,149.15085541416707,-157.49751970866023,-0.6011776980647596,-0.08806418644255132,1.9089088852037495,0.607593552948212,2.003273086125317,-0.205337332197076
1781078742.36142,209.76243448257446,149.15085541416707,-157.49751970866023,-0.6015686547113148,-0.0862566859346714,1.9053691664118935,0.6077212043360126,1.9999391797034147,-0.2047689487887085
1781078742.4608493,209.86186385154724,149.15085541416707,-157.49751970866023,-0.5994571823737829,-0.08293571730777671,1.9071984136173588,0.6051671229543706,2.0009080527624055,-0.20683504032889022
1781078742.5602422,209.96125674247742,149.1508549242884,-157.49751919942315,-0.5998424453685232,-0.08590432020298522,1.907484475220989,0.605962467068074,2.0014213785968007,-0.2039313492975321
1781078742.663386,210.0644006729126,149.15085541416707,-157.49751970866023,-0.5992846630272197,-0.08594833617448217,1.9064548828531689,0.6054165704957291,2.0002748421618213,-0.20395180470706345
1781078742.7611053,210.16211986541748,149.15085541416707,-157.49751970866023,-0.5988554939237645,-0.08387900751495181,1.9067717194284037,0.6047012407002066,2.0003604626457503,-0.20683000000353363
1781078742.8613467,210.26236128807068,149.15085541416707,-157.49751970866023,-0.6008967978316377,-0.08525769774334435,1.9089877554577703,0.6069150160185622,2.003142552879477,-0.20619819185555352
1781078742.9607024,210.36171698570251,149.15085541416707,-157.49751970866023,-0.5992116850960372,-0.0853110893627047,1.908178717102265,0.6052541825744651,2.0018687873899053,-0.2058305623907544
1781078743.060375,210.46138954162598,149.15085541416707,-157.49751970866023,-0.5979044521004084,-0.0790513738181744,1.9089914808239807,0.6031076633106484,2.0019958360102965,-0.20796877360992114
1781078743.1627688,210.5637834072113,149.15085543766506,-157.49751973353054,-0.5988863695832549,-0.0867987225963418,1.907424768091068,0.6051437035258384,2.0011167251922695,-0.2065299380723169
1781078743.261284,210.6622986793518,149.15085543766506,-157.49751973353054,-0.59676917985729,-0.07976284835274328,1.907443911349049,0.602076046695835,2.0002094492696116,-0.20737536150040922
1781078743.3606806,210.76169514656067,149.15085543766506,-157.49751973353054,-0.5995321412835324,-0.08783059708545693,1.9067082756448834,0.6059315161108599,2.0006722496773652,-0.2051206641398962
1781078743.4613655,210.862380027771,149.15085543766506,-157.49751973353054,-0.5967019630114692,-0.08125741721320878,1.9086607923596954,0.6022092663799704,2.0014100081705006,-0.20712001981197897
1781078743.5609152,210.96192979812622,149.15085543766506,-157.49751973353054,-0.6008585282147294,-0.08724728076145993,1.9075758198460633,0.607159829804838,2.0018712664379845,-0.20738290364488757
1781078743.6610835,211.06209802627563,149.15085543766506,-157.49751973353054,-0.5990011624264753,-0.08373985876997381,1.906935708161224,0.6048262201120945,2.0005545610143787,-0.20621222852297702
1781078743.7605991,211.16161370277405,149.15085543766506,-157.49751973353054,-0.5964026219592427,-0.07986514539237533,1.907260571806757,0.601726290707332,1.9999293531765172,-0.20845104204186374
1781078743.8602405,211.26125502586365,149.15085543766506,-157.49751973353054,-0.5970357301928857,-0.0797285339039604,1.9064866843286785,0.6023357056039657,1.9993748472380024,-0.20513279529141362
1781078743.960767,211.36178159713745,149.15085543766506,-157.49751973353054,-0.5980855194268315,-0.08150374972544228,1.9032680379356148,0.603613410857786,1.9966918575470416,-0.20684351436489823
1781078744.060518,211.46153259277344,149.15085543766506,-157.49751973353054,-0.596293333555991,-0.07841035975815203,1.9034906663354865,0.6014265742056292,1.9962441336136805,-0.20709799481123095
1781078744.1608868,211.56190133094788,149.15085546094318,-157.49751975837506,-0.5983707768471902,-0.08462056809267438,1.9031952573817381,0.6043246041069623,1.9968376035244773,-0.20693992742264208
1781078744.2610319,211.66204643249512,149.15085549378665,-157.49862678958195,-0.5987126443436352,-0.08707590175151836,1.903141922302294,0.6050116058083418,1.9969947970856756,-0.2072269774615608
1781078744.3607833,211.76179790496826,149.15085549378665,-157.49862678958195,-0.5970215849433202,-0.08232290866661174,1.9038968465458288,0.6026705851288625,1.9970065188843817,-0.2087508023249235
1781078744.4604177,211.86143231391907,149.15085549378665,-157.49862678958195,-0.5997175292501993,-0.08588265112317117,1.902346004849492,0.605835740654105,1.9964862300603858,-0.20702059969980385
1781078744.560165,211.9611794948578,149.15085499456254,-157.49751927400828,-0.5980800382388907,-0.08091764783719668,1.9013148484525013,0.6035291193234487,1.994804639762324,-0.20740155141125394
1781078744.660878,212.06189250946045,149.15085499456254,-157.49751927400828,-0.5981214597107964,-0.0840434856191905,1.9009192310985925,0.6039971755245194,1.9945692545514837,-0.20828073566797708
1781078744.7604482,212.16146278381348,149.15085499456254,-157.49751927400828,-0.5993248932518895,-0.08564344207806585,1.9024913043540421,0.6054131868751851,1.9964965038750035,-0.20876664996285563
1781078744.8628874,212.26390194892883,149.15085499456254,-157.49751927400828,-0.6007065022054405,-0.08255142063845256,1.9016743555508417,0.6063522399078952,1.996003104556962,-0.20561564546410968
1781078744.9605408,212.36155533790588,149.15085499456254,-157.49751927400828,-0.5998934125090614,-0.08158330717182594,1.9057254349066406,0.605415512173961,1.999579299660547,-0.21159257598664352
1781078745.0605402,212.4615547657013,149.15085499456254,-157.49751927400828,-0.5960099696728207,-0.08130139358812016,1.903918789499713,0.6015295508524641,1.9966833894132587,-0.20960452761160447
1781078745.1618056,212.56282019615173,149.15085501784063,-157.49751929885278,-0.6006285155443436,-0.08599211484394687,1.901366934157899,0.6067530449040501,1.9958320259504165,-0.206028808092338
1781078745.2607064,212.66172099113464,149.15085501784063,-157.49751929885278,-0.5941087318959148,-0.07974263103392332,1.901417928855399,0.5994364624538487,1.993668531299007,-0.20768289700138615
1781078745.360408,212.76142263412476,149.149806702938,-157.49641232607104,-0.5998926387414372,-0.08249023852329174,1.9025802527190845,0.6055376267977028,1.9966190010876912,-0.21324849316508457
1781078745.4613853,212.86239981651306,149.149806702938,-157.49641232607104,-0.598461935495294,-0.08382264655230642,1.898933613936697,0.6043036689544474,1.9927698799536517,-0.20779960025502833
1781078745.5603678,212.9613823890686,149.15085503190727,-157.49641231727074,-0.5977173369181514,-0.08008361081687099,1.9016334855914627,0.6030583716142203,1.994965992967482,-0.21420221511876156
1781078745.6618476,213.06286215782166,149.15085503190727,-157.49641231727074,-0.5947289171948285,-0.0824107202821267,1.8969638195566527,0.6004115353365157,1.9897149907642846,-0.21307417920003774
1781078745.7620268,213.1630413532257,149.15085503190727,-157.49641231727074,-0.5915522487921123,-0.07923336048716578,1.897079137642518,0.5968349759063173,1.988748662587501,-0.2112760862955672
1781078745.8604538,213.26146841049194,149.1508550228676,-157.49530531063732,-0.5946480120061324,-0.08036811916608144,1.8950278681360921,0.6000544081674084,1.987761533427378,-0.21604851572656836
1781078745.960441,213.36145567893982,149.1508550228676,-157.49530531063732,-0.5961850525255556,-0.08563181164691969,1.8962910201069447,0.6023034318521131,1.9896454601157139,-0.2113820453829848
1781078746.0606167,213.46163129806519,149.15085503190727,-157.49641231727074,-0.5947569143293947,-0.08131279740842956,1.8961598565911848,0.6002895619324121,1.988911702392268,-0.2164001529094672
1781078746.1621103,213.56312489509583,149.14875836100177,-157.49751931658236,-0.5977447115351424,-0.08045234289662062,1.8979657589236874,0.6031345783867693,1.9914932441995765,-0.2116892784868477
1781078746.2610762,213.66209077835083,149.14771004176973,-157.49862633109987,-0.5949483358135694,-0.08235272776767033,1.8966095469188065,0.6006209237598302,1.9894404408078348,-0.21059216491444416
1781078746.3608584,213.76187300682068,149.14771003255825,-157.49751932511165,-0.591408668916074,-0.08201309762412734,1.8984189096557336,0.5970681383652849,1.9900966605643684,-0.2117168856447926
1781078746.4644248,213.86543941497803,149.14666170446873,-157.49751933401515,-0.591916872443079,-0.08266172916910364,1.8944688236050442,0.5976608949496549,1.986507153010908,-0.21152220540330016
1781078746.5606332,213.96164774894714,149.14666170446873,-157.49751933401515,-0.5918916607746496,-0.07859448018086823,1.899460006247185,0.5970869538094714,1.9910954637440237,-0.21590513957691476
1781078746.6605043,214.061518907547,149.14771003255825,-157.49751932511165,-0.5949469082916607,-0.08131303378192456,1.8965061666886407,0.6004778373500775,1.989298688844053,-0.21319206396440277
1781078746.761432,214.16244649887085,149.14771003255825,-157.49751932511165,-0.5972277253189873,-0.08069137591556341,1.899088384342041,0.6026541744954883,1.9924178140088242,-0.21264435897374578
1781078746.8631823,214.26419687271118,149.14666170446873,-157.49751933401515,-0.5937709639514992,-0.08179817071123807,1.8980193807353243,0.5993787603540831,1.9904101255797764,-0.21430974953023108
1781078746.9625118,214.36352634429932,149.14666170446873,-157.49751933401515,-0.5953184963424292,-0.08146150808630637,1.8979434090928473,0.6008661160251143,1.990786094362246,-0.2122001844300956
1781078747.0627642,214.46377873420715,149.14771003255825,-157.49751932511165,-0.5953954972946747,-0.08168736512416785,1.896719763306759,0.6009730641382375,1.9896518500326006,-0.213984090278533
1781078747.1615224,214.56253695487976,149.14875887446433,-157.49751985036715,-0.5959388620418622,-0.0799938842627057,1.898453779007835,0.6012837506628504,1.99139872949651,-0.2133861411252483
1781078747.2628024,214.66381692886353,149.14980720224807,-157.49751984176046,-0.5980080722423509,-0.08297915571532144,1.894388146724826,0.603737687038204,1.9882669954515066,-0.21515952587678325
1781078747.360865,214.7618796825409,149.14980720224807,-157.49751984176046,-0.5989894635361281,-0.08207429325022986,1.8951456994944489,0.6045862775814741,1.9892465381023356,-0.2105760058053773
1781078747.4944732,214.89548778533936,149.14875887446433,-157.49751985036715,-0.5941614200694687,-0.08032813572648934,1.8934735342383395,0.5995668457213599,1.9861325301573631,-0.21538442588574092
1781078747.562273,214.9632875919342,149.14875887446433,-157.49751985036715,-0.5925523859781947,-0.07755899831369106,1.8945237219010704,0.5976066669205378,1.9865431938907745,-0.2164778692840409
1781078747.6611416,215.06215620040894,149.14875887446433,-157.49751985036715,-0.5950442319256126,-0.07999872902783522,1.8947860865359984,0.6003977303371585,1.9876347119942375,-0.2126093664885711
1781078747.760578,215.1615924835205,149.14875887446433,-157.49751985036715,-0.5986461772331495,-0.08555285143532387,1.8960535922616097,0.6047284811422214,1.9901547077131296,-0.21628050672559992
1781078747.8610158,215.26203036308289,149.1487583753742,-157.4964123347035,-0.5921378148232179,-0.0831236620196023,1.9001522077521977,0.5979437556586443,1.9920128382007771,-0.2144259666907194
1781078747.9609458,215.36196041107178,149.14875830501418,-157.496412260441,-0.5970627335335053,-0.09009761863362087,1.8973128354975601,0.6038223982744851,1.991079477168539,-0.21217565782937878
1781078748.061472,215.46248650550842,149.14770992957466,-157.49641221922968,-0.591814886538657,-0.08309719525502146,1.899051162477265,0.5976202839496119,1.9908654704661153,-0.21602765886612743
1781078748.1615705,215.56258511543274,149.14770992957466,-157.49641221922968,-0.5920142672601116,-0.08679325357098833,1.9017096686330925,0.5983426789933715,1.99361822455493,-0.21742268173883908
1781078748.2946293,215.69564390182495,149.14770990607667,-157.49641219435938,-0.5925421250109935,-0.08592205187943591,1.901337480331854,0.5987393163236537,1.9933822972592083,-0.21709932270644805
1781078748.3612633,215.762277841568,149.14771038660984,-157.49530569769823,-0.5968809299300801,-0.09420577525963836,1.903034509458689,0.6042694536433781,1.9966677031487086,-0.2109463116136361
1781078748.4617803,215.86279487609863,149.14771038660984,-157.49530569769823,-0.5952577884297909,-0.09121512255657649,1.902455514340277,0.6022059724623603,1.9954921742049165,-0.209347567951319
1781078748.5609689,215.96198344230652,149.14771038660984,-157.49530569769823,-0.5932209448945969,-0.08814962163253881,1.9024348233367336,0.5997344789618136,1.994727977018387,-0.2143192273741558
1781078748.6612477,216.06226229667664,149.14771038660984,-157.49530569769823,-0.5983960761112712,-0.09427375584343167,1.9050987879529548,0.6057766956116695,1.9990914928551946,-0.2111061152238973
1781078748.7608478,216.16186237335205,149.14771038660984,-157.49530569769823,-0.6015682140583749,-0.08941469030514781,1.905049473884709,0.608177032621052,1.9997731873780473,-0.2093242988335299
1781078748.8608315,216.26184606552124,149.14771038660984,-157.49530569769823,-0.5966266955428239,-0.0922667191941855,1.9060520785492012,0.6037189423110791,1.9993776750396457,-0.2055728999763526
1781078748.96061,216.36162447929382,149.14980707576646,-157.4964127110082,-0.6005612723897116,-0.08894945392057707,1.9057560072715702,0.607112713791367,2.000122947845656,-0.2066486298328418
1781078749.095899,216.49691367149353,149.1508554283196,-157.4964127267556,-0.6024941847270213,-0.09059190247305082,1.9056102372550978,0.6092668835769468,2.0006390258502393,-0.2044552180208864
1781078749.149361,216.55037546157837,149.1508554283196,-157.4964127267556,-0.6049784877867239,-0.0887903115066706,1.9066446266310086,0.6114594754373857,2.0022927913677013,-0.20690860560913693
1781078749.2617633,216.6627779006958,149.1508554283196,-157.4964127267556,-0.6015393457059588,-0.08836617126235069,1.906168498889737,0.6079952011783647,2.0007839740500404,-0.20479651220000664
1781078749.3622103,216.76322484016418,149.1508554283196,-157.4964127267556,-0.5986143736469387,-0.08662762534464719,1.9020836311079607,0.6048499928160447,1.9959372869753234,-0.2088361485629103
1781078749.4613721,216.8623867034912,149.1508554283196,-157.4964127267556,-0.6055445985107326,-0.09007225315676237,1.9040892725528609,0.612206886251911,2.0000883054068246,-0.20675854436352845
1781078749.5607796,216.9617941379547,149.1508554283196,-157.4964127267556,-0.6027625789819524,-0.08892509804530846,1.9046665535019827,0.6092867959207241,1.9997462538313362,-0.20577873188693865
1781078749.660498,217.06151247024536,149.1508554283196,-157.4964127267556,-0.6023351714333103,-0.08416925918865559,1.903804080078739,0.6081875721666485,1.9985900275600335,-0.2063822003370393
1781078749.7617176,217.1627321243286,149.15085541910815,-157.4953057207674,-0.6013555828858728,-0.08513169561015843,1.9044174947817822,0.6073515807713589,1.9989201927781879,-0.20881422394084972
1781078749.861063,217.26207756996155,149.15085541910815,-157.4953057207674,-0.6033089632982751,-0.08695419675453309,1.903017101690976,0.6095430563375039,1.998253444100019,-0.20280284805248827
1781078749.9608467,217.36186122894287,149.1498070901389,-157.4953057295677,-0.6006804732881506,-0.08814923164911193,1.9046508339488344,0.6071139250832626,1.9990703132436327,-0.20781834845611075
1781078750.060975,217.46198964118958,149.14980706655498,-157.49530570502,-0.6016577402285463,-0.08723098210899138,1.9039281012148173,0.6079484193717589,1.9986354082753761,-0.2089856339383823
1781078750.161238,217.5622525215149,149.14980706655498,-157.49530570502,-0.5999086310110044,-0.08581985868042352,1.9071449209785813,0.6060160176970781,2.0011139805917666,-0.2090534185112096
1781078750.2606583,217.66167283058167,149.14980706655498,-157.49530570502,-0.6001495461684954,-0.08238322842157686,1.903209106733975,0.6057775780692223,1.997291009854735,-0.20671381539279104
1781078750.3603444,217.76135897636414,149.14980706655498,-157.49530570502,-0.6007622999842397,-0.08051090438843289,1.902846623812783,0.6061331098098808,1.997053484652703,-0.20926193509227828
1781078750.4605398,217.86155438423157,149.14980706655498,-157.49530570502,-0.6027701631135756,-0.08383757715154161,1.9047031821719158,0.6085725995167768,1.9995636576659492,-0.2013268687132604
1781078750.5613446,217.96235918998718,149.14980705742943,-157.4941986987092,-0.6016625865467518,-0.08544064964263498,1.9047379510306108,0.6076989161266318,1.9993310468148522,-0.20597378087738633
1781078750.6608977,218.06191229820251,149.14980705742943,-157.4941986987092,-0.6016300536809638,-0.08208690169300326,1.9048491575633333,0.6072042332870515,1.999286696297321,-0.20339267418102114
1781078750.7602654,218.1612799167633,149.14980705742943,-157.4941986987092,-0.6048031817521746,-0.08063307571705991,1.9066878706069514,0.610154555467012,2.001935867473486,-0.20427646845540037
1781078750.8613958,218.26241040229797,149.14980705742943,-157.4941986987092,-0.6005868572407849,-0.081956548478189,1.9054725532303551,0.6061529913551699,1.9995617269899495,-0.20514918869291143
1781078750.9602733,218.36128783226013,149.14980704314289,-157.49530568026546,-0.5987093483988986,-0.07815337840074221,1.9079906747233217,0.6037887332632859,2.0012469236070896,-0.20300611516683253
1781078751.0602748,218.46128940582275,149.15085538145757,-157.4964126773634,-0.6053860762851002,-0.07651632617927362,1.9093067891491944,0.6102024660158644,2.004444926812171,-0.20296542244965074
1781078751.1629088,218.56392335891724,149.15085538145757,-157.4964126773634,-0.6060723516016822,-0.07487995367944222,1.9080893490942563,0.6106805243652595,2.0034309738461094,-0.20002071620530848
1781078751.2615244,218.66253900527954,149.15085535804548,-157.49641265260885,-0.6080774636860724,-0.07905085627294284,1.9099209380102007,0.6131942919828691,2.005942479028284,-0.19667059220017385
1781078751.3606474,218.76166200637817,149.15085535804548,-157.49641265260885,-0.5978509313329425,-0.07876237714091872,1.9074817536319104,0.6030167892758501,2.000528902212418,-0.20453937525257532
1781078751.4614944,218.8625090122223,149.15085535804548,-157.49641265260885,-0.6032865004735299,-0.07527479061170084,1.9109967771666434,0.6079645513969,2.0053751714072185,-0.20552551804144606
1781078751.6629596,219.06397414207458,149.15085535804548,-157.49641265260885,-0.60323178266799,-0.07803980510109909,1.9096161792135016,0.6082588222138818,2.0041488833704424,-0.20031959078762707
1781078751.7603934,219.16140794754028,149.15085535804548,-157.49641265260885,-0.6033033235104597,-0.07711454501321668,1.9107947377122607,0.6082117667485246,2.0052576101040556,-0.2001660540924646
1781078751.860267,219.26128149032593,149.1508553346815,-157.49641262808692,-0.6033416627554686,-0.0794349102810088,1.9115460343581643,0.6085483275697054,2.006075598889112,-0.20248035284831653
1781078751.9612496,219.36226415634155,149.15190369976185,-157.49530566251008,-0.6032052041966836,-0.08157705754697986,1.9061099565864588,0.6086964224373148,2.000941403761244,-0.20157019738098667
1781078752.0606556,219.46167016029358,149.15190369976185,-157.49530566251008,-0.604498813892576,-0.08148398716537031,1.9080575235508621,0.6099659467231736,2.003182959527398,-0.20100943505790492
1781078752.160258,219.56127262115479,149.15190372295402,-157.4953056872388,-0.6048062927534943,-0.0834752878701579,1.910998715068933,0.6105397410809809,2.0061592320736517,-0.2025501477358941
1781078752.2606452,219.66165971755981,149.15190372295402,-157.4953056872388,-0.6077526659107093,-0.08799298256241173,1.9098111351648985,0.6140896253005771,2.006111821385249,-0.20419830796534594
1781078752.3604088,219.7614233493805,149.15190372295402,-157.4953056872388,-0.6043947657659601,-0.08631532070162962,1.9071638263447308,0.6105271226351168,2.002502741069532,-0.2026940115989779
1781078752.4604247,219.86143922805786,149.15190372295402,-157.4953056872388,-0.6082004980798956,-0.08422654054305667,1.9098495206009947,0.6140048501408473,2.0061224158401534,-0.20029492183523148
1781078752.5606382,219.9616527557373,149.15190372295402,-157.4953056872388,-0.6082493633123249,-0.08531626794882641,1.911134582558542,0.614203674318678,2.0074066718524617,-0.20070118883641275
1781078752.660285,220.06129956245422,149.15190372295402,-157.4953056872388,-0.6057940191161322,-0.08210420410412667,1.9117546963436582,0.6113325559206289,2.007120702130413,-0.19909164634304163
1781078752.76055,220.16156458854675,149.15190372295402,-157.4953056872388,-0.6067594849994009,-0.08293273914364363,1.9143520551344624,0.6124009404455596,2.0099200737482437,-0.196849077006085
1781078752.8601131,220.2611277103424,149.15190372295402,-157.4953056872388,-0.6089385741871922,-0.08514106819461631,1.9147402877499793,0.6148619264732944,2.011040914093824,-0.1982568822268502
1781078752.9602668,220.3612813949585,149.14980712276247,-157.4964127607488,-0.6053062158201783,-0.08431377040895427,1.9109249263395325,0.611150085323661,2.0062747820019236,-0.19915535181153973
1781078753.0605671,220.46158170700073,149.14875881817093,-157.4964127945226,-0.6062120699449167,-0.08045673049608126,1.907405636172086,0.611527889166978,2.0030383471441726,-0.19529259072070354
1781078753.160563,220.56157755851746,149.14875885088043,-157.49751982581944,-0.60315050402059,-0.07772371633237185,1.911396903948532,0.6081377365209355,2.0058089717131193,-0.19910916231597092
1781078753.2610214,220.66203594207764,149.14875885088043,-157.49751982581944,-0.6061038376776082,-0.07501653716130363,1.9081496556958009,0.6107285345349419,2.0035030450256874,-0.19861415710462135
1781078753.3609395,220.76195406913757,149.14875885088043,-157.49751982581944,-0.604512440197766,-0.07669861128474054,1.9138559891242108,0.609358652459178,2.008522520270429,-0.2004348878289636
1781078753.460158,220.86117267608643,149.14875887446433,-157.49751985036715,-0.6062303314950839,-0.08296343377011794,1.910846500787584,0.6118808267690433,2.006422810810254,-0.19666938453335808
1781078753.5602472,220.96126174926758,149.14875887446433,-157.49751985036715,-0.6070725605963503,-0.07952771467543585,1.9107600961351867,0.6122595456426195,2.006456053895289,-0.19892607024182787
1781078753.6599483,221.06096291542053,149.14875887446433,-157.49751985036715,-0.6055159045957339,-0.07978094893863386,1.9090507509259498,0.610749138789355,2.004367551159934,-0.197320221387675
1781078753.7613018,221.16231632232666,149.14875887446433,-157.49751985036715,-0.6041971438927192,-0.0826791637109352,1.9104526595428741,0.609827871452313,2.005422498416356,-0.19749346940770776
1781078753.861168,221.26218247413635,149.14875887446433,-157.49751985036715,-0.6024965204395016,-0.0749601877007251,1.9112760289966284,0.6071417354142563,2.0053920180101836,-0.20212543661257082
1781078753.9602766,221.36129117012024,149.14875887446433,-157.49751985036715,-0.6040359063581207,-0.08348707467331451,1.910351613650472,0.6097782119815236,2.0053111368524204,-0.20018074418265988
1781078754.0602736,221.46128821372986,149.14875887446433,-157.49751985036715,-0.609020086242424,-0.0795441421323062,1.907661500544801,0.6141927514993107,2.004097087632018,-0.19926322537334096
1781078754.1602614,221.5612759590149,149.14875889796235,-157.49751987523746,-0.6059105869860275,-0.07550863388564721,1.9061320833249933,0.6105974068181335,2.001541583953206,-0.20584656029282203
1781078754.260245,221.66125965118408,149.14875889796235,-157.49751987523746,-0.6062825401582472,-0.08080321180955252,1.907372754553223,0.6116434235234415,2.003042311672778,-0.19844225966235185
1781078754.3604362,221.7614507675171,149.14875887446433,-157.49751985036715,-0.6075752160579384,-0.08013096558534016,1.9092142957134965,0.6128365318855343,2.005160303260134,-0.19749597802268254
1781078754.4972,221.89821457862854,149.14875887446433,-157.49751985036715,-0.6082925450039909,-0.08283089189308157,1.905942214816127,0.6139061629917357,2.002372718346272,-0.196777477505953
1781078754.56228,221.963294506073,149.14875887446433,-157.49751985036715,-0.6038753003443276,-0.07903047427507204,1.9075452302194156,0.6090247895037563,2.002408549612925,-0.19924917943210702
1781078754.6604154,222.061429977417,149.14875887446433,-157.49751985036715,-0.609528912846315,-0.08286091518766625,1.9075791747172934,0.6151352915102078,2.004307794395975,-0.19561577335072816
1781078754.7611287,222.16214323043823,149.14875887446433,-157.49751985036715,-0.6067118677506471,-0.07955416742265697,1.9035458287390026,0.6119053489092825,1.9994786515823186,-0.20093990735620745
1781078754.8603199,222.2613344192505,149.1487588835899,-157.49862685667796,-0.6070906157520426,-0.07840222687710252,1.9046370698784165,0.6121322773008159,2.000586987078673,-0.1986382512959017
1781078754.9608276,222.36184215545654,149.14875885088043,-157.49751982581944,-0.6067786564527182,-0.07514750618790345,1.9048071054106022,0.611414332194484,2.0005293285617043,-0.2024939436697831
1781078755.0632775,222.46429204940796,149.14875885088043,-157.49751982581944,-0.6064779960570945,-0.08537561412208561,1.9101775230548448,0.6124577986997572,2.005961795441801,-0.19800261405119493
1781078755.1620572,222.56307172775269,149.14875882760234,-157.49751980097494,-0.604224075316182,-0.08090090917684734,1.9089722136138358,0.6096160187341995,2.0039477544704214,-0.19920867647997229
1781078755.2623057,222.66332030296326,149.14875882760234,-157.49751980097494,-0.6040028451753301,-0.07827805887785644,1.906571523142077,0.6090540956939531,2.001489911125679,-0.20489721648838538
1781078755.360452,222.7614665031433,149.14875882760234,-157.49751980097494,-0.6100210403406265,-0.0787376052712716,1.906463047351045,0.6150815231675513,2.0032290510715813,-0.2004581556458295
1781078755.4616437,222.8626582622528,149.14875882760234,-157.49751980097494,-0.6028297360581973,-0.08058584044127315,1.9001410686991151,0.6081922133303107,1.9951024658680159,-0.20347894356352883
1781078755.5608346,222.96184921264648,149.14875882760234,-157.49751980097494,-0.6025277614645574,-0.0843729034316425,1.908468655818722,0.60840651719798,2.0031003720261986,-0.20078508103637308
1781078755.6606987,223.06171321868896,149.14875882760234,-157.49751980097494,-0.5999325326786504,-0.07675322412973173,1.9075000166423934,0.6048223715939489,2.0010913059306565,-0.20831096128751025
1781078755.76048,223.1614944934845,149.14980715547196,-157.49751979204567,-0.604407196063562,-0.0841228099936302,1.9040276069302378,0.6102333208000374,1.999426376180711,-0.20766463271475216
1781078755.8605764,223.2615909576416,149.14980714626049,-157.4964127856191,-0.605030365566364,-0.08729373322557876,1.9051613082643846,0.6112952961685756,2.000830215092097,-0.20517627673306177
1781078755.9606373,223.36165189743042,149.14980713219387,-157.49751976720114,-0.606454679054508,-0.08642944175741718,1.903816053910148,0.6125825055856599,1.9999432225129825,-0.2021515253198958
1781078756.062155,223.46316957473755,149.15085546094318,-157.49751975837506,-0.6047325259603724,-0.08517865913589162,1.9040147804786178,0.6107019174086495,1.9995572300406008,-0.2062303296255281
1781078756.16031,223.56132459640503,149.15085546094318,-157.49751975837506,-0.609759597242828,-0.08851256262792617,1.905118967547742,0.6161503389374207,2.002278582186523,-0.20629210502393264
1781078756.2604795,223.66149401664734,149.15085546094318,-157.49751975837506,-0.6050091642202062,-0.08959842958461195,1.907248667172539,0.6116076907417541,2.00291323971007,-0.20786742958380688
1781078756.3608425,223.76185703277588,149.15085543766506,-157.49751973353054,-0.6112436284542468,-0.0914555002144084,1.907530377033464,0.6180476371974745,2.005157106351223,-0.20723325524787173
1781078756.4607508,223.86176538467407,149.15085543766506,-157.49751973353054,-0.60580114445753,-0.08834711771166326,1.9049766529492638,0.6122093104764184,2.000933854008121,-0.20769412039267482
1781078756.560713,223.96172761917114,149.15085543766506,-157.49751973353054,-0.6045868381115156,-0.08956230354183958,1.9093001207989728,0.6111846292515876,2.004737788918135,-0.20616860179018148
1781078756.6607094,224.06172394752502,149.15085543766506,-157.49751973353054,-0.6026657991560853,-0.08615360795894844,1.9050677942565566,0.6087926655576487,1.9999779524660588,-0.20497341271198918
1781078756.7632275,224.16424202919006,149.15085543766506,-157.49751973353054,-0.6052417508176404,-0.0889918599728503,1.9091563071533257,0.6117492362677948,2.0047730378318525,-0.20554490416612653
1781078756.860846,224.26186060905457,149.151903765009,-157.49751972487226,-0.604661241931467,-0.08292113436499449,1.906478394120395,0.6103205158099156,2.001786951517659,-0.2055476393790835
1781078756.9610646,224.36207914352417,149.14980710860996,-157.49751974265345,-0.6030121994561739,-0.08986288972371881,1.9041552650885833,0.6096712652261624,1.999376484108744,-0.20374239054659435
1781078757.060777,224.46179151535034,149.14980710860996,-157.49751974265345,-0.6055030939002108,-0.08495141050494226,1.904056479256585,0.6114333478552726,1.9998204457071864,-0.2065779514571459
1781078757.1612115,224.5622260570526,149.1487587808262,-157.49751975126014,-0.603897491186359,-0.08734347751817495,1.9087985739967708,0.6101811722153893,2.003954355522663,-0.20489424422125824
1781078757.2619393,224.66295385360718,149.1487587808262,-157.49751975126014,-0.6032087741345435,-0.0881854646744955,1.908118612043786,0.6096207848923423,2.0031360760069843,-0.20522994815017115
1781078757.360865,224.7618796825409,149.14875875763403,-157.49751972609303,-0.6005618489326991,-0.08794606423046503,1.9057601186527988,0.6069670869224222,2.0000826669052008,-0.20337460273253705
1781078757.4614103,224.86242485046387,149.14875875763403,-157.49751972609303,-0.6025742144086053,-0.08922457184885957,1.9058514971059581,0.6091442424350411,2.0008314864357724,-0.2027568425110677
1781078757.5627928,224.96380734443665,149.14875875763403,-157.49751972609303,-0.6012676800604595,-0.08689196376664654,1.9054343441677226,0.6075138158531963,1.9999382681438922,-0.20534943356409827
1781078757.6613293,225.0623438358307,149.14875875763403,-157.49751972609303,-0.602912474187832,-0.08813901177612138,1.9065570044489244,0.60932088174308,2.001557280754518,-0.2020980592492691
1781078757.7613578,225.16237235069275,149.14875875763403,-157.49751972609303,-0.6087738080587144,-0.09200464724361268,1.9077557158232747,0.6156869370814441,2.004645174525683,-0.19996118808104388
1781078757.8701427,225.27115726470947,149.14875875763403,-157.49751972609303,-0.6016672903632809,-0.08758537238873032,1.9047737994372438,0.6080088204537539,1.9994594151350407,-0.2014242246262112
1781078757.9619043,225.36291885375977,149.14875875763403,-157.49751972609303,-0.598790529087637,-0.08767031829992789,1.9088794355943102,0.6051745057715691,2.0025126421750037,-0.20055455436382627
1781078758.0614266,225.4624412059784,149.14875875763403,-157.49751972609303,-0.6030078381240571,-0.08650470567536672,1.9058374766963175,0.609181021489533,2.0008293291840804,-0.19810300436206005
1781078758.1629655,225.56398010253906,149.14875831444556,-157.49751926689336,-0.5989182836789837,-0.08443042515631305,1.902794101294531,0.6048401501364269,1.9966113790966726,-0.20086553972781254
1781078758.2607856,225.6618001461029,149.14875833772368,-157.49751929173786,-0.5975115133477686,-0.08173607569392516,1.9054913046845035,0.6030761101660252,1.9986490204338616,-0.19850257017716566
1781078758.3608923,225.7619068622589,149.14875833772368,-157.49751929173786,-0.5981215135721243,-0.08605230496235095,1.9025760855123515,0.6042800213370804,1.9962339806121538,-0.20144564712631824
1781078758.4638538,225.86486840248108,149.14875882760234,-157.49751980097494,-0.5980664822373853,-0.08778343013642598,1.9023097457378568,0.6044745220291071,1.9960390318106374,-0.2012049517750245
1781078758.5943124,225.9953269958496,149.14875882760234,-157.49751980097494,-0.595800501155253,-0.08133613507268933,1.906485176734943,0.6013267032532427,1.9990696669089552,-0.19517852536049018
1781078758.6408072,226.04182171821594,149.14875882760234,-157.49751980097494,-0.5973488111005452,-0.08106702549576994,1.9060774112131207,0.6028245721152768,1.9991319521939712,-0.20179100787347146
1781078758.7608573,226.16187191009521,149.14875882760234,-157.49751980097494,-0.597945133280632,-0.09062815450289463,1.9039964281161923,0.6047742097697234,1.9977372807959037,-0.20185429491654144
1781078758.8604481,226.26146268844604,149.14875882760234,-157.49751980097494,-0.5960418650665815,-0.07984157370108846,1.9056838595349952,0.6013655974555872,1.9983171806035473,-0.20026682352389566
1781078758.9618468,226.3628613948822,149.14875882760234,-157.49751980097494,-0.5991845934719606,-0.0871172389119863,1.90272220856982,0.6054845913562185,1.9967381884850655,-0.1990843107135054
1781078759.0614164,226.4624309539795,149.14875885088043,-157.49751982581944,-0.5979858111035696,-0.08995667157191178,1.9029413596475377,0.6047141746655943,1.9967135626570753,-0.20149522551999882
1781078759.1605935,226.56160807609558,149.14875833772368,-157.49751929173786,-0.5981157705230657,-0.08608711050825946,1.905305591758276,0.6042792943201528,1.9988353767955518,-0.2033334114700245
1781078759.2619047,226.6629192829132,149.14771048972744,-157.4964128030519,-0.5972910658784372,-0.08763703965408354,1.9008173384731797,0.6036860675032438,1.9943779537333926,-0.20149031107969886
1781078759.3619413,226.76295590400696,149.1477099998488,-157.4964122938148,-0.5996705409997389,-0.08910242126376033,1.9014932275287972,0.606254071506315,1.995800714890108,-0.20027202110208414
1781078759.4610183,226.86203289031982,149.1477099998488,-157.4964122938148,-0.5989524642494928,-0.09113298998968844,1.9021256768271138,0.6058459179486155,1.9962793809334418,-0.1979625380931571
1781078759.5611506,226.9621651172638,149.1477099998488,-157.4964122938148,-0.5976221710361926,-0.08997024377953267,1.9055988045629302,0.6043566034054405,1.999138241350865,-0.2006289067041345
1781078759.6621127,227.06312727928162,149.1477099998488,-157.4964122938148,-0.5998662907471726,-0.0906765481941818,1.9019523867323807,0.6066809731375982,1.9963678730545085,-0.19926847211433005
1781078759.7653983,227.16641283035278,149.14770997635077,-157.4964122689445,-0.5991104217678753,-0.09092827933741887,1.905197153547935,0.6059713272541409,1.9992442180337295,-0.19965909111974975
1781078759.8622854,227.2632999420166,149.14770997635077,-157.4964122689445,-0.5997877413053061,-0.08947932648936785,1.903335210057465,0.6064254978883323,1.997607770893377,-0.20238955068682912
1781078759.9632244,227.36423897743225,149.14770997635077,-157.4964122689445,-0.597699699761904,-0.0889776502552877,1.902930041926814,0.6042863173533076,1.9965732387788855,-0.2022616713908667
1781078760.0618765,227.46289110183716,149.14771048972744,-157.4964128030519,-0.5992304358993863,-0.09017426347989499,1.902503794704681,0.6059773206171251,1.9966795441352179,-0.2016100332552106
1781078760.1605067,227.5615212917328,149.14875884153494,-157.4964128190445,-0.6013591573502595,-0.09063879951943932,1.902409225627934,0.608151484506401,1.9972503823661205,-0.2010220503978056
1781078760.2610383,227.66205286979675,149.14875885088043,-157.49751982581944,-0.601242249140995,-0.0913622142620909,1.9029529831188068,0.6081441410940291,1.9977660904890142,-0.19990758264927405
1781078760.3623953,227.76340985298157,149.14875885088043,-157.49751982581944,-0.5989373689793922,-0.08814221479363482,1.9014537282157111,0.6053883233005769,1.995500263726896,-0.20173809833312237
1781078760.4611683,227.86218285560608,149.14875885088043,-157.49751982581944,-0.5983902514575448,-0.08706964981121246,1.9038658807111657,0.6046916709842056,1.9975878725837752,-0.20103567079631882
1781078760.560565,227.96157956123352,149.14875885088043,-157.49751982581944,-0.5991415442187531,-0.08728082044254393,1.9013737319592912,0.6054655494955561,1.9954474686673058,-0.202694422477535
1781078760.6641977,228.06521224975586,149.14875885088043,-157.49751982581944,-0.6020413856952871,-0.08841292979391824,1.903246701009199,0.6084987068553603,1.9981538181899423,-0.20287421067549247
1781078760.7633402,228.16435480117798,149.14875885088043,-157.49751982581944,-0.6006087565928055,-0.09043601036626114,1.9041511326185734,0.607379247642626,1.9986748325626955,-0.20072353458943396
1781078760.8616612,228.2626757621765,149.14875885088043,-157.49751982581944,-0.6005183587189435,-0.08935589506489805,1.9047668595265432,0.6071299491388502,1.9991857253121714,-0.20092651634950107
1781078760.962007,228.36302161216736,149.14875885088043,-157.49751982581944,-0.6001034455209435,-0.08745180878128167,1.9013440972135878,0.6064420534438768,1.9957157463411914,-0.20419691521289327
1781078761.06096,228.4619746208191,149.14875882760234,-157.49751980097494,-0.602657953747979,-0.08839818204259586,1.904286862595358,0.6091065980632102,1.9993297133933186,-0.20089939599117482
1781078761.1617734,228.56278800964355,149.1498066423152,-157.49751925796406,-0.6023604676445302,-0.09116088758690921,1.906639286602649,0.6092195338353574,2.001604808553184,-0.2000725732636007
1781078761.260667,228.6616816520691,149.1498066187313,-157.49751923341637,-0.6042048243632507,-0.08979100254148875,1.9076254863418602,0.6108403178583027,2.0030379152832456,-0.20179352386562835
1781078761.360276,228.76129055023193,149.1498066187313,-157.49751923341637,-0.6028000791371824,-0.09064602199978822,1.9072654518623124,0.6095774247068041,2.002310200887897,-0.19987631794257732
1781078761.4613366,228.86235117912292,149.1498066187313,-157.49751923341637,-0.6032314412395863,-0.089494419099168,1.9070608419878181,0.6098339304678659,2.002193416679111,-0.2008180955973119
1781078761.5606318,228.96164631843567,149.1498066187313,-157.49751923341637,-0.6019085900827861,-0.09030297294341949,1.9076348362638922,0.6086448699675924,2.002378397372843,-0.19894969266440932
1781078761.661069,229.0620834827423,149.1498066187313,-157.49751923341637,-0.6057554282188562,-0.09054017765134859,1.9085832411971355,0.612484418239148,2.00445183308662,-0.20006375464232914
1781078761.7627723,229.16378688812256,149.1498066187313,-157.49751923341637,-0.601232066133889,-0.09092455530796428,1.9090362196401995,0.6080684764938701,2.003538509738138,-0.20222580909897142
1781078761.8959556,229.29697012901306,149.14980659531918,-157.49751920822348,-0.6013025404006385,-0.0905156504476281,1.9101833662224503,0.6080771563446687,2.004634211186956,-0.20215066812458338
1781078761.9400852,229.3410997390747,149.14875826775537,-157.49751921685595,-0.5988551520957799,-0.08858453953988032,1.9092312250330536,0.6053715502376638,2.0029075326830164,-0.20131656493152233
1781078762.0602145,229.46122908592224,149.14666161122233,-157.49751923428875,-0.6011213786188705,-0.08950050070455973,1.9087983778098236,0.607747687333336,2.003214541328121,-0.2004823397170407
1781078762.1623027,229.56331729888916,149.1456132822531,-157.49751924308904,-0.5969034379469633,-0.08899475987462324,1.9066816422008137,0.6035012688620017,1.9999121646271463,-0.20177725046307454
1781078762.2610736,229.66208815574646,149.14456495438347,-157.49751925201832,-0.5977808195615069,-0.08708322632020327,1.9085094573973862,0.6040905532633022,2.0018325967765707,-0.20319640859756916
1781078762.3605087,229.76152324676514,149.1445649449521,-157.49641224556598,-0.595520638552756,-0.0935778247397252,1.9090005026171366,0.6028280353677167,2.001920217995158,-0.20016392120699922
1781078762.4618967,229.86291122436523,149.1445649449521,-157.49641224556598,-0.5960958842323976,-0.09028261123776815,1.9103329507839126,0.6028940645674942,2.003210731785721,-0.20140453185224416
1781078762.5610154,229.96202993392944,149.1445649449521,-157.49641224556598,-0.5975515126164908,-0.09063558753200596,1.9081987175814903,0.6043861513614686,2.0016255808060537,-0.20127644386739232
1781078762.660833,230.061847448349,149.1445649449521,-157.49641224556598,-0.5964443107610009,-0.08854754895119754,1.9091981146089538,0.6029813299468153,2.0021548204599,-0.20353431893627025
1781078762.7604835,230.16149806976318,149.14456549610483,-157.4964117977421,-0.5955034834989874,-0.09282714753410914,1.9089180948173239,0.6026950125716555,2.0018015813011414,-0.20252559185407487
1781078762.8615808,230.26259541511536,149.14456598914944,-157.49641231027024,-0.5952890874407615,-0.08914351177838853,1.9073459738663514,0.6019266261914639,2.000071080572493,-0.2013768969216449
1781078762.9609323,230.36194682121277,149.14561434986254,-157.4975193329862,-0.5960286520015359,-0.08676430232466714,1.9070610019815641,0.6023107156316033,1.9999149640531173,-0.2023431685216798
1781078763.0605476,230.46156215667725,149.1466621242932,-157.4975197686929,-0.5975504569396151,-0.08794312798076476,1.9095805667704986,0.6039872037947359,2.0028226290251774,-0.20115331478348358
1781078763.1610398,230.56205439567566,149.1466627021099,-157.4975193490304,-0.5968241820447133,-0.09250831660443737,1.9064142364260173,0.603951068311273,1.999793022730633,-0.20059916217606577
1781078763.261519,230.66253352165222,149.1466627021099,-157.4975193490304,-0.599442712890891,-0.0908476466279069,1.907040888970834,0.6062877707292308,2.0010971523498022,-0.19987192480590177
1781078763.3605201,230.76153469085693,149.1466621477912,-157.4975197935632,-0.599035585306325,-0.08790783897580923,1.9035897714379815,0.6054514188741225,1.997554864963662,-0.20162548474444683
1781078763.4610739,230.86208844184875,149.1477104756608,-157.49751978463394,-0.6020476831192809,-0.0891272562579104,1.9064453984107395,0.6086091361106546,2.001234403481721,-0.20086921910801894
1781078763.5608337,230.96184825897217,149.1477104756608,-157.49751978463394,-0.6002835600343985,-0.09194084261923763,1.9073662401214002,0.6072836824657046,2.001709130953834,-0.19887020685966114
1781078763.661473,231.0624876022339,149.1477104756608,-157.49751978463394,-0.5997232324646973,-0.08929064349504756,1.9045578544633355,0.6063338804434938,1.9987449551084924,-0.20032954356693816
1781078763.7604342,231.1614487171173,149.1477104756608,-157.49751978463394,-0.5983126827901799,-0.08944671977860708,1.9043335333803544,0.6049618021550908,1.9981153591381156,-0.20089927645944156
1781078763.8608465,231.26186108589172,149.1477104756608,-157.49751978463394,-0.6002794433451015,-0.09028420083055266,1.9062186098613603,0.6070310099346792,2.000538936287943,-0.1995077206870225
1781078763.9608696,231.36188411712646,149.1477104756608,-157.49751978463394,-0.5971590096326054,-0.08691456458603852,1.9033898272677896,0.6034509295067617,1.9967588384351977,-0.20345460431287662
1781078764.062018,231.46303248405457,149.14875880432422,-157.49751977613045,-0.601975942938509,-0.08672990810660508,1.906230477312275,0.6081916744225353,2.0009027326362148,-0.20606756879521673
1781078764.1622803,231.56329488754272,149.14875880432422,-157.49751977613045,-0.59923395548023,-0.09215596602038545,1.9074854569462185,0.6062788594975357,2.0015181298042135,-0.2004629624225978
1781078764.2605944,231.66160893440247,149.14875880432422,-157.49751977613045,-0.6012181520974877,-0.09070730527355408,1.9035618407623354,0.6080222706788853,1.998308975921391,-0.20004533844917213
1781078764.3603723,231.7613868713379,149.14875880432422,-157.49751977613045,-0.5991277800596322,-0.08659767324718359,1.9048203331474602,0.6053538253377184,1.9986980150645595,-0.20278031607694727
1781078764.4605901,231.86160469055176,149.14875880432422,-157.49751977613045,-0.5992480149710389,-0.08899025287371387,1.907875108281945,0.6058196501874612,2.0017504533170714,-0.20155021592712904
1781078764.5604088,231.9614233970642,149.14875880432422,-157.49751977613045,-0.6029863551884489,-0.0911783969111184,1.9055964303126902,0.609840999447177,2.000800789640788,-0.20024876193057653
1781078764.6605256,232.06154012680054,149.14875879489284,-157.49641276967807,-0.5997313766398804,-0.08816914754100935,1.9079199250435266,0.6061777979309985,2.001901586762589,-0.20129218987619563
1781078764.760774,232.16178846359253,149.14875879489284,-157.49641276967807,-0.602456478797393,-0.09254096385916455,1.9070376138448992,0.6095224678688529,2.0020764469560555,-0.19900181290461955
1781078764.86215,232.26316452026367,149.14875879489284,-157.49641276967807,-0.6048536235335575,-0.09115270652796426,1.9083493361122081,0.611683514416604,2.0039845085351717,-0.20078030325331223
1781078765.0607018,232.46171641349792,149.14875877148074,-157.49641274448518,-0.5992068218972975,-0.09177826777008136,1.9082741290486909,0.6061947425070068,2.002244295144745,-0.1999324059888981
1781078765.1609347,232.56194925308228,149.14875877148074,-157.49641274448518,-0.5996739472705599,-0.09067291914342945,1.9045590431357942,0.6064902483148803,1.9987935286295524,-0.20027378840029467
1781078765.2616262,232.66264081001282,149.14875877148074,-157.49641274448518,-0.6003465904259428,-0.0894664850491722,1.9052214533289988,0.6069763426881714,1.9995722209533147,-0.20120009307888156
1781078765.3617914,232.7628059387207,149.14875877148074,-157.49641274448518,-0.6005362605243363,-0.08956770846222639,1.9072534647235289,0.6071788654125964,2.0015698722012263,-0.20175100390418463
1781078765.4605277,232.86154222488403,149.14875877148074,-157.49641274448518,-0.6003873009187828,-0.09226617860807096,1.908442174237279,0.6074355593966141,2.002780440094967,-0.2004290801081518
1781078765.560929,232.9619436264038,149.14875877148074,-157.49641274448518,-0.5993088137855977,-0.08661419654862357,1.9050741217835927,0.6055353609202884,1.9989948681310792,-0.2013708163841244
1781078765.6616762,233.06269073486328,149.14875874820262,-157.4964127196407,-0.5993563855484751,-0.08821546590604612,1.9111677565236063,0.6058135400622482,2.004887088815285,-0.2012512850118437
1781078765.7601805,233.16119503974915,149.14875873899118,-157.49530571365247,-0.5999652317501329,-0.0948174529020207,1.9086481365684738,0.6074114163265435,2.0029693801728787,-0.20082333464838129
1781078765.8616135,233.2626280784607,149.14875873899118,-157.49530571365247,-0.6007206851316766,-0.09240832966631274,1.9075904138788757,0.6077866738723291,2.0020753802140843,-0.20019858671413032
1781078765.9610612,233.36207580566406,149.14875874820262,-157.4964127196407,-0.5977963015369028,-0.08882034544015482,1.9061684933972596,0.604358727822564,1.9996819239858339,-0.2033037901555246
1781078766.061289,233.46230363845825,149.14980705248837,-157.4964126861637,-0.5980201830892611,-0.089164103550047,1.9083085104360864,0.6046307772053924,2.0018041232215484,-0.2015817597616455
1781078766.161204,233.56221866607666,149.14980703842176,-157.49751966818408,-0.6018942431635423,-0.09150268032703934,1.9098949680801494,0.608809839326243,2.004581804157246,-0.20096931716661995
1781078766.2604532,233.66146779060364,149.14980703842176,-157.49751966818408,-0.6012399626605998,-0.08705141327118326,1.9095085488581036,0.6075092108376874,2.0038189387803507,-0.20126395073882952
1781078766.3606372,233.76165175437927,149.14980703842176,-157.49751966818408,-0.6028855131680473,-0.09078834273111624,1.9077356284322684,0.60968308584359,2.0027902269468023,-0.20073270323313996
1781078766.4608598,233.86187434196472,149.14980703842176,-157.49751966818408,-0.6005859555511677,-0.0907124164398283,1.9110619044141781,0.6073979194084073,2.0052655273067472,-0.1999518852867575
1781078766.5609736,233.9619882106781,149.14980703842176,-157.49751966818408,-0.6017826676137759,-0.08908614366347933,1.9097215151897293,0.6083409570571279,2.004274179250867,-0.20004840070472524
1781078766.6601908,234.06120538711548,149.14980702907627,-157.49641266140915,-0.6025569253563106,-0.09196007165439823,1.9108822480691514,0.6095338407943668,2.0057423735513358,-0.19918102037552995
1781078766.7603388,234.16135334968567,149.14980702907627,-157.49641266140915,-0.6013763850089333,-0.0891209563811799,1.9110743286867422,0.6079441596994817,2.005442891502571,-0.2009116045603702
1781078766.8608727,234.26188731193542,149.14980702907627,-157.49641266140915,-0.5998457190164004,-0.08938233832498099,1.912415344333732,0.6064685391895804,2.0062742928796773,-0.19973382240912838
1781078766.9605396,234.361554145813,149.15085535804548,-157.49641265260885,-0.6008246799848962,-0.09226083062526413,1.912285909881027,0.6078670553226393,2.0065741347072437,-0.2002614296515157
1781078767.060469,234.46148347854614,149.1508553346815,-157.49641262808692,-0.6024259704785209,-0.09159157008409125,1.9095167128036066,0.6093488866137828,2.0043852279673557,-0.201157637638679
1781078767.161832,234.562846660614,149.15190366202538,-157.49641261942864,-0.6046195700774604,-0.09057145480215922,1.912093782438702,0.6113656949368623,2.007453771768201,-0.20153591279718533
1781078767.2608037,234.66181826591492,149.15190366202538,-157.49641261942864,-0.6027162250994422,-0.0916673909932797,1.9117713894317168,0.6096472410908101,2.0066239318864194,-0.2024263991017902
1781078767.3610115,234.76202607154846,149.15190365298574,-157.49530561279525,-0.6027904745167234,-0.08963504668352584,1.9092976806974429,0.6094184094380923,2.0041977026428026,-0.2009079957590894
1781078767.46059,234.86160445213318,149.15190365298574,-157.49530561279525,-0.6016985761232263,-0.08845450481737771,1.9134736381850788,0.6081655826592011,2.0077964886811728,-0.20254084364946287
1781078767.5614264,234.96244096755981,149.15190365298574,-157.49530561279525,-0.6030976936598336,-0.09528246458461354,1.9118983217930259,0.6105780672077311,2.007027844607572,-0.1998744104618772
1781078767.6604772,235.06149172782898,149.15190365298574,-157.49530561279525,-0.6027029852731687,-0.0895438996270741,1.9097388142836955,0.6093184704385818,2.004587572843678,-0.2017139308149935
1781078767.7612724,235.16228699684143,149.15190365298574,-157.49530561279525,-0.603779241509443,-0.09113519041881091,1.9129255063064636,0.6106185351022282,2.0080186722459112,-0.1994098477442222
1781078767.8606253,235.26163983345032,149.15190364368834,-157.4941986066913,-0.6021699194199925,-0.09387265520257415,1.913067266165058,0.6094429319050814,2.0077965664183486,-0.19974573428506381
1781078767.9604747,235.36148929595947,149.15190365298574,-157.49530561279525,-0.6017429586130731,-0.08982155342752662,1.9102373727259545,0.6084098122980502,2.0047866020750202,-0.20139286724145886
1781078768.060898,235.46191263198853,149.15190365298574,-157.49530561279525,-0.6003717151035346,-0.08802219501777131,1.9089974023820244,0.6067899991859673,2.003113872303176,-0.20264088376309025
1781078768.1605682,235.5615828037262,149.15190365298574,-157.49530561279525,-0.6045372375689908,-0.09307011878212279,1.9104121632760382,0.6116594793000962,2.0059416622152044,-0.2005841798831976
1781078768.261448,235.66246247291565,149.15190365298574,-157.49530561279525,-0.6012830459384588,-0.09352444090768586,1.9115401537737058,0.6085130420789073,2.0060592917133153,-0.2022469941742846
1781078768.360763,235.76177763938904,149.15190365298574,-157.49530561279525,-0.6027024109136789,-0.0899779229701494,1.9128142767225873,0.6093818365714416,2.0075369685206144,-0.20118096201074334
1781078768.4610345,235.8620491027832,149.1519036294018,-157.49530558780918,-0.603222776986712,-0.09163360236388485,1.9104427340987882,0.6101429633764066,2.0055088820617564,-0.2017039048274559
1781078768.5601513,235.96116590499878,149.15295195889678,-157.49530557873788,-0.6042982762800762,-0.09148764566720047,1.9138966530888042,0.6111844206332475,2.009115923666259,-0.2004455886509961
1781078768.6607285,236.06174302101135,149.1529519495994,-157.49419857307228,-0.6058008436820614,-0.09378693170313568,1.9113962708444485,0.6130176594227821,2.0072932907181875,-0.20093846175357175
1781078768.7602947,236.16130924224854,149.1529519495994,-157.49419857307228,-0.6027038373347011,-0.09337603671085049,1.912257770773083,0.6098942529404585,2.0071623705250756,-0.20152984655076214
1781078768.8616745,236.26268911361694,149.1529519495994,-157.49419857307228,-0.603034324309391,-0.0927548987380078,1.9133485947400086,0.610126107895066,2.008272071341119,-0.19867897605737544
1781078768.960225,236.36123967170715,149.1529519728775,-157.49419859791678,-0.6059422883058971,-0.09155500598529898,1.913025947065669,0.6128200191559958,2.008784869025266,-0.20112848715033968
1781078769.061314,236.46232867240906,149.15295198217487,-157.49530560402076,-0.6059912209337881,-0.09336141694305411,1.9131653073933401,0.6131408598539474,2.0090154821294663,-0.20028781477305144
1781078769.1607304,236.56174492835999,149.15295200545296,-157.49530562886525,-0.6067069068080855,-0.08991593075205628,1.911468782332317,0.6133336330021724,2.0074588541742604,-0.20301693025873951
1781078769.261277,236.66229152679443,149.15295200545296,-157.49530562886525,-0.6022181116498473,-0.08644693985283425,1.9135731403129566,0.6083910974110547,2.007959633741729,-0.20262160234799492
1781078769.360856,236.7618706226349,149.15295200545296,-157.49530562886525,-0.604194385451791,-0.09106310646978955,1.9120675465199475,0.6110182851367016,2.007323005205243,-0.1992237035076474
1781078769.4613283,236.86234283447266,149.15400032389124,-157.4941986134836,-0.6046955615305478,-0.09284868102241717,1.9116211237571559,0.6117823139829617,2.0071305190487534,-0.20089136641142488
1781078769.5609438,236.9619584083557,149.15400032389124,-157.4941986134836,-0.6050773224289401,-0.09060288920215953,1.9107063924478584,0.6118230541991322,2.006271758209905,-0.2038328971279142
1781078769.6619742,237.06298875808716,149.15400032389124,-157.4941986134836,-0.6022902116437194,-0.08903179874323541,1.9116174797803729,0.6088350845912974,2.0062306819583724,-0.2023458248998818
1781078769.7622328,237.16324734687805,149.15400032389124,-157.4941986134836,-0.6034889972744395,-0.09030380096189106,1.9118099071514296,0.610207953323679,2.006831051030911,-0.20008156224143675
1781078769.8602533,237.26126790046692,149.15400032389124,-157.4941986134836,-0.6068169635994138,-0.09529944912142696,1.912059494228734,0.614254680336145,2.008302846132799,-0.20206164994733603
1781078769.9604967,237.36151123046875,149.1529519728775,-157.49419859791678,-0.6028779789540977,-0.09034506258629449,1.9094798645379876,0.6096097832560587,2.0044294552110107,-0.20228353252475575
1781078770.06238,237.46339464187622,149.15190365298574,-157.49530561279525,-0.6021831928194104,-0.09101133211743218,1.9110497853680146,0.6090218881846273,2.0057464801023843,-0.2019649944645338
1781078770.161732,237.5627465248108,149.1519036294018,-157.49530558780918,-0.6034414077136034,-0.09155890910102471,1.9131166654283562,0.6103479060168431,2.008118507936934,-0.20133275661743325
1781078770.2603712,237.66138577461243,149.15085530205792,-157.49530559646746,-0.601612979447367,-0.08990813359832828,1.9136148240656634,0.6082940485708149,2.0079699560527624,-0.2013238355153312
1781078770.3602796,237.76129412651062,149.15085530205792,-157.49530559646746,-0.6033665896019613,-0.08923876402624842,1.913897835470601,0.6099301586680512,2.0087358519904717,-0.20156984029115613
1781078770.4628701,237.8638846874237,149.15085530205792,-157.49530559646746,-0.602857705932422,-0.09265974235665908,1.9146873570530738,0.6099370799153836,2.009490213142276,-0.20151222673027983
1781078770.5606494,237.96166396141052,149.15085527877983,-157.4953055720613,-0.6006760880982824,-0.09018959709578667,1.9161908711227,0.6074091917623209,2.0101575512410284,-0.1990309029191389
1781078770.6604097,238.0614242553711,149.15085527877983,-157.4953055720613,-0.6022956407595359,-0.09460116858764422,1.9138911954029343,0.6096797683834423,2.0086535111404755,-0.2006655692775553
1781078770.7614083,238.16242289543152,149.15085527877983,-157.4953055720613,-0.603392050282423,-0.08931911557684202,1.9143455210772082,0.6099671062864418,2.0091736223681176,-0.2033078447285154
1781078770.8607934,238.26180791854858,149.15085527877983,-157.4953055720613,-0.6004385897010707,-0.08938463965424148,1.9162330380932946,0.6070552806856467,2.0100908362779495,-0.20164218044680232
1781078770.9603906,238.36140513420105,149.15085527877983,-157.4953055720613,-0.6029027834169938,-0.09184106812631398,1.9115378619660102,0.6098578096954574,2.0064654359784337,-0.19925452992693723
1781078771.0601735,238.46118807792664,149.1508553114034,-157.49641260280407,-0.6035578773933139,-0.09121483836531752,1.9132960815133413,0.6104115481390678,2.008308779454952,-0.19962714219012054
1781078771.161756,238.56277060508728,149.1508553114034,-157.49641260280407,-0.6031107223982133,-0.09122123365239077,1.9130351656968203,0.6099703738221708,2.0079261445913343,-0.20042678563486027
1781078771.260594,238.6616084575653,149.1508553114034,-157.49641260280407,-0.6019974493066798,-0.09165471210701526,1.9133820670719333,0.6089347380657211,2.007942342253789,-0.20225310423552018
1781078771.3601148,238.76112937927246,149.1508553114034,-157.49641260280407,-0.6010272532081729,-0.0891080266607105,1.9106175337395657,0.6075969054515724,2.004902331722767,-0.2027334930177866
1781078771.4609137,238.8619282245636,149.1508553114034,-157.49641260280407,-0.6009563318393134,-0.0875711876085461,1.9096245681333865,0.6073032402983983,2.0038670656746564,-0.2026832070764358
1781078771.560568,238.96158266067505,149.15085530205792,-157.49530559646746,-0.6027994795836094,-0.09171289489827927,1.9099697881409212,0.6097363919571253,2.0049346770625642,-0.20041678835439855
1781078771.661463,239.06247758865356,149.15085527877983,-157.4953055720613,-0.6038956669719937,-0.09457366137263534,1.9142193881080116,0.6112562097950213,2.009445201995214,-0.20096671302004673
1781078771.7608976,239.16191220283508,149.15085527877983,-157.4953055720613,-0.6032319609761032,-0.08853686174873587,1.91187649114436,0.6096946568827627,2.0067384712567455,-0.20280338946426638
1781078771.860406,239.26142048835754,149.15085527877983,-157.4953055720613,-0.6003172741532126,-0.08993272463521862,1.9115108493393471,0.6070162473995712,2.005577834876794,-0.2021865237148464
1781078771.9604218,239.3614363670349,149.15085527877983,-157.4953055720613,-0.6033526399918401,-0.08909759868271294,1.9125315095285746,0.6098957208213128,2.0074236137935104,-0.20315360526213797
1781078772.0605721,239.4615867137909,149.15085527877983,-157.4953055720613,-0.6031628301630008,-0.09212474885583788,1.9131216706010985,0.6101576591685071,2.008065460976193,-0.2008806356538845
1781078772.1606064,239.56162095069885,149.1508553114034,-157.49641260280407,-0.5997374625633256,-0.0924070936242174,1.913337171831583,0.6068147122095602,2.007257638686786,-0.20181791227404317
1781078772.260441,239.6614556312561,149.1508553346815,-157.49641262808692,-0.6042775747565372,-0.08951503514609271,1.909417774277606,0.6108717777658815,2.004754490105483,-0.20263168065738726
1781078772.36007,239.7610845565796,149.1508553346815,-157.49641262808692,-0.6023203411460827,-0.08900033124260176,1.9088342967679466,0.6088602896557028,2.0035865903018037,-0.2021677342832413
1781078772.461638,239.8626525402069,149.1508553346815,-157.49641262808692,-0.6028453484371141,-0.0911020955352626,1.9084970445297813,0.6096901720900393,2.0035176752207833,-0.201029375245465
1781078772.5601902,239.96120476722717,149.1508553346815,-157.49641262808692,-0.6000929453689139,-0.09276425041915104,1.9118043406512495,0.6072205112126609,2.0059193867576846,-0.20247561483028054
1781078772.660461,240.0614755153656,149.1508553346815,-157.49641262808692,-0.6006911525443286,-0.09065064065359252,1.9117192994110408,0.6074927155085406,2.005920755946401,-0.20220684088497812
1781078772.760388,240.16140246391296,149.1508553346815,-157.49641262808692,-0.6029309117727735,-0.09014052897293823,1.9123935486465473,0.6096318555773386,2.0072120177598585,-0.2011193172435718
1781078772.8605359,240.26155042648315,149.1508553346815,-157.49641262808692,-0.6012349768579668,-0.08909333923088525,1.9086478386180261,0.6078002307442055,2.003087040633525,-0.2016770396009111
1781078772.961091,240.36210560798645,149.1508553346815,-157.49641262808692,-0.601409134215146,-0.08907336288385181,1.914104408918309,0.6079695804009028,2.0083382929510054,-0.20111048314416907
1781078773.0602412,240.4612557888031,149.15085535804548,-157.49641265260885,-0.6014987061768977,-0.09245272925454628,1.909479499368094,0.6085624049176028,2.004110815096342,-0.20237738933469823
1781078773.1599145,240.5609290599823,149.15085540473567,-157.4964127022079,-0.6030220076843875,-0.09116811565397143,1.9091332984253016,0.6098747142353136,2.0041799116396404,-0.19962438718902456
1781078773.2599745,240.6609890460968,149.1519037790756,-157.49641274329022,-0.603555519132442,-0.09241750491528933,1.9086001628364762,0.6105900915425987,2.003889927483399,-0.20070386058084128
1781078773.3598638,240.76087832450867,149.1519037790756,-157.49641274329022,-0.6055158344511256,-0.09567466681954784,1.907709575131401,0.61302778700649,2.003786138960469,-0.2006643674340807
1781078773.460559,240.8615734577179,149.1519037790756,-157.49641274329022,-0.6015360507124115,-0.08934422185674862,1.9035610190631467,0.608134861922808,1.9983424540309898,-0.20357112585445805
1781078773.560085,240.9610996246338,149.1508554517317,-157.4964127519485,-0.6017800549138315,-0.08930653617923667,1.9036936781198985,0.6083706862566829,1.9985405955371773,-0.20199510463524994
1781078773.66029,241.06130456924438,149.1508554517317,-157.4964127519485,-0.6051110330706706,-0.09580836650084734,1.9083098822023352,0.6126488434947176,2.0042418047597215,-0.20025621047825148
1781078773.759965,241.16097950935364,149.1508554517317,-157.4964127519485,-0.6012521779188091,-0.0884497135757556,1.9041746356817122,0.6077232374064238,1.9988017851846456,-0.20280807573900325
1781078773.8607283,241.2617428302765,149.15085547500982,-157.496412776793,-0.6041631033610884,-0.09213587065772799,1.9044849776587052,0.6111481605345456,2.0001412710737303,-0.2010488258337804
1781078773.9602172,241.36123180389404,149.15085547500982,-157.496412776793,-0.6013374148871833,-0.08962450529796229,1.9060188682148986,0.6079796365776611,2.000636689777609,-0.20053330041495004
1781078774.0602632,241.46127772331238,149.15085547500982,-157.496412776793,-0.6028389217212293,-0.08827598231198408,1.9064418001594958,0.6092679333389869,2.0014314257527133,-0.20375854820199504
1781078774.1606665,241.5616810321808,149.14980714626049,-157.4964127856191,-0.5985605019382092,-0.08513764895056397,1.9079433017078273,0.6045850591516055,2.0014421641109483,-0.20378881392315754
1781078774.260559,241.66157364845276,149.14980714626049,-157.4964127856191,-0.6025753018300293,-0.09164230181875155,1.9040893210584722,0.6095041475315734,1.999262726213617,-0.19925030811582672
1781078774.3617249,241.76273941993713,149.14980714626049,-157.4964127856191,-0.6016279649662124,-0.09210230579628842,1.9068694585003465,0.6086370371267091,2.0016468656393376,-0.1993355274558902
1781078774.4630954,241.86410999298096,149.14980714626049,-157.4964127856191,-0.6023481151350154,-0.09172917311818196,1.905127787681183,0.609292616899016,2.000187336326938,-0.20005775090217667
1781078774.5608182,241.96183276176453,149.14980714626049,-157.4964127856191,-0.6033531885970547,-0.09037812574663917,1.903390515836602,0.6100846464251566,1.9987743073144686,-0.20072326191831832
1781078774.6602304,242.0612449645996,149.14980714626049,-157.4964127856191,-0.6017483866527868,-0.09063785524728019,1.9062332364787935,0.6085362287021692,2.0010101182901288,-0.20130027641296258
1781078774.760266,242.16128063201904,149.14980714626049,-157.4964127856191,-0.5997364980029829,-0.08857894437301184,1.9032787742370165,0.606242605252319,1.9974984828240243,-0.20328858449629592
1781078774.8602107,242.26122522354126,149.14980714626049,-157.4964127856191,-0.6009771920609523,-0.08983048253338666,1.903122539996078,0.6076537673458858,1.9977783919170744,-0.20228222997792272
1781078774.96114,242.36215448379517,149.14980714626049,-157.4964127856191,-0.5995433559441494,-0.09174074922083264,1.9055109745880328,0.6065217232089652,1.9997101477463695,-0.20283880172950558
1781078775.0601838,242.46119832992554,149.14980711341698,-157.49530575441221,-0.6013312535696969,-0.09200317914866218,1.906831550279578,0.6083287445889467,2.001517030313453,-0.20145904665617329
1781078775.16116,242.56217455863953,149.15085541910815,-157.4953057207674,-0.6020851598294996,-0.09203821434869042,1.9078654338141212,0.6090792826778871,2.002730158091737,-0.20101823261067336
1781078775.2617354,242.66275000572205,149.1508553956101,-157.4953056958971,-0.600579597591036,-0.09273331580385502,1.9090420129837715,0.6076967343195027,2.0034312387101583,-0.20263813548950355
1781078775.3634121,242.76442670822144,149.1508553956101,-157.4953056958971,-0.6011638875639846,-0.08987032012100826,1.908519218823404,0.6078443009107642,2.002977858781268,-0.20220605689641646
1781078775.4626074,242.86362195014954,149.1508553956101,-157.4953056958971,-0.602101369177376,-0.0913219116871744,1.9064387033462198,0.6089874796081368,2.001343118991815,-0.20081020583550907
1781078775.5607393,242.96175384521484,149.1508553956101,-157.4953056958971,-0.6027513120812671,-0.09484485426051492,1.9098877487014851,0.6101677561092419,2.004987756380426,-0.20137283852033488
1781078775.6627219,243.06373643875122,149.1508553956101,-157.4953056958971,-0.6022304881359162,-0.0894469751453073,1.9066942077722604,0.6088368600890299,2.001540687609262,-0.20365686390759688
1781078775.761742,243.16275668144226,149.1508553956101,-157.4953056958971,-0.6036640868449865,-0.09298837944294291,1.9082106442011426,0.61078406041564,2.0035780571518433,-0.20046225938971224
1781078775.8613915,243.26240611076355,149.15190372295402,-157.4953056872388,-0.6025307487912244,-0.09341800291554136,1.910110670083243,0.609729633942489,2.0050668314232065,-0.20013799870523324
1781078775.9609363,243.3619508743286,149.1508553721121,-157.49530567146513,-0.6003428463649243,-0.09013129103024653,1.9107016326937198,0.6070709866270321,2.0048231622721153,-0.20123078321626317
1781078776.0604784,243.4614930152893,149.15085535804548,-157.49641265260885,-0.6001935287165452,-0.08838275473885915,1.9111968884704513,0.6066661217246664,2.005172643377019,-0.2006320244305459
1781078776.1616304,243.5626449584961,149.1508553346815,-157.49641262808692,-0.6037561410201135,-0.09268054402306802,1.9128540767481192,0.6108282582362338,2.008014412296837,-0.19974901781287477
1781078776.260933,243.6619474887848,149.1508553346815,-157.49641262808692,-0.6030266449721182,-0.09051257857962014,1.9136589748135786,0.6097816506155798,2.008463176986827,-0.19984930274013163
1781078776.3600981,243.76111268997192,149.1508553346815,-157.49641262808692,-0.6042390837951643,-0.09463913537007329,1.9131923773935433,0.6116056215644315,2.0085732521483934,-0.20097609152608872
1781078776.4604719,243.86148643493652,149.1508553346815,-157.49641262808692,-0.602462613947381,-0.09133210768126787,1.9106159775801905,0.6093461701675114,2.0054316664704688,-0.20073421490553986
1781078776.560646,243.96166062355042,149.1508553346815,-157.49641262808692,-0.6043466807388427,-0.09184841714986192,1.9107466311513222,0.6112863831732158,2.00614648784906,-0.20033494422110038
1781078776.6619706,244.06298518180847,149.1508553346815,-157.49641262808692,-0.6035397073942477,-0.0910592580491425,1.90907985458758,0.6103703522272313,2.00427988516328,-0.20115018640117077
1781078776.761194,244.1622085571289,149.1508553114034,-157.49641260280407,-0.6024333874639467,-0.08910227960541306,1.9111321169595132,0.6089870298800846,2.0058143411184193,-0.20371432041331913
1781078776.8959327,244.29694724082947,149.1508553346815,-157.49641262808692,-0.6025088870229354,-0.09038447359483825,1.9079793627015407,0.6092506151073073,2.002890800943379,-0.20169768194774743
1781078776.9520411,244.3530557155609,149.1508553346815,-157.49641262808692,-0.6004719455262943,-0.09299241172067241,1.910940446232829,0.6076299416600206,2.005220071476017,-0.20037522805668087
1781078777.0611508,244.46216535568237,149.1508553346815,-157.49641262808692,-0.602648236101146,-0.09038642418656195,1.9130562223841188,0.6093887118687511,2.0077695864206255,-0.20140608797551648
1781078777.1605322,244.56154680252075,149.1508553346815,-157.49641262808692,-0.6016550686186406,-0.09253713908790928,1.9126186560933778,0.6087297788880351,2.007152726461421,-0.1989131044823814
1781078777.2608838,244.6618983745575,149.1508553346815,-157.49641262808692,-0.6033468624901843,-0.09081124184007194,1.9098786921266324,0.6101427030796037,2.0049715052241073,-0.20185584917402408
1781078777.3600836,244.7610981464386,149.1508553346815,-157.49641262808692,-0.602933018896465,-0.0909180470923161,1.9128279143432798,0.6097493883249787,2.007661561731346,-0.20096278570267717
1781078777.460241,244.86125564575195,149.1508553346815,-157.49641262808692,-0.6021136449628273,-0.09128183796488543,1.9127151553069615,0.6089936086632348,2.0073247073489635,-0.20002517253655222
1781078777.5607975,244.96181201934814,149.1508553346815,-157.49641262808692,-0.6016140072291591,-0.08969510652383406,1.9129290204342497,0.6082636154075375,2.007307167089329,-0.2019078049564283
1781078777.6608484,245.06186294555664,149.1508553346815,-157.49641262808692,-0.6020213184244767,-0.09031988845026717,1.9134448886328779,0.6087588603767619,2.0079488768199503,-0.19801185901775564
1781078777.761186,245.16220045089722,149.1508553346815,-157.49641262808692,-0.600466807000231,-0.08805693929440395,1.9138207573901191,0.6068891256786128,2.0077410944352962,-0.20035684235122692
1781078777.8602061,245.26122069358826,149.1508553346815,-157.49641262808692,-0.6019229414407334,-0.08846754173117688,1.910377018462378,0.6083894586304255,2.004913485924474,-0.20181190444667438
1781078777.9603834,245.36139798164368,149.15085536739096,-157.49751965938378,-0.6012026991460289,-0.08643932514479502,1.9081434163825282,0.6073849211101294,2.0024803968768192,-0.2030030085436103
1781078778.0604029,245.46141743659973,149.14980703842176,-157.49751966818408,-0.6008592405628406,-0.08845465911196015,1.9112702100214007,0.6073352070219268,2.0054450551943863,-0.19963377283950837
1781078778.1606815,245.56169605255127,149.14980703842176,-157.49751966818408,-0.6015279425207893,-0.08650068927630628,1.9083828446734623,0.6077155871611079,2.00280885676156,-0.20412473163063613
1781078778.2608144,245.66182899475098,149.14980703842176,-157.49751966818408,-0.6016264346346816,-0.09088911511290121,1.911535367569409,0.608453119062796,2.006036554892747,-0.20245523470005114
1781078778.3605628,245.7615773677826,149.14980703842176,-157.49751966818408,-0.6011626072009051,-0.08931014443132312,1.9110933396618754,0.6077604644882172,2.005405329377309,-0.19990106318029707
1781078778.4616668,245.86268138885498,149.14980703842176,-157.49751966818408,-0.6029447309923341,-0.0908919518667517,1.9093426287763966,0.609757079127062,2.004343525847884,-0.20005224673599725
1781078778.5608883,245.96190285682678,149.14980703842176,-157.49751966818408,-0.6033708511085365,-0.09375428048394951,1.912468464973055,0.6106113731961622,2.0075811013737144,-0.19998978587337876
1781078778.6606348,246.06164932250977,149.14980703842176,-157.49751966818408,-0.6011746895609917,-0.09079768928899057,1.908056909816552,0.6079927859349771,2.0025824324725474,-0.19966760493688895
1781078778.7619867,246.16300129890442,149.14980703842176,-157.49751966818408,-0.6009523161065147,-0.09238923715759029,1.9117849531782873,0.6080127115252985,2.006140863592398,-0.20144535278661793
1781078778.8604457,246.26146030426025,149.14980703842176,-157.49751966818408,-0.6027752625190317,-0.09030419413215895,1.9113477335691325,0.6095021448549186,2.006176219379196,-0.2002109884537799
1781078778.9615238,246.36253833770752,149.14980705248837,-157.4964126861637,-0.6028219773027104,-0.09143824635484066,1.9121318365413398,0.6097173847083565,2.0069886520682063,-0.1995392742779286
1781078779.0622056,246.46322011947632,149.14980707576646,-157.4964127110082,-0.6025873731784372,-0.0914805158248555,1.9085055050127124,0.6094917777047291,2.0034653702406486,-0.19973953768930658
1781078779.1622748,246.5632894039154,149.14980707576646,-157.4964127110082,-0.6040113976742703,-0.09177142423249052,1.9057492710626889,0.610943338474269,2.001282600479516,-0.19922604511441844
1781078779.2611213,246.66213583946228,149.14980707576646,-157.4964127110082,-0.6016434575896596,-0.09382901836963242,1.910418502017731,0.6089160325928769,2.005112861561743,-0.19980212258907942
1781078779.3614838,246.76249837875366,149.14980707576646,-157.4964127110082,-0.6015023839150047,-0.09341746712178178,1.9087573398012256,0.6087133488095057,2.00346862297964,-0.19959001901981363
1781078779.49913,246.90014457702637,149.14980707576646,-157.4964127110082,-0.6015973209793231,-0.09291939995486587,1.9086056480415134,0.6087309352230023,2.003329446504852,-0.20201988362534673
1781078779.5471358,246.94815039634705,149.14980707576646,-157.4964127110082,-0.6027040533503509,-0.0949588450451131,1.9107445368780795,0.610138802386182,2.005795115007181,-0.20037839605458332
1781078779.6642683,247.06528282165527,149.14980707576646,-157.4964127110082,-0.6017389487915921,-0.09296468877863617,1.9107212853038689,0.608877816850408,2.0053897441559303,-0.20124248495974448
1781078779.7620986,247.16311311721802,149.14980707576646,-157.4964127110082,-0.6002965688262236,-0.09132938487181264,1.909138953385338,0.6072042713005242,2.0033742961361125,-0.20231261648118357
1781078779.8615465,247.26256108283997,149.14980707576646,-157.4964127110082,-0.6010091780267715,-0.09243658366492014,1.9093689156176374,0.6080761087824922,2.0038578317832156,-0.20247903877070056
1781078779.9606867,247.3617012500763,149.14980706655498,-157.49530570502,-0.6021356732315439,-0.09289589615019622,1.91009261009514,0.6092594000091855,2.0049066800326685,-0.20013920599134932
1781078780.0614657,247.46248030662537,149.14980706655498,-157.49530570502,-0.6013963786380145,-0.08958507808713989,1.9064414469038975,0.6080321459057877,2.0010552418481162,-0.20302637656998354
1781078780.1619065,247.5629210472107,149.14980704314289,-157.49530568026546,-0.6048525531836049,-0.09341441284192342,1.9090887892231563,0.6120235809340412,2.0047924752344977,-0.19926416587040838
1781078780.2604675,247.66148209571838,149.14980704314289,-157.49530568026546,-0.603614148195021,-0.09147498236646356,1.9083993413716724,0.6105061115993399,2.003673066757144,-0.2002697131908473
1781078780.3599374,247.7609519958496,149.14980704314289,-157.49530568026546,-0.6032185811229169,-0.0914357692496992,1.9079992844185922,0.6101091349178681,2.003171092506102,-0.20197206865418
1781078780.460535,247.86154961585999,149.14980706655498,-157.49530570502,-0.6038331743271783,-0.0932428724258898,1.908435585247203,0.6109899636461038,2.0038550642983393,-0.19936822741534146
1781078780.5607982,247.96181273460388,149.14980706655498,-157.49530570502,-0.6031359673145857,-0.09260830184879865,1.9072586911919338,0.6102043040161379,2.002494696064633,-0.20024403355580422
1781078780.6627626,248.06377720832825,149.14980706655498,-157.49530570502,-0.6009285758718192,-0.09086686739360061,1.9051104783415103,0.6077597723519211,1.9997044470560836,-0.20060367270897383
1781078780.7627084,248.16372299194336,149.14980706655498,-157.49530570502,-0.6022253077972834,-0.09658664160355102,1.9113135552105431,0.6099215528965882,2.006271120018267,-0.19930529882187817
1781078780.8605118,248.26152634620667,149.14980706655498,-157.49530570502,-0.6025096478079774,-0.09429210348503148,1.909406978181655,0.6098433212566363,2.0044310626235378,-0.19838392093373594
1781078780.9606748,248.36168932914734,149.14980707576646,-157.4964127110082,-0.6028897137053946,-0.09174328242414731,1.9088654063656532,0.6098301704259387,2.003911169783042,-0.1988960576423617
1781078781.061466,248.46248054504395,149.14980707576646,-157.4964127110082,-0.6005298055565902,-0.08816633534013363,1.9112493582037646,0.6069673385357279,2.005313805688139,-0.20324388839224014
1781078781.162172,248.5631866455078,149.14980709926448,-157.4964127358785,-0.6039194577667217,-0.09328661293761797,1.9064185726097729,0.6110819123674208,2.001962256790599,-0.19914079307728594
1781078781.261216,248.66223049163818,149.14980709926448,-157.4964127358785,-0.6002730161390275,-0.08890736464914539,1.9094063763003835,0.6068214015618609,2.003513145265102,-0.20215741178009686
1781078781.3610876,248.7621021270752,149.14980710860996,-157.49751974265345,-0.6027592495851195,-0.08999668188718601,1.9047443550872072,0.60944082215677,1.9998672890838785,-0.2016670548388327
1781078781.4620078,248.8630223274231,149.14980710860996,-157.49751974265345,-0.5998738162914492,-0.09093284694537829,1.9090593100959585,0.6067267738658473,2.003153720409324,-0.20267579190824966
1781078781.5606177,248.9616322517395,149.14980710860996,-157.49751974265345,-0.6012677663996726,-0.09198355608899078,1.9096485712013482,0.6082630200020611,2.0041810215131215,-0.20290324291739883
1781078781.6604662,249.06148076057434,149.14980710860996,-157.49751974265345,-0.6028246084281079,-0.09163700500189975,1.9091337313843013,0.6097498251022462,2.0041423236690465,-0.19991975437103096
1781078781.7605639,249.16157841682434,149.15085543766506,-157.49751973353054,-0.6022384404549825,-0.08793767451459189,1.9062026457975383,0.6086248218407493,2.001007921175281,-0.20209106120001558
1781078781.8605795,249.26159405708313,149.15085546094318,-157.49751975837506,-0.6005777691799494,-0.08680318699430245,1.9042844002020056,0.6068183007338626,1.9986314134822971,-0.20331734526987066
1781078781.96214,249.3631546497345,149.15085543766506,-157.49751973353054,-0.6032570730695284,-0.08976993564351687,1.906414372096487,0.6098997766468319,2.0015977357326067,-0.19944399431072837
1781078782.0619733,249.46298789978027,149.15085543766506,-157.49751973353054,-0.6023952540056712,-0.09121196313813584,1.9085538572050624,0.6092615729455368,2.003441411701473,-0.20106461764061187
1781078782.1626785,249.56369304656982,149.14980710860996,-157.49751974265345,-0.6006842201437905,-0.08795872323022991,1.9094770455727166,0.6070900010064784,2.0036618619146185,-0.20282683802742393
1781078782.2609577,249.66197228431702,149.14980710860996,-157.49751974265345,-0.6019821262813423,-0.09058279352419163,1.9092496631899305,0.6087591665386668,2.0039515960311305,-0.19920202500657694
1781078782.360597,249.7616114616394,149.14980710860996,-157.49751974265345,-0.5990526242611907,-0.08755571869929213,1.909179580123627,0.6054172532321562,2.002872117653096,-0.19988507821184057
1781078782.4622507,249.8632652759552,149.14980710860996,-157.49751974265345,-0.6015603898266306,-0.09074558278848599,1.9087963942588835,0.6083663891143147,2.0034004437804502,-0.20240519513749353
1781078782.5623715,249.96338605880737,149.15085543766506,-157.49751973353054,-0.6036016501633412,-0.08966429748122096,1.9048023220677708,0.6102250718568596,2.0001616245887432,-0.20127379771683646
1781078782.6614861,250.06250071525574,149.15085543766506,-157.49751973353054,-0.6022334257569639,-0.0904458362531102,1.9088592260110897,0.6089873138206517,2.0036489445813976,-0.20157765399365773
1781078782.761106,250.16212058067322,149.15085543766506,-157.49751973353054,-0.6043316580052931,-0.09030127014364098,1.9070118601385224,0.6110409742864887,2.0025147457549393,-0.20019067819168576
1781078782.8607874,250.2618019580841,149.15085543766506,-157.49751973353054,-0.6033308711486711,-0.0919262597741124,1.909029173444827,0.610293845059142,2.0042083131202983,-0.2017636012901849
1781078782.9604445,250.36145901679993,149.15085541416707,-157.49751970866023,-0.6031945008734283,-0.09001345085764001,1.910569697709231,0.6098737797440098,2.0055479543067496,-0.20062870619296003
1781078783.060305,250.4613196849823,149.15085535804548,-157.49641265260885,-0.6029365959549864,-0.09306321066102896,1.911127060719932,0.6100764705512953,2.0061405589181263,-0.1984916084420702
1781078783.161722,250.56273651123047,149.15085535804548,-157.49641265260885,-0.6028110400265518,-0.09132878207455519,1.9125153637457533,0.6096901642745393,2.0073457880934877,-0.20048951098698642
1781078783.2624187,250.66343331336975,149.1508553346815,-157.49641262808692,-0.6038502845496794,-0.09232706868212404,1.9130320399805476,0.6108677874648183,2.008195966471972,-0.19847859155266276
1781078783.3603156,250.76133012771606,149.1508553346815,-157.49641262808692,-0.6011657088349693,-0.09269795021515392,1.9135739036986041,0.6082705972288504,2.007923854225916,-0.20168291612508477
1781078783.4611435,250.86215806007385,149.1508553346815,-157.49641262808692,-0.6004886599870076,-0.09158290858664486,1.914593581012684,0.6074323500754482,2.0086419890993903,-0.20233701554672112
1781078783.5602462,250.96126079559326,149.14980700571223,-157.49641263688724,-0.6029171561783073,-0.09429581868178616,1.9141688406983666,0.6102465064504718,2.009090129719305,-0.20243319918731548
1781078783.6610334,251.06204795837402,149.14980700571223,-157.49641263688724,-0.6021542658174894,-0.08917401818601434,1.9123958375012169,0.6087214185172387,2.006937867661483,-0.20233685494186449
1781078783.7620113,251.16302585601807,149.14980700571223,-157.49641263688724,-0.6012024529547091,-0.09300846114101091,1.9115131762901005,0.6083543073592708,2.005985440229626,-0.20020029659068297
1781078783.860568,251.26158261299133,149.14980700571223,-157.49641263688724,-0.6005224679015839,-0.09253935131681601,1.9134290100972757,0.6076107026680372,2.0075859490140355,-0.2024088945581714
1781078783.9612193,251.362233877182,149.14980702907627,-157.49641266140915,-0.6015089741676434,-0.09203827424900624,1.9109584353983196,0.6085097287069008,2.0055039844764555,-0.19916003725711873
1781078784.0623252,251.46333980560303,149.14980705248837,-157.4964126861637,-0.6021209589901559,-0.09275663174940973,1.9104335725354726,0.6092236387310662,2.005220655454,-0.20157599564158205
1781078784.163361,251.5643756389618,149.14980705248837,-157.4964126861637,-0.600266686527533,-0.09123972100982769,1.911108290980161,0.6071612484708612,2.0052380610535514,-0.20066765940165887
1781078784.2636614,251.66467595100403,149.14980705248837,-157.4964126861637,-0.6005330228513799,-0.09028309289732306,1.9085536643990522,0.6072816055160263,2.0028399931819747,-0.20091030514045496
1781078784.3604572,251.76147174835205,149.14980705248837,-157.4964126861637,-0.6022070266999151,-0.09177447948658823,1.9113134158676977,0.6091599610051422,2.006039588783739,-0.19963043492446683
1781078784.4612246,251.86223912239075,149.14980706191974,-157.4975196930544,-0.6014216041781992,-0.09055101365785845,1.909308981963556,0.6082001578812227,2.003838371888675,-0.20085463928717104
1781078784.5606997,251.9617142677307,149.14980706191974,-157.4975196930544,-0.6028217054917206,-0.09209928678816937,1.91072401783043,0.6098166013145561,2.005677581156278,-0.1984612820859736
1781078784.6611607,252.06217527389526,149.14980706191974,-157.4975196930544,-0.6033485058796941,-0.09053988875461982,1.9077850477858977,0.6101040001532183,2.0029654713844667,-0.2008057487233501
1781078784.7626348,252.16364932060242,149.14980706191974,-157.4975196930544,-0.6012353044434633,-0.08946952236388483,1.9096967539188476,0.6078558108147406,2.0041033852247816,-0.20138513944538297
1781078784.8604016,252.26141619682312,149.14980706191974,-157.4975196930544,-0.6016969505597558,-0.08864535928168493,1.9109448755440699,0.6081917625511614,2.0053946088995125,-0.19989889166559566
1781078784.961532,252.3625466823578,149.14980706191974,-157.4975196930544,-0.6035239000713659,-0.0895649084366994,1.9071904944964404,0.6101335679837869,2.0024081884266764,-0.19984262789306895
1781078785.0608463,252.46186089515686,149.14980708519784,-157.49751971746056,-0.6002714816020784,-0.08965175846216766,1.9112728653119548,0.6069293940979571,2.005324725598795,-0.20285688657960033
1781078785.1606739,252.56168842315674,149.14980708519784,-157.49751971746056,-0.6011613350804623,-0.08801619102166569,1.9063588454216245,0.607570408000329,2.0008362872046668,-0.20236070225688746
1781078785.2606328,252.6616473197937,149.14980709454332,-157.49862672379714,-0.6036612996709039,-0.09099956902753092,1.9071148720248519,0.6104816838231604,2.0024422641818984,-0.19875784130326007
1781078785.3606925,252.76170706748962,149.14980709454332,-157.49862672379714,-0.5999168397918595,-0.08973290619701402,1.910083053649858,0.6065906437791584,2.004088191911918,-0.20344414776993688
1781078785.4606063,252.86162090301514,149.14980709454332,-157.49862672379714,-0.5994212509428394,-0.0861956532924637,1.9092675351945574,0.6055869274748201,2.003007251029385,-0.20141599873758834
1781078785.5616565,252.96267104148865,149.14980709454332,-157.49862672379714,-0.6035974560412001,-0.08738193148971618,1.910517010917859,0.6098897366658025,2.005502615280467,-0.2000551738565756
1781078785.6619132,253.0629277229309,149.14980708519784,-157.49751971746056,-0.6022201157592804,-0.09304247568283586,1.9101269278858894,0.6093652189830924,2.00497153364857,-0.20010404688088423
1781078785.7601905,253.16120505332947,149.14980708519784,-157.49751971746056,-0.6029479077338351,-0.09110578182128393,1.9077509805097803,0.6097921309117368,2.002838048010349,-0.1989846477504084
1781078785.861777,253.26279163360596,149.14980709454332,-157.49862672379714,-0.5996353474993441,-0.08998219145732378,1.9079869206821631,0.6063491937408029,2.0020173411447577,-0.2014382636910605
1781078785.960674,253.3616886138916,149.14980709454332,-157.49862672379714,-0.6002143370904207,-0.08802253894742762,1.9071649761390637,0.60663433616277,2.0013204301218632,-0.2006769855192835
1781078786.060296,253.4613106250763,149.14980709454332,-157.49862672379714,-0.6012946618895398,-0.08849139308401277,1.9073836426648307,0.6077713361674811,2.0018737116442096,-0.2000320125563333
1781078786.2606869,253.66170144081116,149.1477104520769,-157.49751976008622,-0.5992620674122691,-0.08878073627951721,1.9058496783004344,0.6058028099749622,1.9998150016567606,-0.2007987927273142
1781078786.3608541,253.76186871528625,149.147709924633,-157.49752022600057,-0.5999274259812921,-0.09065861554029198,1.9073566750929682,0.6067387419773203,2.0015347578890363,-0.2023723875434664
1781078786.4625657,253.8635802268982,149.14770991520163,-157.49641321954823,-0.5989196136430053,-0.08781014607970405,1.9058308777935895,0.6053224969888578,1.9996516346884798,-0.2018831445392929
1781078786.5639763,253.9649908542633,149.147709924633,-157.49752022600057,-0.6004311177748605,-0.09092328102045144,1.9062164995949076,0.607276354079337,2.0006113849400524,-0.20035824149079318
1781078786.660948,254.0619626045227,149.147709924633,-157.49752022600057,-0.5993596614218575,-0.09114826687181221,1.9086682624223443,0.6062507816848228,2.0026368982598393,-0.19955991446610974
1781078786.7622468,254.16326141357422,149.14770991520163,-157.49641321954823,-0.5985620787783148,-0.09095122846571257,1.9076908188598996,0.6054326453957035,2.001457705891682,-0.20117165741740803
1781078786.8611693,254.26218390464783,149.147709924633,-157.49752022600057,-0.6015796830534725,-0.09079711702335658,1.9047239036477854,0.6083931553875911,1.9995287896526341,-0.19981143639401355
1781078786.9614298,254.36244440078735,149.147709924633,-157.49752022600057,-0.6006802673591665,-0.08830235804282438,1.9076345851592706,0.607135973263488,2.001920028504232,-0.20185639029553204
1781078787.0623796,254.46339416503906,149.147709924633,-157.49752022600057,-0.5986752886622639,-0.08654036802178666,1.904945165937037,0.6048977901697041,1.9986789191311038,-0.2011816042634834
1781078787.161837,254.56285166740417,149.14770991520163,-157.49641321954823,-0.5998991800872773,-0.0906232054596785,1.9050019977607624,0.6067055229987399,1.9992809215089484,-0.1984923130220539
1781078787.261513,254.66252756118774,149.14875824386505,-157.4964132110447,-0.6013908902854155,-0.09254430994150198,1.9073786542767412,0.6084697627826985,2.002081112995022,-0.1997854570005973
1781078787.3605137,254.7615282535553,149.14875824386505,-157.4964132110447,-0.5981180388497194,-0.08784905258491449,1.9075722007555722,0.6045350646881466,2.0010732983908808,-0.20130711438533155
1781078787.4632664,254.86428093910217,149.14875824386505,-157.4964132110447,-0.6010782986702736,-0.09282177893601329,1.9089372028663751,0.608203094185813,2.0034850257150656,-0.2002711813150416
1781078787.5609038,254.96191835403442,149.14770991520163,-157.49641321954823,-0.5987607221540543,-0.0879772800775811,1.9043874381923367,0.6051895605546197,1.998235701550011,-0.2030147378067774
1781078787.6611683,255.0621829032898,149.14770991520163,-157.49641321954823,-0.5990942186971893,-0.09196310904508209,1.90530330054219,0.6061114553459894,1.9993878471568731,-0.19956612050378886
1781078787.7604363,255.16145086288452,149.14770991520163,-157.49641321954823,-0.5988436953605287,-0.08857837133200519,1.9089284587891926,0.6053593142431066,2.0026152301718287,-0.20289873152988844
1781078787.8611934,255.26220798492432,149.14770991520163,-157.49641321954823,-0.6011241285156643,-0.08941551800808156,1.9050635742306044,0.6077378980649227,1.9996531135686149,-0.20068210686820193
1781078787.961329,255.3623435497284,149.147709924633,-157.49752022600057,-0.5986276885059851,-0.09122198093589873,1.9050062721791716,0.605538239297807,1.9989310784251348,-0.20013013824013026
1781078788.0604124,255.4614269733429,149.147709924633,-157.49752022600057,-0.599896215642417,-0.09136780871216388,1.9080408984543507,0.6068142598942083,2.00220968337121,-0.1981030627683159
1781078788.161017,255.56203150749207,149.14875825329642,-157.49752021749708,-0.6026590114382202,-0.09166959156209487,1.905272636154276,0.6095910088615596,2.000416210732936,-0.19772196653134153
1781078788.2614913,255.66250586509705,149.14875825329642,-157.49752021749708,-0.6025768074518112,-0.09356622716359198,1.9099883101786066,0.6097978744997772,2.0049710204298155,-0.19846949608107764
1781078788.3605826,255.76159715652466,149.14875825329642,-157.49752021749708,-0.5987880450195462,-0.08616600008133446,1.9058887360355474,0.6049559508165422,1.999595853310244,-0.20336814710479867
1781078788.4609945,255.8620090484619,149.14875825329642,-157.49752021749708,-0.6007868697589345,-0.08944148604442148,1.9056635851079915,0.6074081348653254,2.0001245815966606,-0.1986775086601796
1781078788.5608816,255.96189618110657,149.14875825329642,-157.49752021749708,-0.6012905097859971,-0.0930302416498705,1.908100447774819,0.6084446589626188,2.0027611494680544,-0.1981071281551163
1781078788.6604264,256.06144094467163,149.147709924633,-157.49752022600057,-0.5985114432456555,-0.08742618734549978,1.908005486718477,0.6048630307183338,2.0015854274243656,-0.20144199262186616
1781078788.7612805,256.1622951030731,149.147709924633,-157.49752022600057,-0.5997259822307228,-0.08888523984788321,1.904839788416424,0.606277032078093,1.9989963629681142,-0.20144880819961886
1781078788.8624558,256.26347041130066,149.147709924633,-157.49752022600057,-0.598093548282236,-0.09249235584985627,1.9086223036715824,0.6052030472390997,2.0022761613873623,-0.20040259616286368
1781078788.9600477,256.3610622882843,149.1466615967634,-157.49752023492985,-0.5968768739341215,-0.09001778114321723,1.9068683107650375,0.6036267087855849,2.000127985444738,-0.20358934974713158
1781078789.0607367,256.4617512226105,149.1466615967634,-157.49752023492985,-0.5986878210792952,-0.0874674320439226,1.909210302824373,0.6050435180852963,2.0027884659114066,-0.20138713233532451
1781078789.1609638,256.5619783401489,149.1466615732654,-157.49752021005955,-0.5982346983243474,-0.09048408008700903,1.9082701208815163,0.6050389433982041,2.0018908504904984,-0.19868861632001442
1781078789.2602935,256.66130805015564,149.1466615732654,-157.49752021005955,-0.5986806294545204,-0.08766982815637903,1.9097011489910312,0.6050656946588773,2.0032630814026136,-0.20248756678456362
1781078789.3605807,256.761595249176,149.14666158269677,-157.49862721607354,-0.6001281652246746,-0.08832120471214466,1.906860549684928,0.6065924908023004,2.001017642561515,-0.20076303140113494
1781078789.4609756,256.86199021339417,149.14561325372753,-157.49862722487387,-0.597520549565246,-0.08876512864802066,1.906318717470434,0.6040778552609368,1.9997402600824872,-0.20064320862317742
1781078789.5631764,256.9641909599304,149.14561325372753,-157.49862722487387,-0.5984991352076179,-0.08838936903006811,1.9101210554323056,0.6049908225765083,2.003640771647359,-0.20108293068217212
1781078789.6603396,257.06135416030884,149.14561325372753,-157.49862722487387,-0.5973997588321254,-0.08808268483554116,1.910717428467356,0.6038584529676791,2.0038677907161,-0.1986503103679078
1781078789.761355,257.1623694896698,149.14561325372753,-157.49862722487387,-0.5988306026297323,-0.08906808490422691,1.909856861900763,0.605418214455425,2.0035180177237804,-0.20037790602067135
1781078789.8606203,257.26163482666016,149.14561325372753,-157.49862722487387,-0.5962876182029788,-0.0860737710526962,1.9103121630740716,0.6024679391348666,2.003062699486502,-0.20099174277527784
1781078789.9602299,257.36124444007874,149.14770991026057,-157.49862720744107,-0.6022016207060688,-0.09113797479830055,1.9106720382676816,0.6090590467527361,2.005397855850387,-0.20189084527602377
1781078790.0610318,257.4620463848114,149.1477099010491,-157.49752020145286,-0.5997535222324757,-0.0895146003200864,1.9061187592072741,0.6063968594086925,2.000251453018496,-0.19990779196491085
1781078790.160699,257.56171345710754,149.1487582297984,-157.49752019262678,-0.6001060511329115,-0.08647298124108715,1.9096594392700277,0.6063042545546402,2.0035977697841885,-0.20221737565941067
1781078790.2601445,257.6611590385437,149.14875823922978,-157.49862719864078,-0.6013117211824692,-0.08806641257211822,1.9077431998663998,0.6077264837529677,2.0022026859664424,-0.2018022344178857
1781078790.3604162,257.76143074035645,149.14875823922978,-157.49862719864078,-0.6013968899700046,-0.08869754237070993,1.9052834723979384,0.6079025195606593,1.9999126439624666,-0.20027921658538908
1781078790.4613082,257.862322807312,149.14770991026057,-157.49862720744107,-0.5990329614530765,-0.08934341636685872,1.9067243840014214,0.6056589262574645,2.0006050613504267,-0.19828475884210017
1781078790.560161,257.9611756801605,149.14770991026057,-157.49862720744107,-0.5989291783185706,-0.08718495372809798,1.910487294215182,0.6052415854829613,2.004065637187459,-0.20054974789419777
1781078790.6602473,258.0612618923187,149.14770991026057,-157.49862720744107,-0.5985965972449492,-0.08832955613226545,1.9099540950756027,0.6050785045923834,2.003508083840896,-0.20144396068345638
1781078790.7603972,258.16141176223755,149.14770991026057,-157.49862720744107,-0.6015056402198695,-0.08895702090907776,1.9091114641717521,0.6080480135526579,2.0036039951590596,-0.19979311327747384
1781078790.8606424,258.261656999588,149.14770991960606,-157.4997342133393,-0.5997725517664776,-0.08624734255766953,1.9104638102393974,0.6059420087357634,2.0042548960112754,-0.1993056570329942
1781078790.9610093,258.3620238304138,149.14875824857526,-157.499734204539,-0.600974255826344,-0.08971287498465585,1.9094670271122574,0.6076334883003408,2.0038170534589637,-0.19899217442166633
1781078791.0603786,258.46139311790466,149.14875824857526,-157.499734204539,-0.6010289635154891,-0.08566748872505059,1.9069629324881936,0.607103560860056,2.0012701865297773,-0.20263766953144904
1781078791.162276,258.5632905960083,149.14875824857526,-157.499734204539,-0.6003460116901636,-0.08552710986688794,1.9061648506921105,0.6064076354025143,2.000298642275334,-0.2024752147034486
1781078791.263279,258.66429352760315,149.14875824857526,-157.499734204539,-0.5998230830601301,-0.08317009696366995,1.906450396125818,0.6055617193983666,2.0003145024942937,-0.20273051388717508
1781078791.3623254,258.7633399963379,149.14875824857526,-157.499734204539,-0.6000893971431367,-0.08698269401421044,1.9067114137935048,0.6063606794817611,2.0008052601670183,-0.20043563396101133
1781078791.4602618,258.86127638816833,149.14875824857526,-157.499734204539,-0.601706694960825,-0.09056431109880236,1.9090742174579773,0.6084840517264852,2.0037008781173573,-0.20257208581325312
1781078791.5604632,258.96147775650024,149.14875824857526,-157.499734204539,-0.6003342781575327,-0.08596578520402431,1.9063176702423494,0.6064580461636817,2.0004595526115714,-0.2023529313070202
1781078791.6604085,259.0614230632782,149.14770992895154,-157.5008412196759,-0.6023977781261465,-0.08994974876370065,1.9102783599286364,0.6090763830538587,2.005028042897558,-0.19747515997401607
1781078791.760656,259.16167068481445,149.14770992895154,-157.5008412196759,-0.5990109634484497,-0.08696381473345127,1.9082588008661794,0.6052907065240917,2.0019561659755847,-0.19959956139429216
1781078791.8606265,259.2616410255432,149.14770992895154,-157.5008412196759,-0.5981454633874534,-0.08514387583912253,1.9059334696644088,0.6041750366937543,1.99940237714946,-0.20088224230283785
1781078791.9606774,259.3616919517517,149.14770986357038,-157.49862715740366,-0.6008123724642189,-0.09073433029544731,1.9108798793907786,0.6076250699240829,2.005160876104649,-0.20146244915909498
1781078792.0609293,259.4619438648224,149.14770986357038,-157.49862715740366,-0.6008896032978441,-0.0896776676827642,1.9089907758286562,0.6075445657994653,2.0033362627455618,-0.1992319113750439
1781078792.1606743,259.5616888999939,149.1477098308609,-157.49752012698352,-0.6013103112386204,-0.09017276103136851,1.912496340645645,0.6080338948067837,2.0068252216416083,-0.2012684738007567
1781078792.260667,259.6616816520691,149.14666150299124,-157.4975201359128,-0.5987446133327694,-0.08771274691619624,1.9127368214994882,0.6051352228771617,2.0061781541743886,-0.20024894436444507
1781078792.3609884,259.7620029449463,149.14666151242264,-157.49862714148844,-0.5986747823777705,-0.08835917512249125,1.9117778258883331,0.6051601762206416,2.005271376757201,-0.20194434318148383
1781078792.4606323,259.86164689064026,149.14666151242264,-157.49862714148844,-0.5993534291801552,-0.08676089702311174,1.913468242711502,0.6056005171086517,2.0070158699391767,-0.20046594509125834
1781078792.5605369,259.9615514278412,149.14666151242264,-157.49862714148844,-0.5961401903527701,-0.0839235644107248,1.914252197177488,0.6020185140153399,2.006685766535478,-0.20326597000434246
1781078792.66122,260.06223464012146,149.14666151242264,-157.49862714148844,-0.6001247837482424,-0.088142316320301,1.9091340143829436,0.6065631244933891,2.003175356495061,-0.20051964682116571
1781078792.760708,260.1617226600647,149.14666151242264,-157.49862714148844,-0.6002228853963061,-0.09128601456851015,1.912787215127092,0.6071249036312623,2.00682724193263,-0.20036457389643889
1781078792.8611255,260.2621400356293,149.14666151242264,-157.49862714148844,-0.5985458655961793,-0.08898682704167982,1.9120821375841999,0.6051246223789157,2.0055507745947967,-0.20353598656068062
1781078792.9601765,260.361191034317,149.14875819223377,-157.49862714890017,-0.600070587604705,-0.0879139191603997,1.9104945310332861,0.606476353447022,2.004445788840021,-0.200276844074644
1781078793.0607543,260.4617688655853,149.14980652010343,-157.4986271399709,-0.6020268521641015,-0.08860379243881766,1.907869427506816,0.6085120892481578,2.002561538424311,-0.19987937693164987
1781078793.1624968,260.56351137161255,149.14980653417004,-157.4975201588272,-0.6013466613284209,-0.09017594742059032,1.9098284837814838,0.6080703154932326,2.0042939769522636,-0.20189949263488338
1781078793.2604659,260.66148042678833,149.14980654351552,-157.49862716516378,-0.6024157068709428,-0.08866948308812539,1.9097640165012795,0.6089063648180507,2.0044863581074908,-0.19948863989981525
1781078793.360458,260.7614724636078,149.14980654351552,-157.49862716516378,-0.6016916189997517,-0.08380592473744741,1.9100842702740297,0.6074999896260419,2.004364776417684,-0.2034714124564149
1781078793.4605615,260.86157608032227,149.1487582159517,-157.49862717379625,-0.5978738581608809,-0.08474993089131999,1.9117855680389242,0.6038507274635517,2.004883976498434,-0.2036086816340675
1781078793.5613048,260.9623193740845,149.1487582159517,-157.49862717379625,-0.6004652625501592,-0.08874623110949642,1.9080946380867019,0.606987994169219,2.0023135551058915,-0.20176779469548167
1781078793.660248,261.06126260757446,149.1487582159517,-157.49862717379625,-0.602874255731848,-0.09212038171312997,1.9112362844119188,0.6098717348354509,2.0061823615523786,-0.2004458219166931
1781078793.7603316,261.1613461971283,149.1487582159517,-157.49862717379625,-0.599466668339204,-0.0870242157707537,1.9072656784109236,0.6057503616013943,2.0011486373142056,-0.20209925288062786
1781078793.8603437,261.2613582611084,149.1487582159517,-157.49862717379625,-0.5998515243748272,-0.08841908412244948,1.9095893188453117,0.6063330650161318,2.0035396558041865,-0.2009964536481193
1781078793.9610286,261.3620431423187,149.14875820660623,-157.49752016745967,-0.6011103170728802,-0.08756645863269341,1.9076085532200662,0.6074549349284519,2.001991980575168,-0.20166760012597673
1781078794.0605721,261.4615867137909,149.14875819717483,-157.49641316100733,-0.6015836280082851,-0.09088359528598744,1.9063491841422326,0.6084099681791201,2.0010821825351086,-0.1998606087901689
1781078794.1626148,261.5636293888092,149.14875819717483,-157.49641316100733,-0.5992630146833733,-0.09083453923943807,1.9093222788653115,0.6061081374525885,2.0032170723258305,-0.2015723632366671
1781078794.2604597,261.6614742279053,149.14770986842552,-157.4964131698334,-0.5980089141598626,-0.08832661759885241,1.909689995022618,0.6044966937801329,2.003080659853866,-0.20265548483978865
1781078794.3607624,261.7617769241333,149.14770986842552,-157.4964131698334,-0.5983984655736947,-0.08866832136138214,1.907194255237911,0.6049320580147803,2.0008330070314435,-0.2027963709717559
1781078794.460543,261.8615574836731,149.14770986842552,-157.4964131698334,-0.6002421567986573,-0.09035394161830368,1.9088768609481859,0.6070045152750247,2.0030639909467864,-0.2011517509064515
1781078794.5604336,261.96144819259644,149.14770986842552,-157.4964131698334,-0.5980413890620468,-0.08708523695344184,1.907113296179265,0.604348692003631,2.000579532533071,-0.20399224232663568
1781078794.660935,262.06194949150085,149.14770986842552,-157.4964131698334,-0.5991324575199144,-0.08979244064283876,1.9075945961304461,0.605823723578443,2.0014843309995034,-0.20117419010533966
1781078794.76071,262.16172456741333,149.14770986842552,-157.4964131698334,-0.5989761960121882,-0.09105004496169045,1.9101896014429274,0.6058569089122918,2.0039677910429217,-0.20267513521103325
1781078794.8612332,262.262247800827,149.14770986842552,-157.4964131698334,-0.5979918450822481,-0.08810042022042808,1.9054689183779332,0.6044467973510055,1.9990417028497074,-0.20291003610106956
1781078794.9617994,262.36281394958496,149.14770984492753,-157.4964131449631,-0.6000941631025114,-0.08964960686466839,1.908633594437207,0.6067537034091289,2.0027561644930683,-0.2001794392055014
1781078795.0606532,262.4616677761078,149.1487581595243,-157.49752011848003,-0.6018902772460422,-0.08877691468356375,1.9117059595388997,0.6084022077738133,2.006183671093102,-0.2011087447027495
1781078795.1644084,262.5654230117798,149.1487581595243,-157.49752011848003,-0.600991175918665,-0.08814806513623807,1.9102487361375955,0.6074211676582915,2.004497620062105,-0.20240713653041267
1781078795.261226,262.6622405052185,149.1487581595243,-157.49752011848003,-0.6005148507038598,-0.08999847576316711,1.9100952607393937,0.6072213859504393,2.0042908263659407,-0.19981747961095628
1781078795.3613486,262.7623631954193,149.1477098308609,-157.49752012698352,-0.5978558301527244,-0.09000416190741589,1.9108860937133978,0.6045927081997099,2.0042499858938525,-0.20313401480101723
1781078795.4613795,262.86239409446716,149.1477098308609,-157.49752012698352,-0.6001526043931165,-0.09278045792305534,1.9129720524104576,0.6072819459956408,2.0070509299057986,-0.1995453175162701
1781078795.5608854,262.96189999580383,149.1477098308609,-157.49752012698352,-0.5999007564575436,-0.08857508694705984,1.9113182648545672,0.6064045379332283,2.0052092093327034,-0.20093515941914097
1781078795.6600351,263.0610496997833,149.1477098308609,-157.49752012698352,-0.5999859413837498,-0.08916744444991309,1.9102097819924522,0.6065756037031763,2.0042044242610393,-0.2007739050763147
1781078795.7610223,263.16203689575195,149.1487581595243,-157.49752011848003,-0.6008207329429354,-0.0924759971072433,1.9127320826972811,0.6078958489536386,2.0070080675858137,-0.20145756471849924
1781078795.860679,263.2616934776306,149.1487581595243,-157.49752011848003,-0.5987987468229221,-0.08787557706054372,1.9089156102812956,0.6052124058877392,2.0025585792720366,-0.2023147983081084
1781078795.9609077,263.3619222640991,149.1487581595243,-157.49752011848003,-0.6031879524498152,-0.08961708378754452,1.910956657796144,0.6098089271953833,2.005896875630099,-0.20114336418873013
1781078796.0608175,263.4618320465088,149.14980650146057,-157.49641312753033,-0.6019807334272684,-0.09006465245516893,1.908848925531249,0.6086809057622083,2.003546022815874,-0.19988020427450506
1781078796.1605036,263.56151819229126,149.14980650146057,-157.49641312753033,-0.601772509911882,-0.09089029062548093,1.910955350074329,0.6085977313592539,2.005527748148435,-0.2036972183591246
1781078796.2617867,263.66280126571655,149.14980650146057,-157.49641312753033,-0.6017865779408567,-0.09102455337338711,1.9090706896771437,0.6086317069514136,2.0037423619045827,-0.20067707823845737
1781078796.360212,263.76122665405273,149.14980651089195,-157.49752013442102,-0.6018490345445286,-0.09019827026190796,1.9096800680643595,0.6085704464894934,2.0043043558059535,-0.20100710051911516
1781078796.4606438,263.86165833473206,149.14980651089195,-157.49752013442102,-0.601627672944943,-0.09131341550937577,1.9104377648227517,0.6085178688462116,2.0050103366232523,-0.20156231654471082
1781078796.56062,263.9616346359253,149.14980648739396,-157.49752010955072,-0.6009160249295462,-0.08599534232044448,1.9091118439711512,0.6070381107623618,2.003298105801747,-0.20376412229679117
1781078796.6604912,264.06150579452515,149.14980648739396,-157.49752010955072,-0.6020096319938659,-0.08920815384402658,1.9124309932016739,0.6085833482158787,2.006929494397845,-0.20102689442701144
1781078796.7610795,264.16209411621094,149.1487581595243,-157.49752011848003,-0.6002361572684265,-0.0887038691341786,1.9119981592444404,0.6067551572848315,2.005963305209213,-0.2021994139933692
1781078796.8606274,264.26164197921753,149.1487581595243,-157.49752011848003,-0.6001525194233466,-0.0864292976243064,1.9086788896705524,0.6063440195615203,2.002675254236701,-0.20199556063603094
1781078796.9601064,264.36112093925476,149.1487581595243,-157.49752011848003,-0.598858576067471,-0.08754347571408516,1.9090098722616102,0.6052234746518524,2.002651778682942,-0.20257526924094235
1781078797.0614748,264.4624893665314,149.1487581268148,-157.49641308718316,-0.6019612003966586,-0.09188151615879292,1.9119637056862473,0.6089330831828934,2.0065903198351456,-0.19942465711272414
1781078797.1627734,264.5637879371643,149.1487581268148,-157.49641308718316,-0.5997319489025017,-0.09340787188364175,1.9128213697901786,0.6069624708861526,2.006810662167759,-0.20132974000016818
1781078797.2607276,264.6617422103882,149.1487581268148,-157.49641308718316,-0.5994924340476757,-0.09009781554726715,1.9113232272056073,0.6062250364730875,2.005159662895315,-0.20017230856011908
1781078797.3607101,264.7617247104645,149.1487581268148,-157.49641308718316,-0.5997449831062625,-0.09082363665638127,1.9097291299687635,0.6065830344945541,2.003748568954666,-0.20029619505735033
1781078797.460714,264.8617286682129,149.14875810353672,-157.49641306190028,-0.6019877291957982,-0.09215506241906724,1.9121146381917165,0.609000641733468,2.006754636526054,-0.19972956172281042
1781078797.560795,264.96180963516235,149.14875810353672,-157.49641306190028,-0.601869417436177,-0.09066628802460741,1.9114882505288755,0.6086601444395091,2.0060544617081226,-0.20071742587263153
1781078797.6605034,265.0615179538727,149.14875810353672,-157.49641306190028,-0.5989347604815976,-0.09108540310072044,1.9131224749071263,0.6058212590947675,2.006752850244877,-0.20405523286305527
1781078797.760313,265.1613276004791,149.14875810353672,-157.49641306190028,-0.6012179031300491,-0.09030152438643313,1.9150938066952399,0.6079616207875351,2.009278880791084,-0.20036862564682736
1781078797.8608606,265.2618751525879,149.1487581127482,-157.49752006832685,-0.6001291902116748,-0.08747260976875282,1.9119067188641738,0.6064705288832072,2.005790069783438,-0.20169073602307788
1781078797.9610932,265.36210775375366,149.14875813624622,-157.4975200936355,-0.600394903255193,-0.08843274133965906,1.9105551779034164,0.6068726304552378,2.0046235251062017,-0.2007848202556212
1781078798.0623076,265.4633221626282,149.1487581595243,-157.49752011848003,-0.6025422388368895,-0.08959501140839166,1.911723254376736,0.6091669850310677,2.006432210909858,-0.20025669066404664
1781078798.1639361,265.5649507045746,149.1487581595243,-157.49752011848003,-0.5995756616841277,-0.08681905989351435,1.9133749503290498,0.6058287903729511,2.0069958205714946,-0.20209899230432202
1781078798.2621574,265.66317200660706,149.1487587105521,-157.4975196771134,-0.5990278218631317,-0.0898636880306185,1.9113047062325457,0.6057308096774938,2.004992641846655,-0.20029802041943634
1781078798.3619668,265.7629814147949,149.1487581595243,-157.49752011848003,-0.6013404696745965,-0.0902828222291987,1.908750717778568,0.6080800510279328,2.00326998956165,-0.19983913759353059
1781078798.4620624,265.8630769252777,149.1487581595243,-157.49752011848003,-0.6004740752251223,-0.08726083527437822,1.9115910912719385,0.6067813184255494,2.0055832240574034,-0.20371051697880885
1781078798.560087,265.9611015319824,149.1487581595243,-157.49752011848003,-0.6018491244539916,-0.09094376610036647,1.9094343336107222,0.6086814743349386,2.00410394230688,-0.19851067824254748
1781078798.660878,266.06189250946045,149.14875816895568,-157.49862712405564,-0.5988722434856015,-0.08468727333072934,1.9096865932690474,0.6048304706954432,2.003178170506361,-0.20083623732379022
1781078798.7623117,266.16332626342773,149.14875871998348,-157.498626682689,-0.5987552635739064,-0.08479116239541895,1.9128775938556832,0.6047292012775838,2.0061899451330456,-0.20175191538640022
1781078798.8601968,266.2612113952637,149.14875871998348,-157.498626682689,-0.6032356528544085,-0.0925043161928727,1.9128564038191018,0.6102870647400249,2.007852067016079,-0.20018669217608545
1781078798.9627316,266.36374616622925,149.14875871998348,-157.498626682689,-0.5995474649756147,-0.08883679161718305,1.9121679530624085,0.6060933412466439,2.0059250781179245,-0.2004975864607664
1781078799.0610757,266.46209025382996,149.14875871998348,-157.498626682689,-0.5992286495865926,-0.08494082794265978,1.9136576384234552,0.6052189015033783,2.007081332640357,-0.20247716786716805
1781078799.161388,266.56240248680115,149.14875871998348,-157.498626682689,-0.6010356753120618,-0.08563976949849916,1.913180657339645,0.60710629474383,2.007196622340756,-0.2043073391569678
1781078799.2632065,266.6642210483551,149.14875871998348,-157.498626682689,-0.5986316340249118,-0.0853278786332794,1.9127556047930827,0.6046822968529768,2.006059491589106,-0.2025471686269104
1781078799.3602097,266.76122426986694,149.14875871998348,-157.498626682689,-0.6013817467451759,-0.0906659379607504,1.9121067477738798,0.6081778667664431,2.006497578495171,-0.20139933696231138
1781078799.4972174,266.8982319831848,149.14875874326157,-157.49862670753353,-0.6016749063313682,-0.08943903146834487,1.9110182676318026,0.6082861442272512,2.0054931693928335,-0.19869445950541034
1781078799.5475516,266.948566198349,149.14875874326157,-157.49862670753353,-0.5993356407577437,-0.08807160942001246,1.9098720499596182,0.6057720847549237,2.003639455063031,-0.20400076136866288
1781078799.663314,267.0643286705017,149.14875874326157,-157.49862670753353,-0.6027073850194427,-0.0866645095117633,1.9098487651870364,0.6089063385824532,2.0045670941757816,-0.2023131619677102
1781078799.7967615,267.19777607917786,149.14980707113122,-157.49862669860426,-0.6008363131036276,-0.08794777160008493,1.9070962711696007,0.6072389032937375,2.0014383011180676,-0.2015130033724726
1781078799.8628273,267.2638418674469,149.14980707113122,-157.49862669860426,-0.6018840905324794,-0.087098808533284,1.9122407334714129,0.6081534846434965,2.00661787185087,-0.2021606007994811
1781078799.9606607,267.3616752624512,149.14980707113122,-157.49862669860426,-0.5987139782199336,-0.08657253948288712,1.908571043516761,0.604940684950562,2.002148011626292,-0.20227593960750548
1781078800.0636861,267.46470069885254,149.14980705689277,-157.49973368039312,-0.5998030091590181,-0.08647501490469267,1.9100110662749694,0.6060046022919132,2.003842272059312,-0.20120360924844102
1781078800.1608758,267.56189036369324,149.15085535345835,-157.49862664043752,-0.6014581956643497,-0.08358810725920307,1.9101759684509936,0.6072387774236682,2.0043730100095347,-0.2047804225272829
1781078800.2606378,267.66165232658386,149.15085532974044,-157.4986266155414,-0.6029753414389063,-0.08947586932143281,1.9147484544445774,0.6095778814673247,2.0094394336162735,-0.20114562076543274
1781078800.3616595,267.76267409324646,149.15190365739014,-157.49862660658636,-0.6019376132494472,-0.08801606701220521,1.9120725246685089,0.6083384899024046,2.006513657538603,-0.20501039811542504
1781078800.4604287,267.8614432811737,149.15190365739014,-157.49862660658636,-0.6039205254939475,-0.08751736855779768,1.9105982175595626,0.6102288840362827,2.0056831354563327,-0.20188733978936227
1781078800.5607913,267.9618058204651,149.1519036666497,-157.49973361280718,-0.6038390692013706,-0.08656454092974286,1.9136901564755977,0.6100123287609479,2.00856293310216,-0.20082468323728012
1781078800.6608157,268.0618302822113,149.1519036666497,-157.49973361280718,-0.6034700591215199,-0.08674295773082008,1.914717707005673,0.6096724144752013,2.0094388148169835,-0.19975848615625363
1781078800.7607532,268.16176772117615,149.15085533899997,-157.49973362176226,-0.6022832493710553,-0.08722683044376822,1.9137959152916733,0.6085668676671633,2.0082251959900606,-0.20144474691970332
1781078800.8619492,268.26296377182007,149.15085533899997,-157.49973362176226,-0.6014643614320505,-0.086051409013578,1.9111784143229584,0.6075888602221788,2.0054344054194604,-0.20080667080691425
1781078800.9628613,268.3638758659363,149.1519036666497,-157.49973361280718,-0.6051079717172456,-0.08654674967243636,1.9124279494053924,0.6112658973921433,2.0077416813378997,-0.2031961874776726
1781078801.0617588,268.4627733230591,149.15085538594792,-157.49973367127023,-0.6045686112454405,-0.08687939118695454,1.9091205711540087,0.61077920258982,2.004443211847037,-0.2016364448523705
1781078801.1622608,268.56327533721924,149.15085540936002,-157.49973369602478,-0.6017188091989567,-0.08811269917933373,1.9113287798440695,0.6081359824089332,2.005743522427705,-0.20205610911900457
1781078801.2613373,268.66235184669495,149.15085542329263,-157.49862671497104,-0.6017278682461153,-0.0855892450527449,1.9063542988285993,0.6077844571003056,2.000896963602822,-0.20289529204350237
1781078801.3623679,268.76338243484497,149.1508554326381,-157.49973372086927,-0.6013950772302508,-0.08526692180782902,1.910701357739559,0.6074096532582947,2.0049254762557025,-0.20114004741409766
1781078801.4611151,268.86212968826294,149.1508554326381,-157.49973372086927,-0.6006282395413791,-0.08724397071199519,1.9088473873325082,0.6069314562289319,2.003013764477497,-0.20252269062781708
1781078801.5624344,268.96344900131226,149.1508554326381,-157.49973372086927,-0.6002305886797501,-0.08653246831912043,1.907275740839856,0.6064360045876555,2.0013658784081585,-0.20223496743997027
1781078801.6609335,269.0619480609894,149.1508554326381,-157.49973372086927,-0.6027783830159024,-0.08486025681381193,1.906946334919455,0.608722467318048,2.0017460794217916,-0.203212279496119
1781078801.7606702,269.1616847515106,149.1508554326381,-157.49973372086927,-0.6022154959997295,-0.08736631194878441,1.911885675760895,0.608519823905296,2.0063905933953703,-0.20142401730974385
1781078801.860343,269.26135754585266,149.1508554326381,-157.49973372086927,-0.6028108128211898,-0.08760590948270419,1.9087408891060789,0.6091433915183151,2.0035836526523916,-0.20104221202168926
1781078801.9625356,269.3635501861572,149.15190376028784,-157.4997337119142,-0.6024818282204478,-0.08446712959363367,1.9115048875863878,0.608374103095818,2.0059835454420583,-0.20215524133854001
1781078802.0616786,269.4626932144165,149.15085540936002,-157.49973369602478,-0.6039189048322271,-0.08971266570125636,1.9123741479465206,0.6105459900785378,2.0074713666040576,-0.20208243387714922
1781078802.161148,269.56216263771057,149.15085538594792,-157.49973367127023,-0.6011436101734375,-0.08627406876203736,1.9091080783114356,0.6073029351099092,2.003374780131539,-0.2011688830544946
1781078802.2610583,269.6620728969574,149.1498070335288,-157.49973365543286,-0.6000170430141623,-0.08465899201780758,1.909447853052342,0.6059600620807697,2.003291965831024,-0.20115696804255767
1781078802.3604958,269.76151037216187,149.1498070335288,-157.49973365543286,-0.6022534139119955,-0.08784090416764911,1.912970640561908,0.6086256641102505,2.0074565675664022,-0.20148649223906515
1781078802.4602365,269.86125111579895,149.1498070335288,-157.49973365543286,-0.6003712474417853,-0.08797609282655117,1.9129567361392796,0.606782850502411,2.006885373409373,-0.20469326319097092
1781078802.5608459,269.9618604183197,149.1498070335288,-157.49973365543286,-0.598972310769966,-0.08428992011951664,1.9101761234399648,0.6048740527604629,2.003658015296772,-0.20171042953592597
1781078802.6610587,270.0620732307434,149.1498070335288,-157.49973365543286,-0.600316528186994,-0.08472557580898865,1.912895805363489,0.6062659129545802,2.0066710541062482,-0.20216953203523746
1781078802.7607388,270.1617534160614,149.1508553625839,-157.49973364630995,-0.6062098145087589,-0.09114026487489468,1.9131067288803836,0.61302274597947,2.008923652898639,-0.2005192276467297
1781078802.860384,270.26139855384827,149.1508553625839,-157.49973364630995,-0.6001863326420676,-0.08380354076967933,1.913010041770808,0.6060088013683216,2.0067022916346655,-0.20315326493584074
1781078802.960794,270.3618085384369,149.1508553625839,-157.49973364630995,-0.602686073600438,-0.08699840078816123,1.9132160682354042,0.608932857589086,2.0077835911287227,-0.20156894743767828
1781078803.0616302,270.46264481544495,149.1498070335288,-157.49973365543286,-0.6054113258616098,-0.08732505825688008,1.913260645307884,0.611676825849304,2.008659960313099,-0.20165590478859055
1781078803.1619027,270.5629172325134,149.14980704785313,-157.49862667375973,-0.6005531803354529,-0.08933931328769518,1.9101137219185276,0.6071619514674351,2.004290414578485,-0.20343759531848063
1781078803.2609358,270.66195034980774,149.14980704785313,-157.49862667375973,-0.6005800241784982,-0.0884711267396483,1.909230011379854,0.607061368980788,2.0034177652357847,-0.20087274267252067
1781078803.360567,270.761581659317,149.14980704785313,-157.49862667375973,-0.601351929853621,-0.08676922539422094,1.912351369441954,0.6075796589865294,2.006549476644098,-0.20330780903172532
1781078803.4605985,270.861613035202,149.14980705689277,-157.49973368039312,-0.6011533651984564,-0.08762520190069267,1.9105422630355942,0.6075060036720343,2.004803053504941,-0.2000597212972254
1781078803.5607502,270.9617648124695,149.14980705689277,-157.49973368039312,-0.6013326090070166,-0.08400637656765753,1.9079891258306263,0.6071721155975565,2.002268833660238,-0.20305061147271788
1781078803.661253,271.0622675418854,149.14980705689277,-157.49973368039312,-0.6010111414385904,-0.08514308996825548,1.9116238044281866,0.6070121398313708,2.005684249217497,-0.20079267178122817
1781078803.7603416,271.1613562107086,149.15085538594792,-157.49973367127023,-0.6012636016753845,-0.08614502050940587,1.9128919657374175,0.6074033941773962,2.007011349205824,-0.20222890095823692
1781078803.8604221,271.2614367008209,149.15085538594792,-157.49973367127023,-0.6051879385864254,-0.08740397504840303,1.9137171343664776,0.611467003087451,2.009030902259244,-0.2007297329802708
1781078803.961276,271.36229062080383,149.15085540010043,-157.49862668980396,-0.602260963589714,-0.08908131394002794,1.912305485731856,0.6088133940357199,2.006879672406256,-0.2028046128130996
1781078804.0606158,271.46163034439087,149.15085540010043,-157.49862668980396,-0.6003419613955998,-0.08469455279259819,1.9101939843549434,0.6062867620895693,2.004101967403572,-0.20168298697354328
1781078804.1607943,271.5618088245392,149.15085542329263,-157.49862671497104,-0.6034869788353205,-0.08672245772658016,1.908047120097549,0.6096862457837811,2.003087898922679,-0.20231732941113145
1781078804.2631052,271.664119720459,149.15085542329263,-157.49862671497104,-0.6023127074022341,-0.08576118108305764,1.9090369686862974,0.6083876869882971,2.0036361260193774,-0.2049274905793429
1781078804.360206,271.7612204551697,149.15085542329263,-157.49862671497104,-0.6041001099873995,-0.09107758605512117,1.9097708737672257,0.6109272211715698,2.0051076928329934,-0.19948861049685945
1781078804.4610603,271.86207485198975,149.15085542329263,-157.49862671497104,-0.6025098536592282,-0.08780902846925187,1.9073218405618217,0.6088748223051914,2.00215013241298,-0.20111814368469366
1781078804.5608788,271.9618933200836,149.15085542329263,-157.49862671497104,-0.6032182005444895,-0.08929881449455479,1.9093341956652148,0.6097921578195843,2.004346164332598,-0.20048546608542628
1781078804.660648,272.0616626739502,149.15085540010043,-157.49862668980396,-0.6017526784625034,-0.08538445955130669,1.9110404576911588,0.6077802168297893,2.005360920857415,-0.20299707660221522
1781078804.7607613,272.16177582740784,149.15085540010043,-157.49862668980396,-0.6034325252084898,-0.0872560360396335,1.9121261836542263,0.6097084781310199,2.006980560573749,-0.20212331994536442
1781078804.8612614,272.26227593421936,149.15085540010043,-157.49862668980396,-0.6031134824090145,-0.08553995674995463,1.911176092169658,0.609149371553737,2.0059055342027445,-0.20207407529026358
1781078804.9607954,272.36180996894836,149.15190375094235,-157.49862670601595,-0.604603552378876,-0.08974496411505584,1.9094703837167954,0.6112279559486533,2.004913155332354,-0.19981848327147333
1781078805.0602038,272.4612183570862,149.151903765009,-157.49751972487226,-0.606294169595202,-0.0894316082064961,1.9091606477409149,0.612854495481216,2.0051147128067375,-0.20074043836461816
1781078805.1618001,272.5628147125244,149.151903765009,-157.49751972487226,-0.6058347506734663,-0.09391294345903134,1.91052424070302,0.6130704576740916,2.0064790705079814,-0.20065341391631722
1781078805.2609286,272.66194319725037,149.151903765009,-157.49751972487226,-0.601858840361075,-0.08705595365137242,1.9068354015765467,0.6081223584007809,2.0014579814456557,-0.20269845100898373
1781078805.3622384,272.7632529735565,149.151903765009,-157.49751972487226,-0.6019172305427389,-0.08793518358777419,1.9066328131316055,0.6083066241106176,2.0013209720199794,-0.20285950696689994
1781078805.46089,272.86190462112427,149.151903765009,-157.49751972487226,-0.6025148689284379,-0.08783880681676237,1.9051522344416334,0.6088840803164796,2.0000862130570254,-0.20231567367258116
1781078805.5608673,272.9618818759918,149.15190374159687,-157.49751969967937,-0.604086495325447,-0.08800304960934113,1.9091882783479235,0.610462964130606,2.0044113631578306,-0.201640813114564
1781078805.6616814,273.062695980072,149.152952070786,-157.49751969090485,-0.6037385337701551,-0.08714210913095144,1.9107623497729818,0.6099950527198784,2.0057683619133826,-0.20221534578325676
1781078805.7604678,273.16148233413696,149.152952070786,-157.49751969090485,-0.6063749569091783,-0.09161594254163674,1.9101125301696709,0.6132569357898859,2.006144049465437,-0.2012900533779509
1781078805.861058,273.2620725631714,149.152952070786,-157.49751969090485,-0.6073800128423557,-0.08946815053164414,1.9105986677172926,0.6139340599444968,2.006813967223426,-0.20061982407990384
1781078805.9604268,273.3614413738251,149.15085542329263,-157.49862671497104,-0.6000652134173095,-0.09018132535123868,1.9090384479816718,0.6068038660025717,2.0031571899548815,-0.20212612314265227
1781078806.061139,273.462153673172,149.14980707113122,-157.49862669860426,-0.6028369506993272,-0.0888995789827618,1.9088553370534784,0.609356647844081,2.003757525767358,-0.2007412811999043
1781078806.1605473,273.56156182289124,149.14980707113122,-157.49862669860426,-0.6005690757218645,-0.0854753182096033,1.9125129334420583,0.6066211706958862,2.006413458218319,-0.2017271852520151
1781078806.260483,273.661497592926,149.14980707113122,-157.49862669860426,-0.6039230986619373,-0.08930870376434541,1.9105951580977978,0.6104909120253172,2.0057599586720873,-0.20077121206204127
1781078806.3604083,273.76142287254333,149.14980707113122,-157.49862669860426,-0.6028384875379231,-0.08599948556815207,1.9091691600797536,0.6089418310273959,2.00393039683883,-0.20355429777286216
1781078806.4607203,273.86173486709595,149.14980707113122,-157.49862669860426,-0.6013599523853088,-0.08689002696209513,1.9115483121945327,0.6076048626519824,2.0057917685971547,-0.20277763043240069
1781078806.5619946,273.9630091190338,149.1498076254499,-157.49862625407144,-0.6030619756402587,-0.0855257502642246,1.910714527435324,0.6090963802399342,2.0054496766994143,-0.2029145457714621
1781078806.6605847,274.06159925460815,149.1498076254499,-157.49862625407144,-0.6032119336374535,-0.0914901393317109,1.9112791769670225,0.6101107132951948,2.006295884156998,-0.2010226041742826
1781078806.7606795,274.1616940498352,149.1498076254499,-157.49862625407144,-0.5989615104356005,-0.08453441630459224,1.9100638122574762,0.6048974776962243,2.0035580164843787,-0.2019259773745723
1781078806.8605144,274.26152896881104,149.14980760217182,-157.49862622922691,-0.6006454173514442,-0.08924205561521603,1.9116006749951198,0.607238883698763,2.00573083999761,-0.20300489708273328
1781078806.9612672,274.3622817993164,149.14980759274044,-157.49751922365127,-0.6022985825557328,-0.09142662773822963,1.911913301180564,0.6091981703914003,2.006622755287947,-0.20169471836292388
1781078807.0605268,274.46154141426086,149.15085592170965,-157.49751921485097,-0.6015731510887008,-0.08969717377448205,1.9092194344517472,0.6082235108033218,2.003760137337343,-0.20037390214785947
1781078807.1607306,274.56174516677856,149.15085592170965,-157.49751921485097,-0.6034923787279922,-0.09011149329535328,1.9110008180017986,0.6101828680049031,2.0060526560412697,-0.20028499790464546
1781078807.2620168,274.6630313396454,149.15085592170965,-157.49751921485097,-0.6027580008337452,-0.08966327676350261,1.9115963721220794,0.6093904419738315,2.0063791766960097,-0.2015807044077513
1781078807.3613641,274.76237869262695,149.15085592170965,-157.49751921485097,-0.6008693643627794,-0.09028387325025733,1.91194435947762,0.6076143273481946,2.006172077499108,-0.20242402997726716
1781078807.461103,274.8621175289154,149.15085592170965,-157.49751921485097,-0.6032855778943258,-0.08834766727994747,1.9088283072453083,0.6097202627509594,2.0038423853562155,-0.20017033910707432
1781078807.5603106,274.9613251686096,149.15085592170965,-157.49751921485097,-0.6011983102861223,-0.08857174149960656,1.9115549949273463,0.6076877172390123,2.0058232375548073,-0.2006877028897929
1781078807.7604952,275.16150975227356,149.15085589843156,-157.49751919000647,-0.6015498047163135,-0.08603694957636776,1.9114674893768346,0.6076713949550706,2.0057348995296516,-0.20485812908088896
1781078807.8602667,275.26128125190735,149.15085588900018,-157.4964121835541,-0.5994258856532895,-0.08400863309705642,1.9117033109102743,0.6052841009196147,2.005237739464169,-0.2036234659417323
1781078807.9604318,275.36144638061523,149.15085594498774,-157.4975192396955,-0.6026578188400151,-0.08758755363155046,1.9099981282996703,0.6089893481500018,2.004734614922486,-0.19991548957604705
1781078808.0604787,275.4614932537079,149.15085595441911,-157.49862624527114,-0.6029676259911696,-0.08637459871721376,1.9119762108033675,0.6091227538821602,2.006659801753897,-0.20172952106172906
1781078808.1604445,275.56145906448364,149.15085597761131,-157.49862627043822,-0.6027495794916149,-0.08922468075925849,1.9057404912655775,0.6093177325779303,2.0007785782747365,-0.19890855476168098
1781078808.2601876,275.6612021923065,149.15085597761131,-157.49862627043822,-0.6015105987940217,-0.08897121092007865,1.9100707955818244,0.6080549949092826,2.004520222140129,-0.20257828008433024
1781078808.359944,275.7609586715698,149.15085597761131,-157.49862627043822,-0.6032016781720699,-0.08876624594310556,1.9058855338289657,0.6096980490115032,2.001032578202303,-0.19824199184244523
1781078808.460441,275.8614556789398,149.15085597761131,-157.49862627043822,-0.6018112790237922,-0.0864926790639231,1.9053398570444067,0.6079949005476176,1.9999944424757554,-0.20111374718489958
1781078808.5600195,275.96103405952454,149.15085597761131,-157.49862627043822,-0.6036087839381423,-0.08828675278294895,1.90388895538383,0.6100312408100429,1.9992326701003993,-0.20107953775434848
1781078808.6599567,276.0609712600708,149.15190428176302,-157.49862623661284,-0.6036496134251195,-0.08951865969029882,1.9087111637798364,0.610251133731879,2.0038924005442063,-0.1999308297801176
1781078808.7604089,276.1614234447479,149.15190428176302,-157.49862623661284,-0.6021985359725477,-0.08527151403583844,1.9105969027522869,0.608205810423942,2.005067288806058,-0.20062813128258772
1781078808.8607228,276.26173734664917,149.15190428176302,-157.49862623661284,-0.6021410064343797,-0.08560131497497991,1.911602094448595,0.6081951798191544,2.006021920183204,-0.20145387235659176
1781078808.960638,276.36165261268616,149.15190428176302,-157.49862623661284,-0.604283823974896,-0.08556473628814842,1.9091649388335763,0.610311612222628,2.0043430414191072,-0.20410755942192924
1781078809.0606892,276.46170377731323,149.15190428176302,-157.49862623661284,-0.6033315937930581,-0.0890052277293023,1.9099861711869854,0.6098614126439028,2.00498830838425,-0.20105084915081634
1781078809.1615741,276.5625886917114,149.15190428176302,-157.49862623661284,-0.6026667595065192,-0.08609061219667069,1.9063082626980294,0.6087847045733706,2.001157167479173,-0.20056153460818205
1781078809.2601094,276.6611239910126,149.15190428176302,-157.49862623661284,-0.6018324166266495,-0.08723375458745863,1.9069058887264698,0.6081216865415161,2.001524932170915,-0.2007103465911463
1781078809.3606858,276.7617003917694,149.15295261125803,-157.49862622754154,-0.6038379287454632,-0.08810390365360377,1.906995301863391,0.6102315478821253,2.0022521378087377,-0.2013886795415174
1781078809.4600837,276.86109828948975,149.1529526018266,-157.4975192219659,-0.6052536802704083,-0.08972393358320119,1.9070951757280368,0.6118679610328656,2.0028465770057546,-0.19947186253750707
1781078809.5605583,276.9615728855133,149.1529526018266,-157.4975192219659,-0.602663330548836,-0.08735107975746814,1.906586289216277,0.6089608371012138,2.0014756004884258,-0.20256229296810876
1781078809.6621716,277.06318616867065,149.1529525785485,-157.4975191971214,-0.606073555331875,-0.09075261564117909,1.91118621781644,0.6128304755136896,2.007036111007932,-0.1976818426494182
1781078809.7641683,277.1651828289032,149.1529525785485,-157.4975191971214,-0.6044173048593393,-0.09266157353391691,1.9108764631745887,0.6114789003908548,2.006328812318119,-0.20041127146276894
1781078809.860669,277.2616834640503,149.1529525785485,-157.4975191971214,-0.6041105716016659,-0.08792478169948481,1.9073856121148853,0.6104755113497949,2.002698235696199,-0.19986432660409628
1781078809.960615,277.361629486084,149.15190429591556,-157.49751925514656,-0.6020270680971009,-0.08596576493627595,1.9054261002000306,0.6081337874700521,2.0001188281665083,-0.2023023904554836
1781078810.0606904,277.4617049694061,149.1519042867041,-157.49641224872,-0.6027712605493889,-0.09127759751777376,1.9093848180773243,0.6096431680523583,2.004349065371871,-0.20059297149779412
1781078810.160232,277.56124663352966,149.1508559826383,-157.4964122822228,-0.6040042930276286,-0.09058180002662652,1.9065838100869696,0.610758748191026,2.002020997236946,-0.19995291739598764
1781078810.2604702,277.66148471832275,149.1508559826383,-157.4964122822228,-0.6019079400521719,-0.08972330321572031,1.909310787028365,0.6085584930290506,2.0039488818082822,-0.20115393347004365
1781078810.3601491,277.76116371154785,149.1519043099822,-157.4964122735645,-0.6058585399037213,-0.09172251047797886,1.9086939617501926,0.6127622616501868,2.0046421697959707,-0.19991983088662726
1781078810.461035,277.86204957962036,149.1519043099822,-157.4964122735645,-0.604556453793407,-0.08817140810191404,1.9087508005514533,0.6109522919426148,2.004143787664884,-0.2051611712578451
1781078810.5608256,277.9618401527405,149.1519043099822,-157.4964122735645,-0.6032710082695587,-0.08981531948060706,1.9100510036875311,0.6099202415332463,2.005067963366758,-0.2006947436918335
1781078810.6609712,278.0619857311249,149.1519043099822,-157.4964122735645,-0.604342483083343,-0.08999961215914709,1.9082672596533934,0.6110071743016916,2.00370000282308,-0.20347519023491722
1781078810.7605503,278.16156482696533,149.1519043099822,-157.4964122735645,-0.6024198598767043,-0.09245232519606361,1.9084032202719805,0.6094728213858488,2.0033621667468147,-0.20021826107749477
1781078810.8610973,278.26211190223694,149.1519043099822,-157.4964122735645,-0.60323787403712,-0.0880751369648749,1.905443006017127,0.6096336296696613,2.000591465443105,-0.20365437770560924
1781078810.9602942,278.3613088130951,149.15190426342602,-157.4964122238755,-0.6030368432328714,-0.08605953772797648,1.911464932648785,0.6091466804721337,2.0061799189195977,-0.2020313079236235
1781078811.0614498,278.46246433258057,149.1519042400139,-157.49641219912095,-0.6026023763440662,-0.09275637019604233,1.9113983447788705,0.609699408058972,2.0062843768047607,-0.201264479365134
1781078811.1601348,278.5611493587494,149.15190421634406,-157.49641217489582,-0.6025558117795242,-0.08992600904494452,1.9132509910300997,0.6092291797115703,2.007906757817626,-0.19926837501474362
1781078811.2608085,278.6618230342865,149.15190421634406,-157.49641217489582,-0.6045638561730584,-0.08986523051365225,1.914485154645265,0.6112063610975513,2.0096832146393657,-0.2019579338097508
1781078811.3604681,278.7614827156067,149.15190421634406,-157.49641217489582,-0.60503994999209,-0.0926452251086971,1.9096226719211298,0.6120918875641728,2.005321726790259,-0.20008483169277425
1781078811.4603674,278.8613820075989,149.15190421634406,-157.49641217489582,-0.6027197127042996,-0.08831998920746287,1.9095654559922652,0.6091563613522885,2.0043731447250304,-0.20144665174034015
1781078811.5610757,278.96209025382996,149.15190420730443,-157.49530516826243,-0.6028069221102896,-0.09059570677004558,1.912371881787367,0.6095767116854489,2.0071746266033257,-0.19935205641842985
1781078811.660802,279.0618164539337,149.15295253649356,-157.49530515948794,-0.6043213898490194,-0.09213249639344667,1.9128617534744092,0.6113041298083458,2.008166533688362,-0.20190350063656412
1781078811.7611418,279.1621563434601,149.15295253649356,-157.49530515948794,-0.6047424495228029,-0.09314530794580378,1.9097679164848058,0.6118737440413328,2.005393470988144,-0.19922654734038886
1781078811.863301,279.2643156051636,149.15295253649356,-157.49530515948794,-0.6038968246118941,-0.08912193720121309,1.9088711033335177,0.6104376253695588,2.004101540244043,-0.20266736583465
1781078811.9631565,279.3641710281372,149.15190419306597,-157.49641214961298,-0.6037123123943218,-0.08800445328407136,1.9136792719835238,0.6100928945122435,2.008577032616304,-0.2015965629677082
1781078812.063589,279.46460366249084,149.15190420227742,-157.49751915603954,-0.6052898189606992,-0.09138429298721462,1.9138204381179265,0.6121493722468799,2.0093370855334705,-0.20044930389668916
1781078812.1604695,279.56148409843445,149.15085587493354,-157.49751916469782,-0.6000635887000385,-0.08582410290594567,1.9131970516287795,0.6061700150314095,2.006929257717928,-0.20302084854292668
1781078812.2609391,279.66195368766785,149.15190420227742,-157.49751915603954,-0.6026739719476382,-0.08868615496942311,1.9146664411649508,0.6091643050494694,2.0092358576010088,-0.2003737165831547
1781078812.3601243,279.7611389160156,149.15190420227742,-157.49751915603954,-0.6047755246753184,-0.0895976469592199,1.9120066368924729,0.6113764581556405,2.007374044145186,-0.2018780377237028
1781078812.460639,279.8616535663605,149.15190420227742,-157.49751915603954,-0.6042528148568636,-0.09091068985063089,1.9155073997588428,0.6110533673841922,2.01061055809484,-0.20056576076349772
1781078812.5606961,279.961710691452,149.15190420227742,-157.49751915603954,-0.602140617889205,-0.08788914192638231,1.9144820741086586,0.608521014411622,2.0088652112732555,-0.20205514904155197
1781078812.660346,280.0613605976105,149.15190420227742,-157.49751915603954,-0.6042833629481379,-0.08927254414317076,1.915057792837734,0.6108420171154775,2.010117986532691,-0.20234271371666013
1781078812.7606702,280.1616847515106,149.15190420227742,-157.49751915603954,-0.6052701884777605,-0.09128623698865113,1.913097550122442,0.6121153307371511,2.008638198981574,-0.20006643092398432
1781078812.8626995,280.2637140750885,149.15190420227742,-157.49751915603954,-0.6036901363067955,-0.08704481456271651,1.911807550197299,0.6099332589852557,2.006745297592042,-0.20154143619241313
1781078812.9611516,280.36216616630554,149.15085589843156,-157.49751919000647,-0.6038138822815995,-0.08592879142506149,1.9123279858573667,0.6098975009226952,2.00723025264294,-0.20507127029423702
1781078813.0612736,280.4622881412506,149.14980756946235,-157.49751919880677,-0.6017277490399522,-0.09372254804310387,1.9133963845622397,0.6089829225654686,2.0079705984979537,-0.20028780505185145
1781078813.1616225,280.562637090683,149.1487592648708,-157.49751923258057,-0.6011862295513026,-0.09083926127340192,1.910153480339202,0.6080104061533889,2.0045854864392227,-0.19928839170940155
1781078813.2611628,280.66217732429504,149.1487592648708,-157.49751923258057,-0.6019046284997955,-0.09109083450789512,1.9077242637839993,0.6087583444527243,2.0024980870330498,-0.20048586319907702
1781078813.3613203,280.7623348236084,149.1487592648708,-157.49751923258057,-0.5998406818610533,-0.09095620573350516,1.907940511871307,0.6066975152223463,2.0020786377704334,-0.20085521138585669
1781078813.460811,280.861825466156,149.1487592648708,-157.49751923258057,-0.6017345246060586,-0.09174482354598013,1.9092361837314256,0.6086883855885229,2.003917252787575,-0.19893885122745902
1781078813.56055,280.96156454086304,149.1487592648708,-157.49751923258057,-0.6031677366532904,-0.09181700418179162,1.9098508450643867,0.6101161207478231,2.0049368895777055,-0.19955888586192722
1781078813.6613984,281.0624129772186,149.1487592648708,-157.49751923258057,-0.6035015588913666,-0.08820382026294737,1.9116481818986004,0.6099131458603658,2.0065873558979463,-0.20227145075735467
1781078813.7613616,281.16237616539,149.14980758339496,-157.49641221687634,-0.6026460489634928,-0.09046187991387455,1.9128220188791576,0.6093977453591873,2.007549174480615,-0.20205702158378258
1781078813.8617349,281.26274943351746,149.14980758339496,-157.49641221687634,-0.6026005927242011,-0.09192356645286281,1.9117333697752001,0.6095715023038498,2.006564699563165,-0.19884434536027237
1781078813.9602876,281.3613021373749,149.14980756003092,-157.49641219235443,-0.6019946104091218,-0.08974249776329657,1.914014807435052,0.608647046215149,2.0084580926539304,-0.20079455293217707
1781078814.0611525,281.4621670246124,149.14980756003092,-157.49641219235443,-0.6004456727903005,-0.09000105972609163,1.910130660862238,0.6071533551948931,2.0043039535685265,-0.2000268479157401
1781078814.1604817,281.561496257782,149.14980756003092,-157.49641219235443,-0.6035664807513683,-0.09251393811007347,1.913142166524628,0.6106155299623703,2.0082241594916077,-0.19836584086681378
1781078814.260926,281.661940574646,149.14980756003092,-157.49641219235443,-0.6030409073453598,-0.09071200596224571,1.9112896503353187,0.6098253880887621,2.0062191135158978,-0.200464988881462
1781078814.3606737,281.7616882324219,149.14980753675283,-157.49641216707155,-0.6040428890926819,-0.0881898393410836,1.9133653189688524,0.610446770510288,2.008385446934731,-0.20315889496079267
1781078814.4616919,281.8627064228058,149.1508558657221,-157.49641215827126,-0.6034464763521612,-0.09056310908343335,1.9152344942921478,0.6102043318009938,2.010092658231256,-0.2011973256897541
1781078814.5608106,281.96182513237,149.1508558657221,-157.49641215827126,-0.603968112803102,-0.09148924311588758,1.9113357042570724,0.6108582183198148,2.006577169524446,-0.19919463051247968
1781078814.661125,282.0621395111084,149.1508558657221,-157.49641215827126,-0.6023253710433778,-0.08860439472616122,1.9134309424812892,0.6088075158597601,2.007950338781357,-0.2039671819169132
1781078814.7637005,282.164715051651,149.15085584230997,-157.49641213307837,-0.6016056181927922,-0.08778758587425273,1.9142529381893998,0.6079769568616569,2.0084820864128985,-0.20072908074649218
1781078814.8608508,282.26186537742615,149.15085584230997,-157.49641213307837,-0.6013480264810482,-0.09160619012067173,1.914414358511271,0.6082854124677627,2.008729319518983,-0.20337557283097601
1781078814.9613008,282.36231541633606,149.15085584230997,-157.49641213307837,-0.6007487954380792,-0.08887051794664558,1.9145715227527251,0.6072866573377091,2.0085769091364405,-0.20035492103312927
1781078815.0608454,282.46185994148254,149.15190416965385,-157.49641212442006,-0.6029340072097682,-0.09228665392765834,1.9148028140308784,0.6099559357389616,2.0096059464889535,-0.20211030334879704
1781078815.161307,282.56232166290283,149.15190414637576,-157.4964121000139,-0.602063176817552,-0.08915857465794375,1.912648224004858,0.6086290498445494,2.0071503553803876,-0.20083361458575535
1781078815.2617757,282.6627902984619,149.15295247556494,-157.49641209123942,-0.6030586034990222,-0.08853475368653108,1.9163165217137197,0.6095228312906135,2.0109169782110587,-0.19982344868438584
1781078815.3602839,282.76129841804504,149.15295247556494,-157.49641209123942,-0.6038381234753274,-0.08980570955159806,1.9166023359654638,0.6104797661104508,2.011479569634885,-0.2036028971453502
1781078815.460724,282.8617386817932,149.15295245206693,-157.49641206636912,-0.6034285708313973,-0.08843164848187257,1.916859730725398,0.6098739185674726,2.011541056957449,-0.20088437933516132
1781078815.5607293,282.9617438316345,149.15295245206693,-157.49641206636912,-0.6057346971997788,-0.0911640031472416,1.9170154108560868,0.6125564454493463,2.012504281814394,-0.19991588768180185
1781078815.6617782,283.06279277801514,149.15295245206693,-157.49641206636912,-0.6068995195452658,-0.08713480467491763,1.916022090344483,0.6131227454678309,2.0117306359694513,-0.20341737230467552
1781078815.76063,283.16164445877075,149.15295245206693,-157.49641206636912,-0.6010734362381811,-0.09067533326208377,1.9170474020079966,0.607874404637475,2.0111146246196347,-0.20343108384180503
1781078815.8607354,283.26174998283386,149.15295244294134,-157.4953050600583,-0.6050175881393614,-0.09213137347254019,1.9151059790441827,0.6119922155844031,2.0105137111958933,-0.20029834468965746
1781078815.963045,283.3640594482422,149.15295244294134,-157.4953050600583,-0.6029307460489406,-0.0882408499187477,1.9129775646287337,0.609353700346125,2.0076840127117603,-0.20328286170380022
1781078816.0632064,283.4642210006714,149.15295246621946,-157.4953050849028,-0.6055822933514037,-0.0898981065497253,1.9153744015969445,0.6122185750056685,2.010838303264294,-0.2038106503389206
1781078816.162461,283.5634756088257,149.15190361533516,-157.49641256895288,-0.6026250818440246,-0.09244448115973114,1.915050851115369,0.609674479836912,2.0097568842330427,-0.2019489137993954
1781078816.2613835,283.6623980998993,149.15085482152475,-157.496412093567,-0.6020190928090869,-0.08955256960788915,1.9100369114579152,0.6086432870163376,2.0046664695060232,-0.20121275216563256
1781078816.3616807,283.7626953125,149.15085482152475,-157.496412093567,-0.6016555365500551,-0.08914426628453498,1.910381825226576,0.6082237128497563,2.0048677769440975,-0.20092758256753393
1781078816.460678,283.86169266700745,149.15085482152475,-157.496412093567,-0.6012197411886007,-0.08905848799713567,1.913736764314232,0.6077800518931367,2.0079305253337654,-0.20027207660205087
1781078816.56056,283.96157455444336,149.15085482152475,-157.496412093567,-0.6019238599472203,-0.08946731883756343,1.913942714409698,0.6085365513375044,2.0083559067943377,-0.20221611266916167
1781078816.6604464,284.0614609718323,149.15085482152475,-157.496412093567,-0.6018218141593366,-0.08715937457282052,1.912550914042918,0.6081005283454046,2.0068974192470233,-0.20335541300400398
1781078816.7608645,284.1618790626526,149.15085482152475,-157.496412093567,-0.6029724530148428,-0.09253029531330981,1.9148251157876033,0.6100308472901228,2.0096499343658123,-0.20086217166459852
1781078816.8634694,284.2644839286804,149.15085482152475,-157.496412093567,-0.6007778889957649,-0.08835876485190397,1.9107545481131676,0.6072407621630499,2.00492500766675,-0.20318263805188852
1781078816.9615183,284.3625328540802,149.15085482152475,-157.496412093567,-0.6011166272112689,-0.08910473236994676,1.9140037624276738,0.6076848301879614,2.008156183026575,-0.20000715310112915
1781078817.0604177,284.46143221855164,149.15085482152475,-157.496412093567,-0.6017235173713971,-0.09049075627677894,1.9128526959637975,0.6084897438160723,2.0073029678614334,-0.20068323809430438
1781078817.1612468,284.5622613430023,149.1508553346815,-157.49641262808692,-0.6048173430156112,-0.09054534254804025,1.9117644678250838,0.6115574196014675,2.00719850984105,-0.20199175209482206
1781078817.2613978,284.66241240501404,149.15085534411287,-157.4975196345393,-0.6038508816905903,-0.09141025248456458,1.9098415746813415,0.6107304819458377,2.005115099429233,-0.19962020006438183
1781078817.3605428,284.76155734062195,149.15085534411287,-157.4975196345393,-0.6025659400420693,-0.08635273545667133,1.9122124573520107,0.6087220277102123,2.0067633116717696,-0.20177928928989455
1781078817.4607306,284.86174511909485,149.15085534411287,-157.4975196345393,-0.600855678352076,-0.09009728952926821,1.911891545804104,0.6075730966628247,2.0061092569213823,-0.20326949511739267
1781078817.5613227,284.9623372554779,149.1508553346815,-157.49641262808692,-0.6043381721979699,-0.0927011554301771,1.909334596368759,0.6114066818359716,2.0048383305105486,-0.2002602421144814
1781078817.662783,285.06379747390747,149.1508553346815,-157.49641262808692,-0.6008383584458272,-0.08913169526414322,1.9125685820894172,0.6074135264221043,2.0067062000392735,-0.20172868378264294
1781078817.7635128,285.16452741622925,149.1508553346815,-157.49641262808692,-0.6051337869557472,-0.09126276836053648,1.9135173521313256,0.6119769546349213,2.008995881009195,-0.1988239783726547
1781078817.8611925,285.26220703125,149.1508553346815,-157.49641262808692,-0.6010534781937338,-0.09023447784485938,1.9121133061112972,0.6077890626201821,2.00638601471616,-0.20207065533469692
1781078817.960996,285.3620104789734,149.14980702907627,-157.49641266140915,-0.6026418505638276,-0.09049695275064096,1.9075192963756709,0.6093988008752121,2.002497631597521,-0.20098698446632077
1781078818.060582,285.46159648895264,149.1487587338302,-157.49751970195788,-0.5996421247854187,-0.08984770470257786,1.904654944788458,0.606335952964603,1.9988380991377508,-0.19976713598882145
1781078818.161102,285.5621166229248,149.1487587338302,-157.49751970195788,-0.6006193347644171,-0.08866187665495318,1.9074081250222368,0.6071280867039747,2.00170184319885,-0.2009487327853927
1781078818.2605965,285.6616110801697,149.14875872492453,-157.49641269479616,-0.5996396077490829,-0.09101913506898995,1.9104570041691344,0.6065081550401289,2.0044196434152917,-0.20051692608749308
1781078818.3620737,285.76308822631836,149.14875872492453,-157.49641269479616,-0.5993462737049242,-0.0877508774458704,1.906293116657232,0.605736058276621,2.0002173929128904,-0.20438575570610074
1781078818.4616654,285.8626799583435,149.14875872492453,-157.49641269479616,-0.6015110775441883,-0.09054441318431827,1.9065082681384882,0.6082876516642953,2.0011965529771634,-0.20027177735729912
1781078818.5628092,285.9638237953186,149.14875872492453,-157.49641269479616,-0.5985097217790099,-0.08857054075005522,1.9059764658192873,0.6050277908929018,1.99970120668307,-0.20128609018265228
1781078818.661745,286.06275963783264,149.14875872492453,-157.49641269479616,-0.6009441431411062,-0.09089211897872929,1.9106726320189493,0.6077789404611201,2.0050100117491336,-0.19971340433406742
1781078818.7604597,286.1614742279053,149.14875927924322,-157.49641225026335,-0.5998403878594445,-0.09400029605853888,1.9084209622025403,0.6071610548828554,2.0026769873198553,-0.20144439986610035
1781078818.8616328,286.2626473903656,149.14875927924322,-157.49641225026335,-0.6010166717794618,-0.0884159089818013,1.9070591529039742,0.6074853189320212,2.001477710441154,-0.2025536596684204
1781078818.9617174,286.36273193359375,149.14875927924322,-157.49641225026335,-0.6009238015603842,-0.0890760439083067,1.9069636709047335,0.607489882121619,2.001388118039726,-0.20090223868013793
1781078819.0609412,286.46195578575134,149.14771095027402,-157.49641225906365,-0.5983801358941605,-0.09254360326141864,1.9088893024814881,0.6054941003323822,2.0026186543287725,-0.2003094432675074
1781078819.1660745,286.56708908081055,149.14771095027402,-157.49641225906365,-0.6000366088212559,-0.09123365652192206,1.9073859360440855,0.6069328727364114,2.001621497942817,-0.20065981001982208
1781078819.2608101,286.66182470321655,149.14771095027402,-157.49641225906365,-0.595998528212931,-0.08700770106662503,1.9051130156204623,0.602316018114145,1.9980591052227086,-0.20422673661206797
1781078819.360823,286.7618374824524,149.14875927924322,-157.49641225026335,-0.601398823962171,-0.09185310188024687,1.9070679741260337,0.608372860824762,2.0017556783297206,-0.19946736874581752
1781078819.462142,286.86315655708313,149.14875927924322,-157.49641225026335,-0.6004236113591901,-0.08962324560610568,1.906816095618049,0.6070756453940349,2.001121800825388,-0.20174488068817487
1781078819.561234,286.9622485637665,149.14875926989777,-157.4953052443651,-0.5995479142590625,-0.08984754104591275,1.9082054643614097,0.6062427584098544,2.0021933913443855,-0.20336951338226328
1781078819.6626549,287.0636694431305,149.14875926989777,-157.4953052443651,-0.5989851689440684,-0.0924042412198105,1.9073047233517084,0.6060707684836508,2.0012828596003365,-0.20239472923011026
1781078819.760614,287.16162848472595,149.14875926989777,-157.4953052443651,-0.5999736654176786,-0.09253685444957682,1.9091188548874491,0.6070679275222393,2.0033138223236295,-0.2003798449203155
1781078819.8618095,287.2628240585327,149.14875926989777,-157.4953052443651,-0.597657161272906,-0.08846261974323966,1.9107067925702186,0.6041686167889105,2.0039511382981865,-0.20148380116281817
1781078820.0622408,287.463255405426,149.14980758339496,-157.49641221687634,-0.5996408694762181,-0.0911860288719879,1.912095324156849,0.6065344707497158,2.0059891806463273,-0.20136471251751523
1781078820.1614604,287.5624749660492,149.14980756003092,-157.49641219235443,-0.5981478459390246,-0.08659015211171095,1.9131074969835624,0.6043829084646788,2.00630481110397,-0.20165896728304147
1781078820.2949615,287.69597601890564,149.14980756003092,-157.49641219235443,-0.5997479418252283,-0.09263477479356652,1.9100913053937583,0.6068597821776066,2.004177534592553,-0.20159846947139282
1781078820.343274,287.7442886829376,149.14980756003092,-157.49641219235443,-0.5967555060486234,-0.08332389141841645,1.9140709430857301,0.6025446082079373,2.0066707702175646,-0.20176732519561236
1781078820.4613008,287.86231541633606,149.1498075509054,-157.49530518604362,-0.6020554104007374,-0.09356931221671516,1.9107642559715794,0.6092831307212677,2.005553782694479,-0.20071446626642747
1781078820.560478,287.96149253845215,149.1498075509054,-157.49530518604362,-0.6019783235801128,-0.09480802998342597,1.9124378591066433,0.609398444869743,2.0071833572332305,-0.20023274733586383
1781078820.6610193,288.06203389167786,149.1498075509054,-157.49530518604362,-0.5974930656753941,-0.08339436059469563,1.9143515287463628,0.6032848273487232,2.0071607704722396,-0.19989588580270196
1781078820.7612836,288.16229820251465,149.1508558796547,-157.49530517721752,-0.6008818138377592,-0.08524725251109544,1.9131051920609579,0.6068987133465072,2.0070619133829033,-0.2027256213259617
1781078820.8614848,288.262499332428,149.1498075509054,-157.49530518604362,-0.6019837613488903,-0.09107208623208862,1.912846333954888,0.608833781765124,2.0074012232593357,-0.19984969305248426
1781078820.9615326,288.36254715919495,149.14980759274044,-157.49751922365127,-0.6001286196238311,-0.08876217470674419,1.9122771537950705,0.6066573033849305,2.006199640284299,-0.20284963482894983
1781078821.0608625,288.46187710762024,149.14875928814888,-157.49751925742507,-0.5976685955331504,-0.08182465182926535,1.9106720465890277,0.6032437515080857,2.0036393620984425,-0.20060383119934683
1781078821.160686,288.5617005825043,149.14875928814888,-157.49751925742507,-0.5947631949360641,-0.08001640489129613,1.9111483494636923,0.6001215569384943,2.0031559841310607,-0.20203923197384135
1781078821.2609093,288.66192388534546,149.14875928814888,-157.49751925742507,-0.5962952365714784,-0.08153858155165494,1.9110625863279553,0.6018442900279867,2.0035909658165725,-0.20198710565215613
1781078821.3611515,288.7621660232544,149.14875928814888,-157.49751925742507,-0.5969217121189274,-0.0817371388146455,1.9120258264308734,0.6024919005767598,2.0047042802366786,-0.20539014283324283
1781078821.460637,288.86165165901184,149.1487587338302,-157.49751970195788,-0.5978396864601336,-0.08228594960124269,1.9113545451112075,0.603475988096071,2.0043601136836164,-0.20483611822556885
1781078821.5609393,288.9619538784027,149.14875824395153,-157.4975191927208,-0.5981908814181338,-0.08161765115548292,1.9095327959291635,0.6037331957014969,2.0027004944127293,-0.20237294628486563
1781078821.6618326,289.0628471374512,149.14875824395153,-157.4975191927208,-0.5998182542766699,-0.08653809009280167,1.9106399478513787,0.606028695030542,2.0044489989834964,-0.20297457390327295
1781078821.760682,289.1616966724396,149.14875879510427,-157.49751874489692,-0.5979377308659366,-0.08156512253131609,1.911382380421404,0.6034752680985807,2.004386440632656,-0.2025193799790347
1781078821.8605826,289.26159715652466,149.1487587861986,-157.4964117377352,-0.5977547525607179,-0.08354634743986367,1.9130260537235049,0.6035650224950643,2.005980911824535,-0.20278252963026128
1781078821.9612904,289.3623049259186,149.15085596848576,-157.49751926412742,-0.6005048655858332,-0.08370352426607042,1.9109191045193537,0.6063104597207772,2.004800288703059,-0.20196875028998262
1781078822.06026,289.46127462387085,149.15085597761131,-157.49862627043822,-0.6001812506988529,-0.08012535353356043,1.9090705747825691,0.6055060742629402,2.0027950632728166,-0.20562937834421144
1781078822.1607976,289.5618121623993,149.15190432875906,-157.49862628635344,-0.6040088530785681,-0.085935275758942,1.9109731630512672,0.610091440865263,2.0059985035186885,-0.20141256204215172
1781078822.2607489,289.6617634296417,149.15190432875906,-157.49862628635344,-0.6000422755617194,-0.08057826467214113,1.9103817041700057,0.6054284344155467,2.004021418255393,-0.2032018279165748
1781078822.360315,289.7613296508789,149.15190432875906,-157.49862628635344,-0.600967817032199,-0.08186516678509292,1.910043116163883,0.6065181140256223,2.0040281755120692,-0.20021744239719833
1781078822.4615395,289.86255407333374,149.1529526579482,-157.49862627757895,-0.6065777919456821,-0.08531961178275083,1.9079455803850929,0.6125488175129052,2.0038643645585066,-0.20136300815085373
1781078822.562188,289.96320247650146,149.15190431932768,-157.49751928033945,-0.6088590998181758,-0.08827915554110177,1.9079719375435715,0.6152256600097636,2.0047093373325273,-0.19909661145082444
1781078822.6624672,290.06348180770874,149.151903765009,-157.49751972487226,-0.6081403024374481,-0.08710051829703502,1.9083931410251038,0.6143460976813664,2.004840519454848,-0.20071998107598965
1781078822.7606738,290.1616883277893,149.15190327513034,-157.49751921563518,-0.6046565110376321,-0.08500158849105333,1.9091436839824112,0.6106019705063229,2.004411228385068,-0.2006711592933939
1781078822.861733,290.2627475261688,149.15190327513034,-157.49751921563518,-0.6091937333854673,-0.08840177079213163,1.9102332042144008,0.6155744291922045,2.006968552907226,-0.1990547729386151
1781078822.9608185,290.36183309555054,149.1519032517182,-157.4975191904423,-0.6087697810519899,-0.08981256512825553,1.910143598568264,0.6153591984987344,2.0068172588275996,-0.19903140349725124
1781078823.0613973,290.46241188049316,149.1508549007904,-157.49751917499123,-0.6044136532222808,-0.08850573333083389,1.9107267679469349,0.6108593365365976,2.0059974852384217,-0.20138792897600546
1781078823.1617346,290.56274914741516,149.1508549007904,-157.49751917499123,-0.6082134092441152,-0.08933442203476716,1.9113735734529786,0.6147391236489145,2.007798079349376,-0.19969091030038097
1781078823.263191,290.66420555114746,149.15085486816682,-157.49641214337177,-0.606787403958748,-0.0925293256694033,1.9143870250719142,0.6138017837313862,2.0103806384551968,-0.19877510017483038
1781078823.3625648,290.7635793685913,149.15085486816682,-157.49641214337177,-0.602221593364618,-0.08932560089661479,1.910206679063272,0.6088102417750219,2.004878915852051,-0.20450644295332468
1781078823.4606664,290.86168098449707,149.15085486816682,-157.49641214337177,-0.6064335065035493,-0.09104362868882276,1.9129651061989115,0.6132295982215948,2.0088519202941844,-0.1978661418998846
1781078823.5604231,290.96143770217896,149.15085486816682,-157.49641214337177,-0.605235577394609,-0.08886252545414663,1.9153205482854123,0.6117243272702784,2.0106365796082115,-0.20265823196621288
1781078823.6607444,291.06175899505615,149.15085486816682,-157.49641214337177,-0.6061308547178044,-0.08821323890234112,1.9126198253403273,0.6125162761580932,2.0083054510814438,-0.2000506099288972
1781078823.7611337,291.1621482372284,149.15190319581654,-157.4964121344167,-0.6062789157814166,-0.0863152518327297,1.9159599510723646,0.6123923957888745,2.011448975374035,-0.204669453302171
1781078823.8614583,291.2624728679657,149.15190319581654,-157.4964121344167,-0.6027920123253807,-0.08832163417255856,1.910334765687715,0.6092281355832092,2.005127885742286,-0.20472151272350927
1781078823.9624202,291.36343479156494,149.15190374696928,-157.4964116865928,-0.6058097576176067,-0.08933243185961715,1.912925505957865,0.6123607970850653,2.008549162243934,-0.20365871922379064
1781078824.0619538,291.4629683494568,149.15085486816682,-157.49641214337177,-0.6069181646481354,-0.09066413958831276,1.9130331641330942,0.6136527069826632,2.00904592577179,-0.19936853271960966
1781078824.1614265,291.56244111061096,149.15190319581654,-157.4964121344167,-0.6021113895968426,-0.08796896650230224,1.9132241307951625,0.6085036273924125,2.007661136548354,-0.20416020913248686
1781078824.2613595,291.6623740196228,149.15190319581654,-157.4964121344167,-0.6041442678627789,-0.08661610514457152,1.9118866788228344,0.6103217561760915,2.006938792968554,-0.2023654290098059
1781078824.3601744,291.76118898391724,149.15190318638517,-157.4953051284027,-0.6083111169383528,-0.0915960970910703,1.916879251124117,0.6151684809815139,2.013171210648329,-0.2029918128411366
1781078824.4616807,291.86269521713257,149.15190318638517,-157.4953051284027,-0.6062344331397753,-0.08704610373374067,1.9112334632317705,0.612451803899319,2.006965511182601,-0.2030334553525288
1781078824.5615144,291.9625289440155,149.1519037375379,-157.4953046805788,-0.6096300936769694,-0.089363490921329,1.9135866157436392,0.6161450191523397,2.010335400021457,-0.2014006211294568
1781078824.6658952,292.06690979003906,149.15190318638517,-157.4953051284027,-0.6038679040755994,-0.0858575524731009,1.9093509452578081,0.6099409519693924,2.004407392983326,-0.20203158452127384
1781078824.7611861,292.1622006893158,149.15190318638517,-157.4953051284027,-0.608758670895071,-0.0904089296701045,1.91195147992986,0.6154355319235535,2.0085615140094686,-0.20591024198288266
1781078824.8610537,292.26206827163696,149.1519037375379,-157.4953046805788,-0.6066007993227913,-0.08563950226144357,1.9157118646997402,0.6126162372045302,2.0112808363423524,-0.20229481414950706
1781078824.9618704,292.36288499832153,149.15295206192,-157.49751866004553,-0.605874049608417,-0.08581937666417616,1.910978360240563,0.6119218327531142,2.0065608943432647,-0.20273927538087555
1781078825.060521,292.4615354537964,149.1529519865793,-157.49862659781184,-0.6053327296879161,-0.07858129040008066,1.9132114202176986,0.610411937000224,2.008228241830044,-0.20334924119008557
1781078825.1968017,292.5978162288666,149.1540008685477,-157.49862614432394,-0.6091168626570891,-0.08436096940630478,1.9139258450363332,0.6149309924962204,2.010286612856592,-0.19731631406950603
1781078825.2634742,292.66448879241943,149.1540008685477,-157.49862614432394,-0.6072882664405768,-0.08094513951851923,1.9131693683154938,0.6126590847837593,2.008872366784107,-0.1987343287315159
1781078825.3634138,292.7644283771515,149.1540008685477,-157.49862614432394,-0.6148000829946056,-0.08175501524488027,1.914025526000579,0.6202120803143587,2.012003165690764,-0.20031492591405387
1781078825.4608073,292.8618218898773,149.1540008685477,-157.49862614432394,-0.6118205161059791,-0.08500845616521246,1.911463929925037,0.6176979695189061,2.008791959599661,-0.2018130571330988
1781078825.5604506,292.96146512031555,149.1540008685477,-157.49862614432394,-0.6106486269507059,-0.08870832290941166,1.9139929539518474,0.6170582728966388,2.011002222755485,-0.2010821306664392
1781078825.6695046,293.0705192089081,149.15295254089799,-157.49862615327902,-0.6093615713586189,-0.08376345573543631,1.911540611520855,0.61509173394331,2.0080650763007935,-0.20044849233455042
1781078825.76608,293.16709446907043,149.1529519865793,-157.49862659781184,-0.6105163034383736,-0.08119545840466458,1.9109702926838854,0.6158919217115937,2.007767496188225,-0.19966124940438695
1781078825.861143,293.2621576786041,149.15295197714792,-157.49751959179784,-0.6079112890284364,-0.0835042420074501,1.915859199940875,0.6136196653966152,2.01172701124172,-0.19779732711180933
1781078825.9605403,293.3615548610687,149.15190370394635,-157.49862665627535,-0.6082133463777097,-0.08243265806311229,1.911634294263404,0.6137740771874631,2.007751053500225,-0.19814779045166656
1781078826.0939777,293.49499225616455,149.15190428176302,-157.49862623661284,-0.6086441118937387,-0.08276848184129904,1.9109957497115988,0.6142461042035442,2.007287481140912,-0.20082234720716644
1781078826.1612973,293.5623118877411,149.15190372744433,-157.49862668114565,-0.6084612484963259,-0.08442517402221483,1.9077072742616383,0.6142904043938737,2.004170587849537,-0.20196309857527617
1781078826.2607052,293.66171979904175,149.15085542329263,-157.49862671497104,-0.6063880579785632,-0.08032343826457122,1.9109665957217654,0.611684830279169,2.006477426127214,-0.19871531845173537
1781078826.3611283,293.7621428966522,149.15085597761131,-157.49862627043822,-0.6051765699794771,-0.08509461659755857,1.9091948823229772,0.6111299163238619,2.00462088019512,-0.19827707461471264
1781078826.461424,293.86243867874146,149.15085596848576,-157.49751926412742,-0.6063749700217045,-0.08617697848336547,1.9116227828189156,0.6124680202993014,2.007341211573578,-0.2017602256654438
1781078826.56024,293.9612545967102,149.15190429591556,-157.49751925514656,-0.6082892099627486,-0.0825463717910111,1.9123818824072212,0.6138645342850202,2.0084905104611153,-0.20272044828646502
1781078826.6626148,294.0636293888092,149.15190427263747,-157.4975192307404,-0.6070082924877909,-0.08123596412261236,1.912504560985864,0.6124200756146665,2.0081663389290254,-0.19927364382796794
1781078826.7948349,294.19584941864014,149.15190427263747,-157.4975192307404,-0.6007373264984892,-0.08482006826358202,1.9117367418228708,0.6066957882075589,2.0056961757615026,-0.20135966243935666
1781078826.8605206,294.2615351676941,149.15190427263747,-157.4975192307404,-0.6088044170768683,-0.07856872991087016,1.9122479517937763,0.6138532915706428,2.0083595526477835,-0.20044529560137964
1781078826.960953,294.36196756362915,149.15085539066905,-157.4975196842283,-0.6060998962378505,-0.08308858473967007,1.9119843304598092,0.6117685813553803,2.007472260594756,-0.20027114685006764
1781078827.0608714,294.46188592910767,149.14980708519784,-157.49751971746056,-0.6041519900616095,-0.08253700658246999,1.9113423865558188,0.6097638760626918,2.006250658117248,-0.20196764682546622
1781078827.1632087,294.56422328948975,149.14980706191974,-157.4975196930544,-0.6043839908305415,-0.08367704977553103,1.9094308481641475,0.6101490449319649,2.004546836806824,-0.20191476366814898
1781078827.2605689,294.6615834236145,149.14980706191974,-157.4975196930544,-0.602694497026846,-0.08116659180262786,1.9079960248563248,0.6081354062799643,2.002567727503575,-0.20390874526077432
1781078827.360764,294.76177859306335,149.14980706191974,-157.4975196930544,-0.6021076535445786,-0.08550781175878797,1.907871462066075,0.6081490050380208,2.002453177503753,-0.2018743100513027
1781078827.460656,294.8616704940796,149.14980706191974,-157.4975196930544,-0.604435572809848,-0.08419820839759495,1.9070350659421047,0.6102718246612193,2.00230228554735,-0.20519702462365363
1781078827.56031,294.9613244533539,149.14980706191974,-157.4975196930544,-0.6072766783957206,-0.0811436546766231,1.9082318405319902,0.6126738584415191,2.004175145549342,-0.201217627977587
1781078827.6607175,295.0617320537567,149.14980703842176,-157.49751966818408,-0.6076010738444779,-0.08283786812276617,1.9096330593143214,0.6132219641631304,2.0056768430029455,-0.20278705739699215
1781078827.7606642,295.16167879104614,149.14980703842176,-157.49751966818408,-0.6034542127578106,-0.08410279532270692,1.9077069265380302,0.6092866870991374,2.002642250787049,-0.20147014842015026
1781078827.860581,295.2615954875946,149.14980759274044,-157.49751922365127,-0.6020851200321715,-0.08597978089554204,1.905860244345471,0.6081932377846697,2.000550495604542,-0.20295816632263336
1781078827.961008,295.3620226383209,149.14980759274044,-157.49751922365127,-0.6064447079974684,-0.08392720898734751,1.905972690432447,0.6122245995274452,2.0018868242088117,-0.2016912435527632
1781078828.0615184,295.46253299713135,149.14980703842176,-157.49751966818408,-0.6030389957179807,-0.08194168996485018,1.906246053748899,0.608580702052609,2.001035853837731,-0.20393781045531365
1781078828.1605546,295.5615692138672,149.14980701514367,-157.4975196433396,-0.6035641329416137,-0.0847983098863665,1.9067181253415801,0.6094919326235141,2.001762829467881,-0.2056789124655632
1781078828.2615187,295.66253328323364,149.1498075458784,-157.4975191738207,-0.6033311478326482,-0.08329479331979428,1.9093790607142467,0.6090537714678795,2.004164387976512,-0.20397213337400977
1781078828.359959,295.76097345352173,149.1498069681476,-157.49751959359898,-0.6041133233851212,-0.08808439400806378,1.9099826354148735,0.6105012432085489,2.005179651688479,-0.2007404504687915
1781078828.4604468,295.8614614009857,149.1498069681476,-157.49751959359898,-0.6037654916865449,-0.08570370479364442,1.9100490040662403,0.6098179186993864,2.005034935331873,-0.2019527361548728
1781078828.561034,295.9620485305786,149.1498069681476,-157.49751959359898,-0.6057415625596434,-0.08521307416202717,1.9097412671270846,0.6117059004295622,2.005316886676144,-0.2013190891345483
1781078828.6611218,296.06213641166687,149.1498069681476,-157.49751959359898,-0.6030348072995366,-0.08392297702224027,1.909232861685243,0.608846487127145,2.0039621166643564,-0.20433386119988137
1781078828.7626708,296.16368532180786,149.1498069681476,-157.49751959359898,-0.6014149349950912,-0.0880135229969028,1.9114760739081036,0.6078209475375755,2.005788394968077,-0.20375123016064633
1781078828.8610318,296.2620463371277,149.1498069448695,-157.49751956875448,-0.6041539182491817,-0.08661616428076968,1.9113145786041454,0.6103313172782077,2.006396704352181,-0.20398927500550007
1781078828.960603,296.36161756515503,149.1498069448695,-157.49751956875448,-0.6010399903387622,-0.08853325204142948,1.9116525944564862,0.6075254782340002,2.0058671064144966,-0.20588682789159451
1781078829.0603707,296.46138525009155,149.149806954215,-157.49862657509107,-0.6036088471503263,-0.08480767198159356,1.9097672692363286,0.6095375145018422,2.0046812724798593,-0.20561942567723757
1781078829.1620026,296.56301712989807,149.14875862612544,-157.49862658399456,-0.6013565419433462,-0.08951936310495512,1.9149441505624183,0.6079830646562256,2.0091427292957555,-0.20330157265778845
1781078829.26104,296.6620545387268,149.14771027426985,-157.49862656733097,-0.6006493988664943,-0.08589396636739366,1.912603294291434,0.6067598155918071,2.0065415109464966,-0.20577759394233427
1781078829.3607864,296.7618010044098,149.14771027426985,-157.49862656733097,-0.5967714727297562,-0.08371160613555162,1.9137636571845416,0.6026141582022745,2.0063985544318426,-0.2066888393399535
1781078829.4609642,296.86197876930237,149.14771082858854,-157.49862612279816,-0.6038872366775081,-0.08897720519252061,1.9140320996892626,0.6104070262258361,2.009008615289331,-0.20197650595758995
1781078829.560637,296.9616515636444,149.14771027426985,-157.49862656733097,-0.5968212354674165,-0.0865176626351456,1.9128418312725515,0.6030596098668043,2.0056532014580264,-0.20527024353666112
1781078829.6617925,297.0628070831299,149.14875915725196,-157.49862611429464,-0.5970316981143071,-0.08318274630033784,1.9114409564167103,0.6027986544737136,2.004238695291194,-0.20964207035511262
1781078829.7613673,297.1623818874359,149.14875913397387,-157.49862608945014,-0.5988427354065209,-0.08645993692633169,1.9114535241677855,0.6050520163113826,2.004929554247709,-0.2063334998194519
1781078829.860571,297.2615854740143,149.14875913397387,-157.49862608945014,-0.5976872331796415,-0.08584221393550706,1.9148883641225742,0.603820266635101,2.007833748459098,-0.20393235447947383
1781078829.96099,297.3620045185089,149.14875913397387,-157.49862608945014,-0.6009230915312287,-0.08673832838252338,1.9145842672975975,0.6071508046161546,2.008547987011892,-0.20137497948547783
1781078830.060538,297.4615526199341,149.14980750853368,-157.49862613055825,-0.6004305044293687,-0.08820790981778259,1.9097601711954462,0.6068751321348802,2.00386659672948,-0.2018103294224342
1781078830.1612787,297.5622932910919,149.15085588405913,-157.4986261710086,-0.6002652644754107,-0.08821520854431242,1.9102048964117389,0.6067127085814598,2.004241267170605,-0.20362788425634026
1781078830.260825,297.66183948516846,149.1508559169026,-157.49973320177713,-0.5953448439754254,-0.07845074870709823,1.9124398653181875,0.6004914680666394,2.0044990001691385,-0.20816333834338732
1781078830.360512,297.76152658462524,149.15085590777704,-157.4986261959047,-0.5966238514785687,-0.08291071186081922,1.9141491998399263,0.6023572082198311,2.006689155186278,-0.20548089202327902
1781078830.4606044,297.8616189956665,149.151904234901,-157.49862618722062,-0.5978148417972307,-0.0805221900161257,1.912287826156188,0.6032134018388857,2.0051710994883205,-0.20677333328225966
1781078830.560468,297.9614825248718,149.15190425826503,-157.49862621174253,-0.598601226693404,-0.08405158908496446,1.91291406986154,0.6044734057231598,2.006147635868506,-0.20698076437105778
1781078830.6699321,298.0709466934204,149.15190425826503,-157.49862621174253,-0.6010807965351432,-0.08656757967116846,1.9110744055750346,0.6072825288228259,2.005242492432628,-0.20695447979838186
1781078830.7953284,298.1963429450989,149.15190425826503,-157.49862621174253,-0.5977412683872672,-0.08114025309441786,1.9110937444394833,0.6032233123855917,2.004035345157657,-0.2079712742450369
1781078830.8616347,298.26264929771423,149.15190425826503,-157.49862621174253,-0.5981145776497101,-0.07956265494107129,1.910338563475268,0.6033831817828229,2.003363344767772,-0.2083021542574013
1781078830.960539,298.36155366897583,149.15190428176302,-157.49862623661284,-0.5959767994635854,-0.08052036237270954,1.910933158799018,0.6013916147199686,2.003331578060178,-0.20896437384459807
1781078831.0615888,298.4626033306122,149.15190432875906,-157.49862628635344,-0.5971302392356961,-0.07934643786450124,1.9085294450031032,0.602378933738112,2.0013358094670965,-0.20414787139061
1781078831.162779,298.5637936592102,149.15190432875906,-157.49862628635344,-0.6042195898340026,-0.08368493361919604,1.907075399350128,0.6099872792559035,2.0022539947919866,-0.20387515367480144
1781078831.2619576,298.66297221183777,149.15190435203715,-157.49862631119797,-0.5970587275608636,-0.07914676556103473,1.9076562923534888,0.6022817734709984,2.0004739099551463,-0.20516217491462183
1781078831.3618622,298.7628767490387,149.15190434260577,-157.49751930518394,-0.5968860339646653,-0.07935662454866588,1.9077230570277248,0.6021381995869599,2.0004943573319656,-0.20572315909210473
1781078831.4603286,298.8613431453705,149.15190434260577,-157.49751930518394,-0.6018289912279329,-0.08832583491167156,1.908264293452087,0.608275914199531,2.0028659968803377,-0.2053124081591824
1781078831.560283,298.96129751205444,149.15190434260577,-157.49751930518394,-0.5995808476997979,-0.08519922596110518,1.905920707026926,0.6056039143142816,1.9998224527459423,-0.20756439208045957
1781078831.6613762,299.06239080429077,149.15190434260577,-157.49751930518394,-0.6011432900005502,-0.08602065882976717,1.90762449402699,0.6072666703007772,2.0019500540897424,-0.2067299170967389
1781078831.761966,299.16298055648804,149.15190435203715,-157.49862631119797,-0.6007786654600977,-0.0826067696312407,1.9051389411397495,0.6064312683733623,1.99932820424962,-0.20810285494008396
1781078831.8613153,299.26232981681824,149.15190435203715,-157.49862631119797,-0.6012594225396981,-0.0839418142407169,1.907798941280878,0.6070907027543695,2.0020629165246615,-0.20633841019848886
1781078831.962807,299.36382150650024,149.150856033647,-157.49973332637387,-0.6019530167290554,-0.08357601430631689,1.907139053505838,0.6077272287108256,2.0016272764737404,-0.20546490024858816
1781078832.0612104,299.46222496032715,149.14980713651235,-157.50084076087649,-0.5976760893113919,-0.07888150591728049,1.9056019945154068,0.6028590214223695,1.9986890606623715,-0.20716829682537763
1781078832.160439,299.5614535808563,149.14980713651235,-157.50084076087649,-0.5997363516497103,-0.08283177159384536,1.90591457032602,0.6054294293107,1.9997637718631913,-0.206662461832971
1781078832.2614138,299.66242837905884,149.14980713651235,-157.50084076087649,-0.5976339007482636,-0.08069719679781429,1.9086084533247476,0.6030574739563473,2.001615483802345,-0.20656698735037443
1781078832.360371,299.761385679245,149.14980713651235,-157.50084076087649,-0.5981057036370885,-0.08159677173284763,1.9081735406625395,0.6036459772751237,2.001378206927679,-0.20663106731033196
1781078832.4604793,299.8614938259125,149.14980713651235,-157.50084076087649,-0.5997829701276203,-0.08295026553341245,1.9096261493628377,0.6054918313298483,2.003320340868507,-0.20420771204594826
1781078832.560288,299.9613025188446,149.15085546526169,-157.50084075205038,-0.5978936684811913,-0.07898513052336398,1.9095245318657335,0.6030882934145626,2.002498296491345,-0.20804780357635103
1781078832.660598,300.0616126060486,149.15085546526169,-157.50084075205038,-0.5983257538555335,-0.08170192033634294,1.9087284653622265,0.6038782257321741,2.001977339031958,-0.20545190251314258
1781078832.762305,300.1633195877075,149.15085546526169,-157.50084075205038,-0.598213426650517,-0.080609704416986,1.9083308489257862,0.6036201026068858,2.0015203864145272,-0.2060622921581841
1781078832.8625495,300.26356410980225,149.15085546526169,-157.50084075205038,-0.6003030069688293,-0.08295296274425823,1.9083093210225388,0.6060073384076043,2.0022211063979354,-0.20691273938195956
1781078832.960177,300.3611915111542,149.1508554793283,-157.4997337709067,-0.6009591173665001,-0.08411138599544188,1.906590908136974,0.6068167647651118,2.0008286975627296,-0.207350726674602
1781078833.0609818,300.4619963169098,149.1508554793283,-157.4997337709067,-0.5978540707276636,-0.07992856923681302,1.9085081478482873,0.6031733300353077,2.001554749805556,-0.208405789385241
1781078833.1609435,300.5619580745697,149.1508554793283,-157.4997337709067,-0.6009438546288663,-0.08337679574660228,1.9047637590594921,0.6067002608250393,1.9990523215542952,-0.205697444656959
1781078833.3606195,300.7616341114044,149.1508554793283,-157.4997337709067,-0.5988044554497662,-0.0824070482235868,1.9075148832813171,0.6044482587148512,2.0009924356186737,-0.20867953447646936
1781078833.461333,300.86234760284424,149.1508554793283,-157.4997337709067,-0.5996964068887394,-0.08235184113650007,1.905466551884833,0.6053243809511027,1.9993049758667913,-0.20697803856470579
1781078833.5622826,300.96329712867737,149.1508554793283,-157.4997337709067,-0.6003159712703905,-0.08366126800132179,1.905169163420209,0.6061175406848917,1.9992618673833502,-0.2043403556162652
1781078833.6606643,301.0616788864136,149.1508554793283,-157.4997337709067,-0.6004926223079678,-0.08543122878708687,1.9076581944440456,0.6065392685542885,2.0017616419363935,-0.20508836912390888
1781078833.7611775,301.16219210624695,149.15190380697803,-157.4997337619516,-0.5989974944262713,-0.08114771660834208,1.9051216458620612,0.6044691474671794,1.9987174477078715,-0.2072787125986072
1781078833.8611171,301.262131690979,149.15190379771846,-157.49862675573078,-0.6021148597657486,-0.08474078287994757,1.9084037790216326,0.6080487683022091,2.002929925987897,-0.20587738223994664
1781078833.9613063,301.3623208999634,149.1508554793283,-157.4997337709067,-0.6011961647531621,-0.08654740800994887,1.9086816791164496,0.6073938445087764,2.0029960146096,-0.20502729531067773
1781078834.0602791,301.4612936973572,149.1508554793283,-157.4997337709067,-0.5995362255621046,-0.08416827051945575,1.9086580795012666,0.6054155461527984,2.002374502426795,-0.2033780875048566
1781078834.1617255,301.56274008750916,149.15085551195187,-157.50084080164942,-0.6004764905460434,-0.08153069405642555,1.9042281814249613,0.6059861960241462,1.998325358069809,-0.20461854111716044
1781078834.2605112,301.66152572631836,149.15085551195187,-157.50084080164942,-0.6017497818423294,-0.08290570724599888,1.9063470829312956,0.6074340756339328,2.00078368566967,-0.20600202860662653
1781078834.3617997,301.762814283371,149.15085551195187,-157.50084080164942,-0.5989850314243199,-0.08137837517219282,1.9042596076248226,0.604487806176485,1.997901439272594,-0.20422815418780849
1781078834.4623082,301.86332273483276,149.15085551195187,-157.50084080164942,-0.6008441177821453,-0.08391866635440692,1.9064158564892337,0.6066761874642079,2.000619257707394,-0.2024753225650143
1781078834.5604875,301.9615020751953,149.15085551195187,-157.50084080164942,-0.60105827837981,-0.08193232701432862,1.9080379945889607,0.6066168149819818,2.002147084760245,-0.20528607560178333
1781078834.6608787,302.0618932247162,149.15085551195187,-157.50084080164942,-0.6026507487115396,-0.08469562677387898,1.9085391660389235,0.6085731460697222,2.0032181664566013,-0.20150453298570578
1781078834.7607124,302.1617269515991,149.15085551195187,-157.50084080164942,-0.6059085183978254,-0.08742586431782229,1.9062941014501067,0.6121833176580086,2.00218021557557,-0.2006236161704188
1781078834.8604674,302.26148200035095,149.1508555029122,-157.49973379545438,-0.6034857918294563,-0.08948893735197316,1.906697231296009,0.6100847243198367,2.0019235007063276,-0.20096397493003634
1781078834.9631457,302.36416029930115,149.149807150579,-157.4997337797328,-0.6004335625530075,-0.08633835535391654,1.9046837020086853,0.6066092437849225,1.9989484183797304,-0.20108306889648359
1781078835.0604618,302.46147632598877,149.1498071271669,-157.49973375453988,-0.6029185876985252,-0.08878722875803646,1.9071960017662606,0.6094210329344698,2.002196440046812,-0.2004444645340186
1781078835.1610298,302.56204438209534,149.14875879960306,-157.49973376317237,-0.6022829870604767,-0.08784954916788479,1.9093983046996952,0.6086561753498365,2.004061931623262,-0.1996602710997607
1781078835.260844,302.6618585586548,149.14875879960306,-157.49973376317237,-0.6022830863357456,-0.08724746698055696,1.9061362808026132,0.6085696645254629,2.0009279241323643,-0.20045678528481256
1781078835.3612223,302.7622368335724,149.14875879960306,-157.49973376317237,-0.6007642047931085,-0.08790210649104324,1.9057390389890128,0.6071609424907525,2.000121420017551,-0.20048011320169415
1781078835.4608467,302.86186122894287,149.14875879960306,-157.49973376317237,-0.5983597093542983,-0.08749335986243523,1.9070610872186675,0.6047226056619497,2.000642751763099,-0.2002938876881818
1781078835.5605059,302.9615204334259,149.14875879960306,-157.49973376317237,-0.5980617302923292,-0.08570593307806007,1.910651264499092,0.6041716148620653,2.0038990979430613,-0.20084271941471046
1781078835.6606297,303.0616443157196,149.14875879025757,-157.49862675727414,-0.5996239856239072,-0.0844950411653258,1.9079266281407086,0.6055479635148894,2.001717351297481,-0.20292561502559023
1781078835.76313,303.1641445159912,149.14875879025757,-157.49862675727414,-0.6033896068144315,-0.08972603718058281,1.9086265261850495,0.610024408822963,2.003742746915635,-0.20148521642733866
1781078835.860664,303.26167845726013,149.14875879025757,-157.49862675727414,-0.5990545029408452,-0.08680017618925717,1.9070849378766133,0.6053103072641248,2.000843204340619,-0.20239622135594063
1781078836.06324,303.46425461769104,149.1487582859206,-157.4997332293618,-0.6025961462141254,-0.08439068534241301,1.909618142616596,0.6084767071997725,2.004216892907336,-0.20344649368335704
1781078836.1622586,303.563273191452,149.1487582859206,-157.4997332293618,-0.6009166332775351,-0.0861877907606754,1.9088428150922039,0.6070660058229365,2.003050181137493,-0.20250427267265822
1781078836.260501,303.66151547431946,149.1487582626425,-157.49973320451727,-0.6036806803956551,-0.08710169454627703,1.9126110722699525,0.6099320200446883,2.007510444019012,-0.20023326259460233
1781078836.3616953,303.7627098560333,149.14875875252116,-157.49973371375435,-0.5987957798935213,-0.08422665270725815,1.90720639195743,0.6046904290995182,2.0007715353252697,-0.2035346752070189
1781078836.4619975,303.8630120754242,149.1487582626425,-157.49973320451727,-0.601286332378578,-0.08429297810161529,1.9104698987740059,0.6071660066757041,2.004631086705003,-0.20267952974532086
1781078836.5608983,303.9619128704071,149.14980659051213,-157.499733195588,-0.6021110543235295,-0.08694608491481404,1.911152619528437,0.6083562635665112,2.005642460298199,-0.20150764659421488
1781078836.6622782,304.0632927417755,149.14980659051213,-157.499733195588,-0.6038192561485971,-0.08619635747695042,1.91227105233235,0.6099405759073087,2.0071891001413924,-0.20292583640491826
1781078836.7613106,304.1623251438141,149.1498070803908,-157.49973370482508,-0.6005835458618378,-0.08661727505310068,1.9114639907553215,0.6067974521185819,2.0054669620444665,-0.20355656568569777
1781078836.8628035,304.263818025589,149.1498070803908,-157.49973370482508,-0.6028282939151097,-0.08887300503621987,1.9128862012399415,0.6093442072989369,2.0075940779607175,-0.20041708221551446
1781078836.960777,304.3617916107178,149.14980661401015,-157.4997332204583,-0.6014393572220911,-0.08737022126805982,1.910784924970641,0.607752298210506,2.005108946036402,-0.20047256464470867
1781078837.1626034,304.5636179447174,149.1498071178214,-157.49862674864164,-0.6022880044953354,-0.0875221987649013,1.9084639286543459,0.6086139791654609,2.0031588910045044,-0.2013065176651579
1781078837.2616456,304.6626601219177,149.1498071178214,-157.49862674864164,-0.6023079824015269,-0.08780395759646353,1.9096115032539358,0.6086743305201885,2.0042705740478146,-0.20050271328848288
1781078837.3612409,304.76225543022156,149.1498071178214,-157.49862674864164,-0.6033055192386882,-0.08664617143972464,1.9095945286408944,0.6094957822405545,2.00450402154355,-0.20228704375610967
1781078837.460718,304.86173248291016,149.1498071178214,-157.49862674864164,-0.6009853303424393,-0.08752306009128574,1.907786923553381,0.6073249981143158,2.0021225234774787,-0.20278115832024313
1781078837.5621476,304.9631621837616,149.1498071178214,-157.49862674864164,-0.5993303364089968,-0.08746189864046983,1.9070382403642012,0.6056784921506765,2.0009101144392534,-0.2014050441642878
1781078837.6606,305.0616145133972,149.1498071178214,-157.49862674864164,-0.5991052623915607,-0.08496529855560198,1.9108351605416913,0.6051001713633068,2.004354566474279,-0.20388048269485723
1781078837.760679,305.16169357299805,149.1498071178214,-157.49862674864164,-0.6020680560971812,-0.08732695703625382,1.9097026277108309,0.6083682614977957,2.0042644705436214,-0.20341690660287196
1781078837.8603518,305.2613663673401,149.1498071178214,-157.49862674864164,-0.6003348213496906,-0.08288094150802294,1.9102358798412917,0.6060289994630795,2.0040639373092004,-0.20688189158438058
1781078837.9610376,305.36205220222473,149.1498071178214,-157.49862674864164,-0.6009251587654774,-0.08618627016304004,1.9107215030976974,0.6070742290708202,2.0048430816405194,-0.20167323402721063
1781078838.060572,305.4615864753723,149.1498071178214,-157.49862674864164,-0.6026096463702117,-0.08957501981575433,1.908129835867219,0.6092307199029153,2.003028092813499,-0.20059641333672198
1781078838.1604314,305.5614459514618,149.1498071178214,-157.49862674864164,-0.5984276943865723,-0.0884163109035967,1.908194087572355,0.6049240856856588,2.0017836609605753,-0.20361084499217286
1781078838.260445,305.66145968437195,149.1498071178214,-157.49862674864164,-0.599679336154054,-0.08784433837772099,1.9076657883822603,0.6060791482926849,2.001629509714347,-0.2041149625766769
1781078838.360473,305.76148748397827,149.1498071178214,-157.49862674864164,-0.5985419642229033,-0.08571889495499363,1.9075819055978462,0.6046488335291126,2.0011169227340084,-0.20474924891108706
1781078838.4613495,305.8623640537262,149.1498071178214,-157.49862674864164,-0.6007923099060406,-0.08641150047847646,1.9068788082096975,0.6069747499337824,2.0011509528909643,-0.20281782932383863
1781078838.5617342,305.96274876594543,149.1498071178214,-157.49862674864164,-0.6013089255040427,-0.08742323519146566,1.9068586802469003,0.6076308467664958,2.0013308752865226,-0.20140125321564287
1781078838.6606042,306.06161880493164,149.1498071178214,-157.49862674864164,-0.6009121589298729,-0.08664569557470259,1.908680201171841,0.607126757202633,2.002913630104095,-0.20412630253549818
1781078838.7611492,306.16216373443604,149.1498071178214,-157.49862674864164,-0.6000201790179744,-0.08744015355577517,1.9082635057394568,0.6063579765143852,2.002283597051042,-0.20432927500549586
1781078838.860577,306.26159167289734,149.1498071178214,-157.49862674864164,-0.600917563933109,-0.08739200178740703,1.910157697484909,0.6072390638123607,2.0043556844733326,-0.2050779151733502
1781078838.9610348,306.3620493412018,149.1498071271669,-157.49973375453988,-0.5991621446339366,-0.08208754966369725,1.9064805526461173,0.6047591598083722,2.0001004322258353,-0.20628130641144635
1781078839.0606248,306.4616394042969,149.14875879960306,-157.49973376317237,-0.5991273711385077,-0.08454886635291814,1.9075021393709317,0.6050637302374873,2.001166292278976,-0.20471729239685268
1781078839.1602294,306.5612440109253,149.14875877579925,-157.49973373859888,-0.5952874911484116,-0.08186650266640072,1.9071049845203374,0.6008904404103946,1.9995296305278687,-0.20695913528601095
1781078839.2606418,306.6616563796997,149.14875877579925,-157.49973373859888,-0.5972217523506629,-0.0811144707463427,1.909436699905339,0.6027050512856648,2.002299150923919,-0.20811064837588758
1781078839.3605707,306.7615852355957,149.1498071038888,-157.49973372969538,-0.5971012514000336,-0.08552597590161781,1.9095727145028267,0.6031953224100881,2.002576477678469,-0.20767504191332892
1781078839.4605875,306.8616020679474,149.1498071038888,-157.49973372969538,-0.5990979196594424,-0.08695142652805998,1.912165820939555,0.6053749812434739,2.0057061087519723,-0.2049480243413554
1781078839.560894,306.9619085788727,149.14980709454332,-157.49862672379714,-0.5983451775913124,-0.08544267267092209,1.9088241805431725,0.6044149252458361,2.002230544689158,-0.20567221747808323
1781078839.6605039,307.06151843070984,149.14980709454332,-157.49862672379714,-0.6010631911122175,-0.08508748432467428,1.9100188253090837,0.6070558785636655,2.004167845449526,-0.20549957245142297
1781078839.7941086,307.1951231956482,149.15085542329263,-157.49862671497104,-0.6003570033810206,-0.0832588249159869,1.910084196993324,0.60610276639777,2.0039416665758165,-0.20592868692980612
1781078839.8615093,307.2625238895416,149.15085542329263,-157.49862671497104,-0.5992104479915952,-0.08106110980060066,1.9094121769327814,0.6046685575622345,2.0028676755900716,-0.20675878353009583
1781078839.9639904,307.3650050163269,149.15085544679064,-157.49862673984134,-0.598150667100299,-0.08357076791722307,1.9082187060805396,0.603960506823755,2.0015161563271215,-0.20788383900766697
1781078840.0616534,307.4626679420471,149.15085547037458,-157.49862676438906,-0.5998226207658206,-0.08348314990246308,1.9074397729925283,0.6056043367579319,2.001270371612442,-0.20425129800278602
1781078840.1608727,307.5618872642517,149.15085546094318,-157.49751975837506,-0.5976942664429714,-0.08443579286313252,1.904748786197054,0.6036288919984095,1.9981080495744914,-0.20660212009131868
1781078840.2670114,307.668025970459,149.15085546094318,-157.49751975837506,-0.5997628484036,-0.08702183010299791,1.9063281489786223,0.6060431282010172,2.0003437916588074,-0.20626875045710702
1781078840.3609898,307.76200437545776,149.15085546094318,-157.49751975837506,-0.5984845268839081,-0.08239902827273227,1.9067760307173398,0.6041302250175419,2.0001920308055223,-0.2084637268851282
1781078840.4614928,307.86250734329224,149.15085546094318,-157.49751975837506,-0.5983156765840647,-0.08278438018641054,1.901971223896467,0.6040156475200749,1.9955774700520448,-0.2070459802287419
1781078840.5610976,307.96211218833923,149.15085546094318,-157.49751975837506,-0.5974536236083168,-0.07983944088354633,1.907380596370867,0.6027646047034494,2.0003564452605413,-0.20788447045079575
1781078840.661933,308.062947511673,149.15085546094318,-157.49751975837506,-0.5978162044391979,-0.08537012066216221,1.9068899631885612,0.6038810079742208,2.000225388175351,-0.20821772596540777
1781078840.8623357,308.2633502483368,149.15085546094318,-157.49751975837506,-0.598689031717555,-0.08261805731666527,1.905970779587824,0.6043627222899204,1.9994946643430438,-0.2063596171206759
1781078840.9634898,308.3645043373108,149.15085547037458,-157.49862676438906,-0.5989754465460067,-0.083977886319758,1.9060095749888706,0.6048337548084781,1.9996740661680288,-0.2072904914487082
1781078841.0623064,308.4633209705353,149.15085545613613,-157.49973374573958,-0.5995548643610675,-0.08572372932937355,1.9093172703228996,0.6056522047752767,2.0030743949994574,-0.20541740203878547
1781078841.1626132,308.56362771987915,149.15190378356593,-157.4997337367587,-0.5996941621148153,-0.07794764433245405,1.9071091868383265,0.6047387231950416,2.000693473237395,-0.2073370380079252
1781078841.2629137,308.66392827033997,149.15190378356593,-157.4997337367587,-0.6004113982723425,-0.07883919691107621,1.9082707406659971,0.605565410294324,2.0020506201959245,-0.20579871869621424
1781078841.361258,308.76227259635925,149.15190378356593,-157.4997337367587,-0.5986586721403739,-0.0803082696647266,1.9051836983500832,0.6040212114697779,1.9986411754900675,-0.2080108994296753
1781078841.4619982,308.86301279067993,149.15190378356593,-157.4997337367587,-0.5961188303892868,-0.07823549676606945,1.9077187757113516,0.601230781729383,2.000217333216704,-0.2085150872450505
1781078841.5609047,308.96191930770874,149.15190378356593,-157.4997337367587,-0.5958303743098554,-0.07557213464681922,1.9074634547022944,0.6006038482105317,1.99978544186873,-0.20860611340358967
1781078841.6639783,309.0649929046631,149.15190376028784,-157.4997337119142,-0.598619826517961,-0.0799979468330605,1.9068444952941968,0.6039415271347872,2.000200314326462,-0.20733382705841286
1781078841.7952569,309.19627141952515,149.15190376028784,-157.4997337119142,-0.5992116509322898,-0.08331034212307031,1.9070005295880461,0.6049753843898638,2.0006614495128234,-0.2085724368045707
1781078841.8634272,309.2644417285919,149.15190376028784,-157.4997337119142,-0.5985229507601559,-0.07845657895146019,1.9077776749392785,0.6036432368273588,2.000999953614225,-0.206553498294826
1781078841.9607782,309.36179280281067,149.15190376028784,-157.4997337119142,-0.5968996755591718,-0.08045972612148944,1.9051926020663725,0.602298090823962,1.9981295856822263,-0.20896401122910083
1781078842.0618632,309.46287775039673,149.15190378356593,-157.4997337367587,-0.5973191599172196,-0.07841568661655174,1.9071196820263179,0.6024443532076288,2.0000111700397882,-0.2093175851730134
1781078842.160817,309.5618314743042,149.1508555029122,-157.49973379545438,-0.5963467046065034,-0.07902961946143705,1.90191731335026,0.6015605313243679,1.9947843341245506,-0.2116554878501602
1781078842.2622666,309.6632812023163,149.1508555357557,-157.5008408266613,-0.5960369582049907,-0.081367081757719,1.9041020006103204,0.6015651731442115,1.9968688204957905,-0.2111256666486201
1781078842.3610322,309.76204681396484,149.1508555357557,-157.5008408266613,-0.5979112612346853,-0.07875262032993646,1.9033703223701313,0.6030753282302993,1.9966267642199582,-0.20909765074798028
1781078842.4630027,309.8640172481537,149.1508555357557,-157.5008408266613,-0.5955633006614676,-0.07969923136127477,1.9027864159965748,0.6008723762783239,1.9954056623843308,-0.20916008501536032
1781078842.5618975,309.9629120826721,149.15085552627625,-157.49973381997629,-0.5972269384799347,-0.08144468812690775,1.9021141592782438,0.6027547206536047,1.9953324355096784,-0.2096824160885619
1781078842.6621633,310.0631778240204,149.15085552627625,-157.49973381997629,-0.5923118190027594,-0.07479985193543826,1.9021948071621984,0.5970161712884511,1.9936833733506316,-0.20816185992745243
1781078842.7607663,310.161780834198,149.15085552627625,-157.49973381997629,-0.5992530877284139,-0.07960921782245123,1.904804304230924,0.6045178994160062,1.9984297155844624,-0.2136134689179789
1781078842.8614118,310.2624263763428,149.15085552627625,-157.49973381997629,-0.5978937716291739,-0.07765270991458806,1.902436085763296,0.6029153385924412,1.9956878428061862,-0.2083253164294718
1781078842.9620683,310.3630828857422,149.15190385362013,-157.499733811318,-0.5981060977926518,-0.07884386456089487,1.9024268713300923,0.6032804150605668,1.9957893826640258,-0.2120072892398048
1781078843.0612552,310.46226978302,149.1508555029122,-157.49973379545438,-0.5949615334841099,-0.07670845293901607,1.900072724988535,0.5998861667667131,1.9925209593184754,-0.2110157720241092
1781078843.16392,310.5649344921112,149.1508554793283,-157.4997337709067,-0.5955177709063832,-0.07840414426277675,1.9010539525732966,0.6006568282329653,1.993688730945089,-0.21423248170661247
1781078843.2614694,310.66248393058777,149.1498071038888,-157.49973372969538,-0.5992812432482424,-0.07830385598410317,1.9032122055262615,0.6043752992728427,1.9968690997747636,-0.21077810453794676
1781078843.363029,310.7640435695648,149.1498071038888,-157.49973372969538,-0.598019886400408,-0.07857639665604665,1.9025822954946099,0.6031600406540584,1.9959011563129434,-0.21242927871760317
1781078843.461164,310.86217856407166,149.14980709454332,-157.49862672379714,-0.5968176161894121,-0.07922198597810848,1.9024501842511252,0.6020526472463418,1.995440826888502,-0.21364298741349172
1781078843.5615568,310.9625713825226,149.15085542329263,-157.49862671497104,-0.5927287691919503,-0.07846110772814541,1.9038436057446078,0.5978992718290698,1.9955209882104377,-0.21183609142534449
1781078843.662689,311.0637035369873,149.15085542329263,-157.49862671497104,-0.59620538379599,-0.08228234053487427,1.900113880944554,0.6018564972077819,1.9931542849938626,-0.2127344094441102
1781078843.7620473,311.1630618572235,149.15085540010043,-157.49862668980396,-0.5951230750349623,-0.07961991899097143,1.90166640916933,0.6004255207260916,1.9942030833649245,-0.21262591076685555
1781078843.862328,311.26334261894226,149.15085540010043,-157.49862668980396,-0.5935726351014523,-0.07951384379180126,1.9040514387303564,0.5988747151916073,1.9960117248721183,-0.21153570659253748
1781078843.9668114,311.36782598495483,149.15085540010043,-157.49862668980396,-0.5960243383572106,-0.07939750488532127,1.9031337263172885,0.6012894275606093,1.9958624591746028,-0.21238270499380296
1781078844.0909348,311.4919493198395,149.14980707113122,-157.49862669860426,-0.5945345955251753,-0.07890533169964442,1.9047723379136767,0.5997478108729658,1.9969614658095054,-0.21399706876040175
1781078844.2606132,311.6616277694702,149.14771040066555,-157.4997336975291,-0.5935117673647596,-0.07749958586975936,1.905063886224431,0.5985502517002435,1.9968802704235817,-0.21459600654173164
1781078844.3604789,311.76149344444275,149.14771040066555,-157.4997336975291,-0.5959829071265403,-0.0851246451538259,1.905995541096808,0.6020314201099202,1.9988148572292734,-0.21562176125240406
1781078844.460726,311.86174058914185,149.14771040066555,-157.4997336975291,-0.5928596152789964,-0.07732014875978166,1.9056382398043443,0.5978803633110845,1.9972275858893984,-0.21587475840441622
1781078844.5604937,311.96150827407837,149.14771040066555,-157.4997336975291,-0.5942290019842744,-0.08032532193419684,1.906507105607302,0.5996334414815931,1.9985818992160893,-0.21187136422786634
1781078844.660722,312.0617365837097,149.14875872932896,-157.49973368902562,-0.5964592176293309,-0.08216284777140004,1.9085342021310043,0.6020916307746685,2.0012538900781003,-0.21175812571660618
1781078844.7617111,312.162725687027,149.14875872932896,-157.49973368902562,-0.59632519001633,-0.08485675546688753,1.9069586456816263,0.6023324673271225,1.9998239116322922,-0.21002426707080044
1781078844.8612816,312.2622961997986,149.14875872932896,-157.49973368902562,-0.5981054958922698,-0.08197881959435449,1.9066851937677778,0.6036975327749996,1.999974784644019,-0.21519226996884794
1781078844.96115,312.3621644973755,149.14980704785313,-157.49862667375973,-0.5973753927731593,-0.08591863752621975,1.906457837902229,0.6035224703068215,1.999705193238266,-0.21767107287374773
1781078845.0610282,312.4620428085327,149.14980704785313,-157.49862667375973,-0.5979735957445769,-0.08956827803962142,1.905913291351157,0.6046444390207203,1.9995250365493504,-0.20904311339414747
1781078845.160239,312.56125354766846,149.15085539066905,-157.4975196842283,-0.5993944728576253,-0.08937378332848311,1.9048442778431325,0.6060209627056783,1.9989229925313385,-0.21411212672883187
1781078845.2601998,312.66121435165405,149.15085539066905,-157.4975196842283,-0.5963110690841233,-0.08390171710911432,1.9031689705792934,0.6021846803482367,1.9961659549801853,-0.2154045154315636
1781078845.3606381,312.7616527080536,149.15085539066905,-157.4975196842283,-0.5977175630588931,-0.08398807151704091,1.9025356978032266,0.6035894973789832,1.9959865637728686,-0.2123546452793379
1781078845.461169,312.8621835708618,149.15085588061083,-157.49752019353105,-0.5982537371123442,-0.0857475064242692,1.9087746732319608,0.6043675775774756,2.0021690543005213,-0.20903522894659352
1781078845.5638561,312.96487069129944,149.15085588061083,-157.49752019353105,-0.600871819806116,-0.08890295656291869,1.906992423639693,0.6074131045036333,2.0013922112724263,-0.21138024296407168
1781078845.6631992,313.0642137527466,149.15085539066905,-157.4975196842283,-0.6028362230118773,-0.0904785727969113,1.9069132942465612,0.6095882904966202,2.0019780707302623,-0.21016485030144672
1781078845.760626,313.1616406440735,149.15085588061083,-157.49752019353105,-0.6031275019639679,-0.08749238979092411,1.9100313384987333,0.6094404826532475,2.0049033432921113,-0.20291133509311113
1781078845.8611286,313.2621431350708,149.15085536739096,-157.49751965938378,-0.6042633948098057,-0.08938295902359528,1.9090352869342542,0.6108384104416525,2.0043800264498333,-0.20563246297308382
1781078845.9610906,313.3621051311493,149.14980752836354,-157.49752017748682,-0.6029528641448962,-0.08922095722095946,1.9081338342727703,0.6095182815863344,2.0031193836325536,-0.20901660603481165
1781078846.0626285,313.46364307403564,149.14980750508545,-157.49752015264232,-0.6012534472219784,-0.08853305207424,1.9103832921973827,0.6077366280765809,2.004721460007051,-0.20699538003693504
1781078846.1633148,313.56432938575745,149.148758687274,-157.49751965226886,-0.597059115202967,-0.0858475092141191,1.9077138794237276,0.6031992886975398,2.0008052448029887,-0.21198895813818996
1781078846.2603362,313.6613507270813,149.1498069915597,-157.49751961835352,-0.600747551018685,-0.08932058012709376,1.9103063557474045,0.6073514518704867,2.0045314063137343,-0.20715892965875093
1781078846.3603885,313.76140308380127,149.1498069915597,-157.49751961835352,-0.5985274140872718,-0.08807262689714435,1.9094818506388973,0.6049726051835407,2.003025908704605,-0.2088594539322291
1781078846.4617336,313.86274814605713,149.1498069915597,-157.49751961835352,-0.6022776519309048,-0.08867814239943073,1.9124170589654137,0.6087710431310098,2.0069731414188734,-0.20634665576421124
1781078846.5645013,313.9655158519745,149.1498069915597,-157.49751961835352,-0.5997708553739187,-0.08767443889382776,1.9101534148028405,0.6061451032478195,2.0040204475689016,-0.20779391883182927
1781078846.6616392,314.0626537799835,149.14980748150148,-157.49752012765626,-0.6007727041506712,-0.08718399703198543,1.9123705182782564,0.6070658048276011,2.0064121935860615,-0.20939892294645976
1781078846.7609055,314.1619200706482,149.14980745808938,-157.49752010290172,-0.6011750080016895,-0.08713552775546418,1.9113250167061286,0.6074569864962084,2.005534170721042,-0.2083946499920453
1781078846.8605402,314.2615547180176,149.14980745808938,-157.49752010290172,-0.6040245624091654,-0.08937119781020897,1.9136831207215184,0.6106004282602618,2.008734917684776,-0.20557637165150416
1781078846.960174,314.3611886501312,149.15085584340014,-157.49862714974026,-0.6044156694879348,-0.08614463014862395,1.9115717533662995,0.6105237086518357,2.0067002185413494,-0.2086552264865222
1781078847.0616446,314.4626591205597,149.15190419388813,-157.49862716557809,-0.6020102418233648,-0.08364520822635768,1.9070528040397263,0.6077934288222084,2.0015651999161155,-0.20653977330776682
1781078847.1620646,314.56307911872864,149.15190419388813,-157.49862716557809,-0.6043674142431996,-0.08491624798304542,1.9067098466332126,0.6103038100573593,2.00200229266067,-0.20624251811550007
1781078847.2604024,314.6614170074463,149.15295252307726,-157.4986271568036,-0.6073075431924337,-0.08612810714961938,1.9100476356905838,0.6133844657795028,2.006121250938436,-0.20810214632886168
1781078847.360674,314.76168847084045,149.15295252307726,-157.4986271568036,-0.605266003218361,-0.08234709026768883,1.9066919493877983,0.6108420237078355,2.0021493869808333,-0.20554476518184095
1781078847.4616811,314.8626956939697,149.15295252307726,-157.4986271568036,-0.603742967853492,-0.08153321784382683,1.9080644692061184,0.6092234703657695,2.002963618114752,-0.20854146681051342
1781078847.5609486,314.9619631767273,149.15295252307726,-157.4986271568036,-0.604236428255831,-0.08206361080451074,1.9091546072824788,0.6097836480667862,2.0041725005491804,-0.20861044865785947
1781078847.660568,315.0615825653076,149.15295252307726,-157.4986271568036,-0.6045863985230824,-0.08205757308124362,1.9067384347655667,0.6101296244070559,2.0019764277311904,-0.20658209982181905
1781078847.7606723,315.16168689727783,149.15295252307726,-157.4986271568036,-0.6084759407941078,-0.07990408335092525,1.9080875021060646,0.6136999536104155,2.004351652967809,-0.2035220575666612
1781078847.8604093,315.26142382621765,149.15295252307726,-157.4986271568036,-0.6050346734915308,-0.07919344191191158,1.9082691351015488,0.610195507496457,2.0034544290674723,-0.2024851083331955
1781078847.9604592,315.36147379875183,149.15190422664568,-157.49973419666924,-0.6056699289442236,-0.0794357323721897,1.907850165539312,0.6108568559039073,2.0032569362298953,-0.20334427329354154
1781078848.0621264,315.46314096450806,149.1508559225799,-157.499734230172,-0.6082271227672891,-0.07607448536973038,1.9087458738657201,0.6129661982475415,2.0047539428053147,-0.202072262154357
1781078848.1616817,315.5626962184906,149.15085593192538,-157.50084123650862,-0.6075515599515029,-0.07526325897225661,1.9097871054480269,0.612195602851433,2.005509971126093,-0.19734226665532453
1781078848.2604442,315.66145873069763,149.15085595520347,-157.50084126135312,-0.6066887386185726,-0.07405939814913154,1.9059803575846028,0.6111922938166076,2.0015786628356973,-0.20511055735006156
1781078848.3608425,315.7618570327759,149.15085595520347,-157.50084126135312,-0.6059780663117351,-0.07398458687450216,1.911760953977922,0.610477793163601,2.006866483127484,-0.20169001706029513
1781078848.4606981,315.8617126941681,149.1519042828532,-157.50084125239803,-0.6067473233672729,-0.07389573588574194,1.9101362953164338,0.6112306391170564,2.005548194604317,-0.20380717020484213
1781078848.5608535,315.96186804771423,149.1519042828532,-157.50084125239803,-0.6057832232752105,-0.0716124955582984,1.9095395536315014,0.6100013632130594,2.0046054399818893,-0.19896933425002045
1781078848.6628232,316.06383776664734,149.1519042828532,-157.50084125239803,-0.6043150042726211,-0.0738601604638518,1.9093631001053315,0.6088119148741785,2.0040756961094575,-0.20308338647305677
1781078848.7611332,316.16214776039124,149.1519042828532,-157.50084125239803,-0.6064482604312218,-0.07435584592514033,1.9111338333578551,0.6109895943494441,2.0064248835698755,-0.19975583504940123
1781078848.8610413,316.26205587387085,149.1519042828532,-157.50084125239803,-0.6085253362265917,-0.07454261074150281,1.909644526574042,0.6130739642537805,2.00564251638223,-0.1964084256581958
1781078848.9603498,316.361364364624,149.14980762645413,-157.50084127017922,-0.6000222368158745,-0.0763316170111068,1.9106613007734674,0.6048580002191057,2.004115716894215,-0.20222424886140988
1781078849.0603695,316.46138405799866,149.14875932208253,-157.5008413039788,-0.6003353256722335,-0.07513108530534396,1.9084781983848096,0.605018332969461,2.002082969544288,-0.2047132854438899
1781078849.1603875,316.56140208244324,149.14875932208253,-157.5008413039788,-0.6032694547608912,-0.07585293899202838,1.9096338640845867,0.6080194926161754,2.0040931111751923,-0.19999461733504262
1781078849.2611346,316.6621491909027,149.14875932208253,-157.5008413039788,-0.6053384056412483,-0.07677963743549299,1.9120336318807751,0.6101882480587563,2.0070381928384426,-0.20248023609552293
1781078849.3605053,316.76151990890503,149.14875932208253,-157.5008413039788,-0.6032016384566816,-0.07857890890051067,1.9107347259749041,0.6082983326960711,2.0052266840951454,-0.20237770801296986
1781078849.4610167,316.86203122138977,149.14875933120808,-157.5019483102896,-0.6076235015047189,-0.08284691945860345,1.908362985958913,0.6132454089878174,2.004474798500259,-0.19966505675214993
1781078849.5611436,316.962158203125,149.1498076590777,-157.5019483013603,-0.6064701281693488,-0.08136753125180007,1.9067370563614525,0.6119041522197401,2.002516640032161,-0.20215065754664374
1781078849.6630032,317.06401777267456,149.14875933120808,-157.5019483102896,-0.603577434386807,-0.07842310276041076,1.9096983655898163,0.608650887083499,2.0043462150746176,-0.20470629470512855
1781078849.760482,317.1614966392517,149.14875933120808,-157.5019483102896,-0.6052708741137849,-0.07855942793054282,1.9107820915812013,0.6103477818156132,2.005894467880768,-0.1947642935845565
1781078849.8604314,317.2614459991455,149.1487593547061,-157.5019483351599,-0.6072015828196982,-0.07824774912472776,1.9063329110191425,0.6122225677168665,2.00222916771696,-0.196821840948772
1781078849.961035,317.36204957962036,149.1477110634733,-157.50084138704162,-0.6059536243072046,-0.0802337661703234,1.9074139199873867,0.6112423840383706,2.002959089498974,-0.1954285204913116
1781078850.0608277,317.4618422985077,149.14771107762584,-157.49973440557534,-0.6069612176085002,-0.08075775998247536,1.9080460577638114,0.6123101628081803,2.0038870961274746,-0.1988594672829515
1781078850.1663728,317.567387342453,149.14771107762584,-157.49973440557534,-0.6065098178927997,-0.08167507450869493,1.9089682956433383,0.6119844581330133,2.0046657902921847,-0.20074126360716224
1781078850.2606418,317.6616563796997,149.14771110090393,-157.4997344299815,-0.6043723784152064,-0.07426627675658892,1.9076540024208573,0.6089182635251957,2.002479773832149,-0.2003991789413018
1781078850.362965,317.7639796733856,149.14771110090393,-157.4997344299815,-0.6099599626558927,-0.08421877812153866,1.9076000101628092,0.6157466675764174,2.004515342272194,-0.19408929922510754
1781078850.463513,317.86452746391296,149.14771110090393,-157.4997344299815,-0.6040143805258538,-0.07421472777625127,1.91267202216733,0.6085566511845335,2.0071510810306723,-0.19808551324615792
1781078850.560731,317.9617455005646,149.14771112431606,-157.49973445517438,-0.6058803094678638,-0.07421193026235073,1.9103644069928942,0.6104083551149495,2.005515027991426,-0.19673709657712177
1781078850.661007,318.06202149391174,149.14771112431606,-157.49973445517438,-0.6063692261404015,-0.07244576709803141,1.914233809729755,0.6106816090079441,2.0092842272543283,-0.19731761525521432
1781078850.8613372,318.2623517513275,149.14771112431606,-157.49973445517438,-0.6038468413367468,-0.07307344682146777,1.9083684589931302,0.6082521980418453,2.002958040424849,-0.19618305298469146
1781078850.9619887,318.36300325393677,149.1487594298732,-157.4997344211812,-0.606274595736835,-0.07633371574837611,1.9136506889814477,0.6110611439093607,2.00884411566328,-0.19745991112160804
1781078851.0601618,318.46117639541626,149.1498077341589,-157.49973438814254,-0.6089552302228185,-0.07695626800423838,1.908960096834142,0.6137986148574026,2.0052125550439492,-0.19617437235168297
1781078851.1615872,318.5626018047333,149.1498077341589,-157.49973438814254,-0.6082935522707942,-0.07695500881322914,1.9128462901727281,0.6131420056688871,2.0087120373371676,-0.20061066357760357
1781078851.2613297,318.6623442173004,149.1498077341589,-157.49973438814254,-0.6106012743148028,-0.07904497856031867,1.9129906936536878,0.6156963738974449,2.009630667270999,-0.19872884689219422
1781078851.3604774,318.7614920139313,149.1498077435044,-157.50084139404078,-0.6089318231684047,-0.07861246526786658,1.9106815168241837,0.6139852481637396,2.0069085040669523,-0.19600883462019747
1781078851.4604,318.8614146709442,149.1498077435044,-157.50084139404078,-0.6105605899520299,-0.07447905533973653,1.9157149060057446,0.6150864684634757,2.0120375157485184,-0.19899935991482356
1781078851.5599651,318.9609797000885,149.15085607225367,-157.50084138521467,-0.6071291821149032,-0.07669630912616299,1.9083929793841796,0.6119543836014962,2.0041087623609437,-0.19977447313026614
1781078851.660711,319.0617256164551,149.15085607225367,-157.50084138521467,-0.6098450904084984,-0.07667975347857237,1.9123639938755066,0.6146469058645656,2.008712738039056,-0.198589367912501
1781078851.7602413,319.1612558364868,149.15085607225367,-157.50084138521467,-0.6092009251796071,-0.08022143071977439,1.9109464250642518,0.6144601249767285,2.0073060266566882,-0.19885679700226513
1781078851.8612945,319.26230907440186,149.15085607225367,-157.50084138521467,-0.6071410422226506,-0.07593059578454131,1.907072088629798,0.6118706566974771,2.0028254171939754,-0.20051354678048391
1781078851.9624298,319.3634443283081,149.14980776669657,-157.5008414192079,-0.6064206045410572,-0.07829626515641053,1.9065611231152788,0.611454213125876,2.002211669860102,-0.20158777536643738
1781078852.0605297,319.4615442752838,149.14980776669657,-157.5008414192079,-0.6041627244615597,-0.0780441295023877,1.9076920370188535,0.6091826358150731,2.0025964126312976,-0.20131303909920875
1781078852.1618853,319.56289982795715,149.14980727675479,-157.50084090990515,-0.6078753338685488,-0.0804120918949991,1.9044251784416677,0.613170878343655,2.0007033229170452,-0.19911081577866896
1781078852.2609072,319.66192173957825,149.14980727675479,-157.50084090990515,-0.6113749121859087,-0.0821156741999971,1.9069433995332954,0.6168648694808674,2.004234366590706,-0.199644521304418
1781078852.3607602,319.7617747783661,149.1498073002528,-157.50084093477545,-0.6122979087092801,-0.08228849004586891,1.9041263817690843,0.6178026583010039,2.0018435009642515,-0.2006744037278114
1781078852.4615128,319.8625273704529,149.14980730946428,-157.50194794076364,-0.6073248836260348,-0.07951776238354569,1.9046086261063508,0.6125084397833737,2.00067503794209,-0.2022428038564413
1781078852.660302,320.06131649017334,149.14980730946428,-157.50194794076364,-0.6066016564987535,-0.07872590936150914,1.9022355495392276,0.6116889229598884,1.9981650143075358,-0.20299892374041414
1781078852.761634,320.1626486778259,149.14980730946428,-157.50194794076364,-0.6050712596495202,-0.07616649035045953,1.9022181111238106,0.6098463441770917,1.9975851185352782,-0.20099612731758576
1781078852.860334,320.26134848594666,149.14980730946428,-157.50194794076364,-0.6053592180004159,-0.07615340246655933,1.9003251819389928,0.6101304151780247,1.9958694648289939,-0.20231539576311744
1781078852.9616683,320.36268281936646,149.14980727675479,-157.50084090990515,-0.6083209649607966,-0.08087819128729734,1.903173396309981,0.6136739184915221,1.9996661357983756,-0.1990039596020126
1781078853.0607877,320.4618022441864,149.14980727675479,-157.50084090990515,-0.606111207558854,-0.07528850895101868,1.8989062234154266,0.610769314478486,1.9947140147987024,-0.19907067992523958
1781078853.1631906,320.56420516967773,149.14980776669657,-157.5008414192079,-0.6071366350647622,-0.07466903051590634,1.900766674132727,0.6117110083658358,1.9967734741951917,-0.2022101754606408
1781078853.2610202,320.66203474998474,149.1498072535626,-157.50084088473804,-0.6049489844870948,-0.07375056803027746,1.901890446865311,0.6094279449752495,1.9971453857930044,-0.20331353942200636
1781078853.3604934,320.7615079879761,149.1498072535626,-157.50084088473804,-0.6048558717993444,-0.08081385599754753,1.905611980408226,0.6102306981554905,2.000934412929794,-0.2042950362214275
1781078853.4607508,320.8617653846741,149.1498072535626,-157.50084088473804,-0.6067903290224876,-0.08226647377904328,1.9018870182555756,0.6123416334884121,1.9980331594626604,-0.20205559131729808
1781078853.5610535,320.9620680809021,149.1498072535626,-157.50084088473804,-0.6066176152116327,-0.08517370339563968,1.9029560236097254,0.6125679479332696,1.9991200860948086,-0.20395140942200266
1781078853.6607065,321.0617210865021,149.1498072535626,-157.50084088473804,-0.6076318320147038,-0.08729294257477704,1.9034565105138832,0.6138701011622154,1.9999957971252333,-0.20655825346841772
1781078853.7603526,321.16136717796326,149.1498072535626,-157.50084088473804,-0.6050562706864753,-0.084387796479092,1.9043366931532733,0.6109127522745141,1.999928156655025,-0.20670920036896737
1781078853.895974,321.29698848724365,149.1498072535626,-157.50084088473804,-0.6124317331589282,-0.08498755565466354,1.9050036839615416,0.6183005033122674,2.002831632540101,-0.20373205967373118
1781078853.9634988,321.3645133972168,149.14875890219494,-157.5008408692354,-0.6068899202965383,-0.08260415041758051,1.9067765188663368,0.6124857720990332,2.002732012507858,-0.2060673990830835
1781078854.0613046,321.4623191356659,149.14771057353153,-157.50084087773888,-0.6064086880165576,-0.08453175497166399,1.905301664175601,0.6122720918844432,2.0012624880337078,-0.206948053248343
1781078854.161048,321.56206250190735,149.14771055025344,-157.50084085289438,-0.6020654223920872,-0.08683342666023464,1.9081878470169182,0.6082950080558944,2.002798960537173,-0.20704688755435421
1781078854.2609808,321.6619954109192,149.14771055025344,-157.50084085289438,-0.6040374523488765,-0.0820747197578271,1.9056681508123376,0.6095879784440037,2.0007919943072445,-0.20745803480128497
1781078854.361021,321.7620356082916,149.14771055025344,-157.50084085289438,-0.6064048093342933,-0.08992753420156419,1.9055942080488866,0.6130365031475158,2.0017749723534854,-0.20864974077483706
1781078854.4607716,321.86178612709045,149.14771055025344,-157.50084085289438,-0.6042715419444278,-0.08742233524543508,1.9070105137151352,0.610562659440996,2.002367563791355,-0.2106228835608676
1781078854.5607533,321.961767911911,149.14771055025344,-157.50084085289438,-0.6068710059958278,-0.08332263438208543,1.9042014497621482,0.6125643470842542,2.0003045369630663,-0.20701831215045263
1781078854.6616843,322.06269884109497,149.14771055025344,-157.50084085289438,-0.6058249342769386,-0.08982974063380311,1.9074001303457238,0.612448555630588,2.0033143763615526,-0.2035438234035241
1781078854.7610443,322.16205883026123,149.14771055025344,-157.50084085289438,-0.6043730331189465,-0.08233024596938776,1.9048330968744644,0.6099549430595469,2.000108536932718,-0.20613646339506253
1781078854.8603373,322.26135182380676,149.14771055025344,-157.50084085289438,-0.60559862921113,-0.09127411194427282,1.9059141572645752,0.6124382933925795,2.0018964603782963,-0.20520527316846163
1781078854.961325,322.36233949661255,149.14771055937902,-157.50194785920516,-0.6014887978381864,-0.08053594172571366,1.904002870548017,0.6068565001995729,1.9983747753836274,-0.20870717651807646
1781078855.0604029,322.46141743659973,149.14771055937902,-157.50194785920516,-0.602962659993949,-0.08576047153005106,1.9052253268299821,0.6090310565349154,2.0002005833961873,-0.20447966845627505
1781078855.1604173,322.5614318847656,149.14875887891685,-157.50084084439086,-0.6064901535615377,-0.08328595394860372,1.9043019787323516,0.6121820452220291,2.0002832006233957,-0.20616778082767165
1781078855.2608044,322.66181898117065,149.14875887891685,-157.50084084439086,-0.6071944451289539,-0.08711789223315236,1.9046641835964977,0.6134122768111226,2.0010048159906857,-0.20876521646490215
1781078855.360581,322.7615954875946,149.14875887891685,-157.50084084439086,-0.6076318962657865,-0.08463177993263571,1.9030024009628317,0.6134973997777998,1.9994492235624348,-0.20401003771142098
1781078855.460805,322.8618195056915,149.14875885541883,-157.5008408190822,-0.6032892502964842,-0.08722442763829008,1.903617087623445,0.6095621545832067,1.998830667313289,-0.20485986187033564
1781078855.5604038,322.96141839027405,149.14875886476432,-157.50194782585717,-0.60498514226731,-0.08316467098509861,1.9038730441702016,0.6106745326802626,1.999413902417948,-0.207043680611552
1781078855.6619024,323.06291699409485,149.14875886476432,-157.50194782585717,-0.6050155396941079,-0.08603508309113295,1.9047908807281044,0.6111021508666541,2.0004184907410747,-0.20476154476103853
1781078855.761745,323.1627595424652,149.14875886476432,-157.50194782585717,-0.6055496402193228,-0.08832628930895225,1.908184457109901,0.6119574332850611,2.0039111313899745,-0.19997496955976674
1781078855.8604712,323.2614858150482,149.14875886476432,-157.50194782585717,-0.6067442357777963,-0.08696508521472879,1.9085509292173914,0.6129449352886336,2.004561833197608,-0.20237457454975913
1781078855.9609416,323.36195611953735,149.14875886476432,-157.50194782585717,-0.6076156808735789,-0.08518497057016816,1.9081553741065842,0.6135578985348515,2.004372776353326,-0.20420803039323865
1781078856.060512,323.46152663230896,149.14980719254805,-157.50194781725048,-0.6036494408908482,-0.08302808851564691,1.906441165140992,0.6093326767623707,2.001450530768757,-0.20382825923099157
1781078856.1634169,323.5644314289093,149.14980716913593,-157.50194779205756,-0.606284923058098,-0.08452614674843062,1.910164033387724,0.6121487379809756,2.005854608853732,-0.20457422322889182
1781078856.2608435,323.6618580818176,149.14980715970455,-157.50084078604357,-0.6025722247303804,-0.08214026844271416,1.9084357812642134,0.6081449742589026,2.0029896257659225,-0.2000049399399394
1781078856.3604462,323.7614607810974,149.14980713651235,-157.50084076087649,-0.6081819579847547,-0.08939198791162539,1.9091515202556621,0.6147163748599529,2.0056758832910835,-0.2007786192467807
1781078856.4608145,323.8618290424347,149.15085546526169,-157.50084075205038,-0.6024425649401053,-0.07790491875536532,1.907504473611536,0.6074588219936337,2.0018939875192983,-0.20553636359790167
1781078856.5608923,323.9619069099426,149.15085546526169,-157.50084075205038,-0.6073958866079181,-0.08821893652009294,1.9082125553592797,0.6137689661663867,2.004491830928664,-0.20100250444597773
1781078856.6609983,324.0620129108429,149.15085546526169,-157.50084075205038,-0.5984155000535907,-0.0786322246809732,1.9092886531120308,0.6035595558539919,2.0024153660929147,-0.20371990398118106
1781078856.7618024,324.1628170013428,149.15085546526169,-157.50084075205038,-0.6110983503355669,-0.08828130987902227,1.9078464914103406,0.6174421296419668,2.005271307889173,-0.20139522882381808
1781078856.8617566,324.26277112960815,149.15085547460717,-157.50194775838696,-0.5993109142991102,-0.07734673933623526,1.909092967398683,0.6042814659444578,2.0024465157040003,-0.20049264896312435
1781078856.9622893,324.363303899765,149.15085545132908,-157.50194773354247,-0.6019057527973928,-0.08276372097228091,1.9080076382909497,0.6075692296024986,2.0024069308051202,-0.20157870502624678
1781078857.061166,324.46218061447144,149.14980716913593,-157.50194779205756,-0.6012804933958193,-0.08457149574797995,1.9072897915944877,0.607198953911624,2.0016105811950324,-0.20276453781752307
1781078857.1614444,324.5624589920044,149.1487588881283,-157.50194785037908,-0.6022352935044353,-0.08454409278547814,1.9040958883861572,0.6081406517963528,1.9988537226461476,-0.19801998829748807
1781078857.261162,324.6621766090393,149.14875891162632,-157.50194787524939,-0.6015544973768385,-0.08335343055503586,1.9048805478529525,0.6073019081968984,1.9993462704814686,-0.20122727588966352
1781078857.3605275,324.7615420818329,149.14875891162632,-157.50194787524939,-0.6006483923438282,-0.08289739659966244,1.9024700162455872,0.6063418751729317,1.9967580304838422,-0.20053306074437924
1781078857.4604514,324.8614659309387,149.14875891162632,-157.50194787524939,-0.6000819393895256,-0.07932517200623579,1.9077866128526175,0.6053022525113492,2.0015095745649023,-0.203722725061532
1781078857.5608754,324.9618899822235,149.14875891162632,-157.50194787524939,-0.6030410236726311,-0.08232882466211322,1.9046910147043123,0.6086349575914777,1.9995710472743204,-0.19887608788075745
1781078857.6604996,325.0615141391754,149.14875891162632,-157.50194787524939,-0.603265151490433,-0.08208159354018107,1.9050950843296404,0.6088236452379873,2.0000133777897164,-0.19920134288410818
1781078857.7605822,325.16159677505493,149.14875890219494,-157.5008408692354,-0.6027741338798478,-0.08213416243435745,1.9049947111263301,0.6083442094023696,1.9997718686221897,-0.19953996971022994
1781078857.8613396,325.2623541355133,149.14875890219494,-157.5008408692354,-0.6001846102919899,-0.08040147804658204,1.9050485143714293,0.6055460049438216,1.9989736882240878,-0.20074557595171857
1781078857.96113,325.36214447021484,149.14875890219494,-157.5008408692354,-0.5966898923607289,-0.07664151591080781,1.9048682571894906,0.6015918463597764,1.9976075257303902,-0.2032377778100297
1781078858.0605328,325.46154737472534,149.14875890219494,-157.5008408692354,-0.6018495733457314,-0.08665127328657718,1.9047219333539755,0.6080553857163211,1.9994241659783776,-0.19837649206252436
1781078858.1616704,325.5626850128174,149.14771054099387,-157.4997338462352,-0.5995687347848104,-0.08547170248999691,1.9076527824299585,0.6056303159997829,2.001481255962883,-0.20152705484944924
1781078858.261839,325.6628534793854,149.14771053164839,-157.49862684033695,-0.5972163542132591,-0.08364342691197635,1.906486536894583,0.603045269117797,1.9995885856759774,-0.20088757803584867
1781078858.3603673,325.76138186454773,149.14771053164839,-157.49862684033695,-0.5998069372068073,-0.08782679818358474,1.9054333079266543,0.6062028607657597,1.999539446811916,-0.20040991070425368
1781078858.4619353,325.86294984817505,149.14771053164839,-157.49862684033695,-0.5987438279375681,-0.08595806588004962,1.9021082988043054,0.6048826006616251,1.9959706763786336,-0.19980726835822035
1781078858.561824,325.96283864974976,149.14771053164839,-157.49862684033695,-0.5986024563834178,-0.08547951632192508,1.9068783572279944,0.6046748287293692,2.000454127882823,-0.20185789138625196
1781078858.6606023,326.061616897583,149.14771053164839,-157.49862684033695,-0.5993940439506673,-0.08879831588367892,1.9052948389532185,0.6059359378905597,1.9993265826695454,-0.19965545613685529
1781078858.760503,326.16151762008667,149.14771053164839,-157.49862684033695,-0.6012309089641406,-0.08829209536423832,1.9066134292263335,0.6076792739576152,2.00111190804109,-0.2014202330309002
1781078858.8612974,326.2623119354248,149.14771053164839,-157.49862684033695,-0.6021529894511275,-0.08972291116356246,1.9067881246351923,0.6088008077299127,2.001619188492753,-0.20016497638713335
1781078858.9606476,326.3616621494293,149.14771054099387,-157.4997338462352,-0.5959585020315217,-0.08100656418164931,1.9072514653190837,0.6014387745932007,1.9998341810125067,-0.20270276131928272
1781078859.061031,326.46204566955566,149.14771055025344,-157.50084085289438,-0.6019536915263188,-0.08684477531625134,1.902277903664861,0.6081860420479023,1.9971358202469534,-0.19962837787248328
1781078859.1614785,326.5624930858612,149.14666219910572,-157.5008408365408,-0.6011049894106293,-0.09072594537440182,1.9075888537695993,0.6079131561814004,2.002112294673914,-0.19911552672384894
1781078859.2606382,326.661652803421,149.14666219910572,-157.5008408365408,-0.5984806715159436,-0.08379907204280812,1.904611120871853,0.6043189544052135,1.9981854069135194,-0.20136948655535844
1781078859.3620048,326.763019323349,149.14666219910572,-157.5008408365408,-0.600914936307845,-0.08958636713319379,1.9038063947973753,0.607556152017231,1.9984001768227915,-0.19804334958551273
1781078859.4607542,326.8617687225342,149.14666219910572,-157.5008408365408,-0.5988951695024411,-0.08769413340814936,1.9077287630388038,0.6052814924376624,2.001448155314828,-0.1991204630219639
1781078859.560141,326.9611556529999,149.14666218976024,-157.49973383064255,-0.6013490456973614,-0.08835663502571833,1.90480309871274,0.6078055361003182,1.9994255211384724,-0.19917683828830063
1781078859.661934,327.0629484653473,149.14666221312424,-157.49973385516446,-0.6002029548040468,-0.08657761228275263,1.9034955851600783,0.6064150970285052,1.9977574208667077,-0.20099432138901963
1781078859.7621171,327.1631317138672,149.14666218976024,-157.49973383064255,-0.5974931613401395,-0.08390627212855861,1.9089826527337619,0.6033558985795578,2.002062214015633,-0.20188430884428357
1781078859.8626153,327.2636299133301,149.14666218976024,-157.49973383064255,-0.5987237031061454,-0.08691270686244934,1.9075799222420888,0.604999083697896,2.001220890110941,-0.20214200225034099
1781078859.9603164,327.36133098602295,149.1477105266695,-157.50084082790832,-0.6004077803868881,-0.08588008211282272,1.906784308486308,0.6065186652138703,2.0009226097834025,-0.20238140746733618
1781078860.0618582,327.46287274360657,149.14771053601498,-157.50194783468325,-0.6003368936978006,-0.08596860532094297,1.90881855057046,0.6064610350513481,2.002843789724367,-0.2007588443090611
1781078860.161999,327.5630135536194,149.14771053601498,-157.50194783468325,-0.6005693402429984,-0.08647981895433077,1.9052540959464161,0.606763785608769,1.999538812238182,-0.19949732267534712
1781078860.2609413,327.66195583343506,149.14771053601498,-157.50194783468325,-0.600836298882399,-0.08631673143355556,1.907421657369941,0.607004807378057,2.0016773504198833,-0.20013394430106626
1781078860.3614748,327.76248931884766,149.14771053601498,-157.50194783468325,-0.5998786695861043,-0.08650400486669696,1.9088612052154128,0.6060836254860974,2.0027701969668934,-0.1971527077317083
1781078860.4602222,327.8612368106842,149.14771053601498,-157.50194783468325,-0.6015157466561334,-0.08560527041987598,1.9045037309087596,0.6075767077488617,1.9990707633408906,-0.20013753680248772
1781078860.564412,327.9654266834259,149.14875886476432,-157.50194782585717,-0.5997544296645003,-0.08245369838707006,1.903421793499147,0.605395728660102,1.997377909221839,-0.20277075659136445
1781078860.662899,328.0639135837555,149.14875886476432,-157.50194782585717,-0.6013192821495181,-0.0817239891171937,1.9074166661450844,0.6068473362238965,2.001624846910646,-0.20419472014849985
1781078860.7620242,328.16303873062134,149.14875886476432,-157.50194782585717,-0.5998278472578988,-0.08504604833277085,1.9079957506482175,0.605826936247527,2.0018676432708333,-0.19904714285978936
1781078860.863774,328.2647886276245,149.14875886476432,-157.50194782585717,-0.6010367267132892,-0.08440872203581762,1.9093675718503045,0.6069349052525691,2.003510544930441,-0.19786919203882203
1781078860.961818,328.36283254623413,149.14875890219494,-157.5008408692354,-0.5990051059181383,-0.08689444819484038,1.905474971624778,0.6052749474768354,1.9992980341938853,-0.2011097564759201
1781078861.0618227,328.4628372192383,149.14875892547303,-157.50084089364154,-0.6013530317058269,-0.08714072949254614,1.9031651936676732,0.6076339156747937,1.9978129867098158,-0.20033362750202102
1781078861.1608477,328.5618622303009,149.14875892547303,-157.50084089364154,-0.6005370569970125,-0.08639840623729356,1.9046999506475166,0.6067202332434427,1.9989975846467725,-0.19842200819095357
1781078861.260245,328.6612596511841,149.14875892547303,-157.50084089364154,-0.5991130825924245,-0.08225675065591531,1.902843454969058,0.6047335436056666,1.9966261224576944,-0.20340999276531738
1781078861.361606,328.76262044906616,149.14875892547303,-157.50084089364154,-0.6003070994082975,-0.08647641924230243,1.9051871302053653,0.6065037383932387,1.9993961052740725,-0.19982676130147356
1781078861.4606125,328.8616271018982,149.14875894919095,-157.50084091853762,-0.6038677709479714,-0.08599515278098124,1.9034202708469128,0.6099602045146028,1.9987646631263098,-0.2005843949925837
1781078861.5606368,328.96165132522583,149.14875894919095,-157.50084091853762,-0.5995437595151429,-0.08428254135873203,1.9013978135010845,0.6054389038965352,1.9954623302728975,-0.20171016673605618
1781078861.6607006,329.0617151260376,149.14875894919095,-157.50084091853762,-0.6033349123140113,-0.08573578008235927,1.9039377788025946,0.6093961276569505,1.9990854673962901,-0.2002264260134334
1781078861.7610707,329.1620852947235,149.14875894919095,-157.50084091853762,-0.6018385161421804,-0.08737440052959755,1.9034052968484685,0.6081479140637811,1.9981980906434014,-0.19918380305803654
1781078861.861175,329.2621896266937,149.14875894919095,-157.50084091853762,-0.6011781085541941,-0.083410421324146,1.9021083461342747,0.6069369131880759,1.99659424446329,-0.2025984646932429
1781078861.9607096,329.3617241382599,149.14875894919095,-157.50084091853762,-0.5997219160513225,-0.08472155283666893,1.9042042203421827,0.6056765788003743,1.9982086554902885,-0.200060433059156
1781078862.0603678,329.4613823890686,149.14980726749522,-157.49973390324595,-0.6036568354772385,-0.08836369994656934,1.902640373779754,0.6100899265572585,1.9980615882458186,-0.2001148753017071
1781078862.1943893,329.5954039096832,149.14980729090732,-157.49973392843884,-0.6020947881102643,-0.08841715510834547,1.902379519324783,0.6085521565050914,1.9973441272683556,-0.19825329723319168
1781078862.2609344,329.66194891929626,149.14980729090732,-157.49973392843884,-0.6047968430148671,-0.08845584663012573,1.9008532121235213,0.6112312640268021,1.9967089402724953,-0.20029698661199358
1781078862.3606565,329.7616710662842,149.14980729090732,-157.49973392843884,-0.603620293623635,-0.08885154639031612,1.8996163269016544,0.6101246234747733,1.9951927840691404,-0.19995928228888754
1781078862.4609709,329.8619854450226,149.14980729090732,-157.49973392843884,-0.6026720112734552,-0.08765242294137465,1.8999981652342552,0.609012725991736,1.9952166619977443,-0.19975261206232908
1781078862.5606616,329.96167612075806,149.14980726749522,-157.49973390324595,-0.5994939302916293,-0.08632170838359343,1.9015757822211543,0.6056768195950437,1.9957041026476752,-0.20225826448766035
1781078862.660751,330.06176567077637,149.14980726749522,-157.49973390324595,-0.5999662933896275,-0.0854957000926504,1.9042665077526715,0.6060272831630775,1.9983743394285707,-0.20172140161693325
1781078862.7603493,330.16136384010315,149.14980726749522,-157.49973390324595,-0.6012315657180238,-0.08738245001723044,1.9046612130401996,0.6075484245611704,1.999212201004817,-0.20088544738837424
1781078862.8603103,330.2613248825073,149.14980726749522,-157.49973390324595,-0.6019032789021708,-0.08954090917248436,1.9034906711197577,0.6085270179446591,1.9983948225034425,-0.2003454727120291
1781078862.9608748,330.3618893623352,149.14980729090732,-157.49973392843884,-0.6022119768527148,-0.08726367754601938,1.9034211307552515,0.6085016141997573,1.9983208489852953,-0.1989677707489808
1781078863.0607202,330.4617347717285,149.14875896312358,-157.49973393704553,-0.5984588671814208,-0.08385041781357927,1.9018327711901402,0.6043044830841331,1.9955329608524008,-0.2023574981392066
1781078863.1613874,330.562402009964,149.1487589864876,-157.49973396200582,-0.6000316557862675,-0.08495316279041276,1.9022560656255902,0.6060156993129008,1.996455150265854,-0.20128444789448963
1781078863.2605534,330.66156792640686,149.1487589864876,-157.49973396200582,-0.6012382176348581,-0.08589752448935428,1.9018046160165936,0.6073432135606195,1.9964284551568992,-0.20085446943700172
1781078863.3610919,330.7621064186096,149.1487589864876,-157.49973396200582,-0.5994675852228113,-0.08694951703574816,1.8995452079002406,0.6057405420191209,1.9937887553856821,-0.20262873136098936
1781078863.4602785,330.8612930774689,149.1487589864876,-157.49973396200582,-0.5994746459068381,-0.08183168710331756,1.901555405919807,0.6050341115171145,1.9954897238227378,-0.20358607348927987
1781078863.5602849,330.9612994194031,149.1487589864876,-157.49973396200582,-0.6009797274463153,-0.08808490422387649,1.902324108365457,0.6074006776038178,1.9969408094437873,-0.20081603363900466
1781078863.6604211,331.0614356994629,149.1487589864876,-157.49973396200582,-0.6021890216326824,-0.0893617770099695,1.901015901812733,0.6087833317078473,1.9961158793792972,-0.19958720297914065
1781078863.7609909,331.1620054244995,149.14875896312358,-157.49973393704553,-0.6000838669017412,-0.08540696952405824,1.901441311909048,0.6061311720733641,1.995713922483238,-0.20054847520264632
1781078863.8607984,331.26181292533875,149.14875896312358,-157.49973393704553,-0.6009173970024619,-0.08405276772435855,1.901063286627973,0.606767324253984,1.995547094294467,-0.2027610196777245
1781078863.960926,331.3619406223297,149.14771063437428,-157.49973394587164,-0.6001970213330878,-0.08611370402238094,1.9030571827744893,0.6063431655733948,1.9973178703819634,-0.20112895250223134
1781078864.0607283,331.4617428779602,149.14771063437428,-157.49973394587164,-0.5990378658542284,-0.08708466955994254,1.9042698863734222,0.605334704440075,1.9981676367482781,-0.1990714095962375
1781078864.1612215,331.56223607063293,149.14771063437428,-157.49973394587164,-0.5984658149610596,-0.08875662304177467,1.9011141259735633,0.6050116278310566,1.995062402479434,-0.20209640400716522
1781078864.260529,331.6615436077118,149.14771063437428,-157.49973394587164,-0.6002503696285544,-0.08868913776927911,1.900102235290817,0.6067670635404284,1.9946314882590803,-0.1989491784749733
1781078864.3603215,331.76133608818054,149.14771063437428,-157.49973394587164,-0.5997541204496315,-0.0879552579286269,1.9013998849982094,0.6061692275211621,1.9956860111412331,-0.19896712794063603
1781078864.4611151,331.86212968826294,149.14771062511468,-157.49862693965082,-0.600748317066035,-0.08958000056102833,1.9028002225150231,0.6073904155962516,1.997391249545619,-0.2004295372064023
1781078864.5604925,331.9615070819855,149.14771062511468,-157.49862693965082,-0.6001129362587108,-0.0860095539089798,1.9027052867367051,0.6062451481279443,1.9969528256332147,-0.20279243215212658
1781078864.660835,332.0618495941162,149.14771062511468,-157.49862693965082,-0.598774382203203,-0.08427634310342569,1.9023674874014316,0.6046761635699838,1.9961551342297397,-0.2017799773166687
1781078864.761407,332.16242146492004,149.14771060161667,-157.49862691478052,-0.5991555583399872,-0.09021036258616277,1.9037583358478505,0.605908650381911,1.997854122281656,-0.1994838403593686
1781078864.8606813,332.2616958618164,149.14771115593535,-157.4986264702477,-0.5993079191410402,-0.08780214364892913,1.90358542930807,0.6057055376785908,1.9976277643866738,-0.20080054888780746
1781078864.9607956,332.36181020736694,149.14666228339834,-157.49973392931122,-0.5999350107688031,-0.08750874101139061,1.9036183715600081,0.606283594450289,1.9978345030157878,-0.19834131239984923
1781078865.0608895,332.4619040489197,149.14666226894,-157.5008409110743,-0.5993543098393275,-0.08516370854968613,1.9028816177443042,0.6053746327497647,1.996856754283114,-0.2000530916127924
1781078865.1608417,332.5618562698364,149.14561394019069,-157.5008409199004,-0.5980704452231862,-0.08810336497248272,1.905854762838574,0.6045249873817745,1.9994331290151746,-0.19977713078455753
1781078865.2604923,332.6615068912506,149.14561394019069,-157.5008409199004,-0.5981506480222833,-0.088119681316158,1.901323115581947,0.6046067118092048,1.995138808657428,-0.20058999890077983
1781078865.3605132,332.76152777671814,149.14561394019069,-157.5008409199004,-0.5992268900756414,-0.08607057347509794,1.90155049241622,0.6053767499731527,1.9955889568286416,-0.19844347650807034
1781078865.4606686,332.8616831302643,149.14561394019069,-157.5008409199004,-0.5989523160548345,-0.0868873517916029,1.9017661680000468,0.6052216856729508,1.9957474405741802,-0.19825847571482094
1781078865.5607007,332.96171522140503,149.14666226894,-157.5008409110743,-0.5987577242086957,-0.08512318840649868,1.9008459768259993,0.6047782812767541,1.9947361221774804,-0.19996705157985378
1781078865.6614869,333.0625014305115,149.1466622456619,-157.50084088666816,-0.5996397146294044,-0.08753870587921142,1.906546763493894,0.605995719776832,2.00053777114477,-0.197924726244902
1781078865.7602818,333.16129636764526,149.1466622456619,-157.50084088666816,-0.5967369545224699,-0.08503871557823572,1.903636575196841,0.6027657721204385,1.9967871159608142,-0.19951276598752993
1781078865.860393,333.2614076137543,149.14561394019069,-157.5008409199004,-0.5982775260627875,-0.08870653176450105,1.901086583008872,0.6048180279799006,1.9949774542750713,-0.1984408499835215
1781078865.9608426,333.361857175827,149.14561394019069,-157.5008409199004,-0.5984309590573957,-0.08659999415380071,1.9017123529264897,0.6046645117300938,1.9955272599037575,-0.19911223991357835
1781078866.060317,333.46133160591125,149.14456562655948,-157.49973394704082,-0.5976158582095081,-0.08878847033076909,1.9037446800956477,0.6041755592931286,1.9973161776342885,-0.19940300601073283
1781078866.160835,333.5618495941162,149.14456562655948,-157.49973394704082,-0.5956985152382117,-0.08361931883524676,1.9001752318411687,0.6015387863965885,1.9931168614113222,-0.20215679204687984
1781078866.2601101,333.6611247062683,149.14456562655948,-157.49973394704082,-0.5975340377669909,-0.08403269444090711,1.90314009962142,0.6034139706910361,1.9965096190131795,-0.20246093935463225
1781078866.3614128,333.7624273300171,149.14456562655948,-157.49973394704082,-0.5947524620801232,-0.08457527265963449,1.901686655285652,0.6007357721126818,1.9943158232304505,-0.20220206894642823
1781078866.4608085,333.8618230819702,149.14456562655948,-157.49973394704082,-0.5973754470446124,-0.08540204682412877,1.9041744573251236,0.6034491978066597,1.9975062698932713,-0.20088985294162992
1781078866.560763,333.9617774486542,149.14456562655948,-157.49973394704082,-0.5944082342761021,-0.08548621231071252,1.9001209777274775,0.6005239724361265,1.992759085155677,-0.20254987577360964
1781078866.6601322,334.061146736145,149.14456562655948,-157.49973394704082,-0.5966785561859638,-0.08298217040817235,1.9026641202544623,0.6024212313803501,1.9957560207904934,-0.20293614498275467
1781078866.7605524,334.16156697273254,149.144565617214,-157.4986269411426,-0.5956317930077262,-0.08525765431724608,1.9001039245093831,0.6017026678196448,1.9930983478988782,-0.20120708691619016
1781078866.8602989,334.2613134384155,149.144565617214,-157.4986269411426,-0.5964124953188445,-0.08648348285672114,1.9029353068845143,0.6026501948721825,1.9960836754923728,-0.19985551986664923
1781078866.9604788,334.3614933490753,149.14456562655948,-157.49973394704082,-0.5943388711730222,-0.0836353779501735,1.899830168082521,0.6001946102991017,1.992382553072715,-0.20278970548247027
1781078867.0612044,334.46221899986267,149.1456139778412,-157.49973396330444,-0.6012605472740518,-0.08781980599394501,1.900968967168315,0.6076401599903567,1.9957228209774214,-0.19906729552725647
1781078867.1613438,334.562358379364,149.1456139778412,-157.49973396330444,-0.5971094351163231,-0.08708499488633947,1.900459438993826,0.6034264444315381,1.9939582626273842,-0.1995140836948458
1781078867.2606075,334.6616220474243,149.1456139541233,-157.49973393840833,-0.598220983013448,-0.08893390616827901,1.9007595500673267,0.6047954895532243,1.9946589812186117,-0.1982437968225445
1781078867.3602383,334.76125288009644,149.1456139541233,-157.49973393840833,-0.5963057816185255,-0.084221546729907,1.899939225103555,0.602224089625497,1.993098821737737,-0.20295241683464812
1781078867.46119,334.8622045516968,149.1456139541233,-157.49973393840833,-0.5957983041665784,-0.08301342091877473,1.9047184613594108,0.6015536944449833,1.9974531945314187,-0.20253827053828424
1781078867.5619168,334.962931394577,149.1456139541233,-157.49973393840833,-0.5962452260568512,-0.0845098912876665,1.9007798195376209,0.6022045261545604,1.9938942333239518,-0.2006085451702521
1781078867.660445,335.0614595413208,149.1456139541233,-157.49973393840833,-0.5966969990381017,-0.08337465431290525,1.9042012314605514,0.6024936859775982,1.9972433430953658,-0.20083315722876036
1781078867.761917,335.1629316806793,149.1456139541233,-157.49973393840833,-0.5962834080951893,-0.08646157136445254,1.9047811904913172,0.6025192993526634,1.9978040168499873,-0.20012372171878745
1781078867.8603966,335.26141119003296,149.14561346424463,-157.49973342917124,-0.5995399902419365,-0.08617168578908263,1.9035344161693657,0.6057010478206503,1.9975777914444988,-0.20089399826826268
1781078867.9601748,335.36118936538696,149.1456139778412,-157.49973396330444,-0.5984695719897957,-0.08579793340609854,1.900993244568429,0.6045883839228194,1.9948188965089562,-0.19947788080055567
1781078868.0616813,335.4626958370209,149.1456139871867,-157.50084096964102,-0.5985615475827331,-0.08483769827935816,1.9027842261218089,0.6045439283410063,1.9965122520214964,-0.20057923422918844
1781078868.160771,335.56178545951843,149.1456140105507,-157.50084099416293,-0.5983588764995318,-0.08793800686834174,1.9026999678377603,0.6047862747597357,1.9965053482892483,-0.19749822162707306
1781078868.260375,335.6613895893097,149.1456140198962,-157.5019480009379,-0.59746334174136,-0.0834964317983804,1.9008650887860894,0.603269507639674,1.9942974162881428,-0.20169521691123166
1781078868.360576,335.76159048080444,149.1456140198962,-157.5019480009379,-0.5993529292932749,-0.08684309168407367,1.8994869983011062,0.605611803406834,1.9936941874672316,-0.1998313362116327
1781078868.4606109,335.86162543296814,149.1456140198962,-157.5019480009379,-0.596174217627464,-0.08201077866146989,1.9019824379112062,0.6017885555412129,1.994915201130874,-0.2027152413874448
1781078868.5621037,335.96311831474304,149.1466623486455,-157.50194799211178,-0.6002426309121347,-0.08848429481477638,1.9032285309955252,0.6067295001837223,1.9975984400245648,-0.20041103268364402
1781078868.6606095,336.0616240501404,149.1466623486455,-157.50194799211178,-0.5980995581727768,-0.08039662358157784,1.9022245423939221,0.6034788302581863,1.9956565105888227,-0.2032792502559163
1781078868.7609644,336.16197896003723,149.1466623486455,-157.50194799211178,-0.5973820920226558,-0.08574611168600654,1.902840937548058,0.6035045646377779,1.9962518361037032,-0.20204685371521194
1781078868.8617442,336.26275873184204,149.1466623486455,-157.50194799211178,-0.5993466631479407,-0.08414190396260324,1.8984348662818133,0.6052241589931974,1.9925740197401625,-0.20023568949748882
1781078868.9605587,336.3615732192993,149.1466623486455,-157.50194799211178,-0.5983148050217437,-0.08181116160497481,1.90149198394106,0.6038821673732074,1.9950803084245683,-0.20220304200186703
1781078869.060199,336.4612135887146,149.1466623721435,-157.50194801698208,-0.6000958500284241,-0.08743994339209848,1.902783760270661,0.6064328263886696,1.997084577896366,-0.200864991571452
1781078869.1615558,336.56257033348083,149.1456140572409,-157.50084104420034,-0.5971799746952513,-0.08450834044055,1.9006105686854404,0.6031298216644878,1.9940125665551434,-0.19877902395318403
1781078869.2610812,336.662095785141,149.14561408051898,-157.50084106904484,-0.5973285769928793,-0.08490715125563497,1.8997920535796442,0.6033329538709828,1.9932938820131485,-0.2006013362372974
1781078869.3611615,336.7621760368347,149.14561359064032,-157.50084055980776,-0.5951116657620901,-0.08331404974831003,1.8988153485025057,0.6009152399561801,1.9916322083457791,-0.20087426490039278
1781078869.4609034,336.8619179725647,149.14561359064032,-157.50084055980776,-0.5942776985159526,-0.08598854922948362,1.8983124619122353,0.6004664966107675,1.9910173822956194,-0.20238588659809353
1781078869.5612187,336.9622333049774,149.14561359064032,-157.50084055980776,-0.5950306255682563,-0.0817052913137104,1.8957114982336012,0.6006140191444158,1.9885822297626754,-0.20281041722063853
1781078869.6612737,337.06228828430176,149.14561359064032,-157.50084055980776,-0.5969085775211624,-0.08348112974843502,1.9003008650464477,0.6027179679936651,1.9935928186665126,-0.2012910576822631
1781078869.7607636,337.1617782115936,149.14561359064032,-157.50084055980776,-0.5968796719265299,-0.08544001311389593,1.8992783002334024,0.6029637954305587,1.9926925001960305,-0.19918967877956542
1781078869.8608973,337.2619118690491,149.14561359064032,-157.50084055980776,-0.6001979450190049,-0.08701647164548376,1.8986001471204057,0.6064729503800361,1.993111125398755,-0.19830945780766007
1781078869.9616551,337.3626697063446,149.14561359064032,-157.50084055980776,-0.5949620921351197,-0.08817800973028511,1.9005819212197914,0.6014609317967319,1.993481098918499,-0.19997485402296283
1781078870.0605123,337.46152687072754,149.14561358129487,-157.49973355347117,-0.5980480754407154,-0.08723796413033824,1.8955002688212153,0.6043773348860377,1.9895208548857308,-0.19953735443268222
1781078870.1613817,337.5623962879181,149.14561354875718,-157.49862652240583,-0.5987634599484011,-0.09017517783510698,1.899696438635996,0.6055156840800854,1.9938645396900114,-0.19786839865179762
1781078870.260334,337.6613485813141,149.14561354875718,-157.49862652240583,-0.5983081190482551,-0.0880568142073912,1.8991800413483242,0.6047533446351628,1.9931410981923077,-0.19926634002692942
1781078870.3606791,337.7616937160492,149.14456524438555,-157.4986265562054,-0.596611024114651,-0.09029531982756112,1.899646729111483,0.6034053023282893,1.9931772761853999,-0.20075833368637544
1781078870.4621413,337.8631558418274,149.14456524438555,-157.4986265562054,-0.5985272218784132,-0.08874487023783217,1.8969079489973653,0.6050706465554423,1.9910726391300775,-0.19879989385084582
1781078870.5626411,337.96365571022034,149.14456524438555,-157.4986265562054,-0.5959315131166818,-0.08646868860989798,1.8958893405695105,0.6021720704544951,1.9892228618534795,-0.20146004655745284
1781078870.6615639,338.0625784397125,149.14456524438555,-157.4986265562054,-0.5944873155795847,-0.08279630313163011,1.8974453558312796,0.6002252878688846,1.9901179046888093,-0.202395106570049
1781078870.7603898,338.1614043712616,149.14456524438555,-157.4986265562054,-0.596987940850255,-0.08731608659789458,1.8990480283719884,0.603339622848855,1.9925867897190666,-0.19899845899288918
1781078870.861373,338.2623875141144,149.14456524438555,-157.4986265562054,-0.5990438832461393,-0.08855184532148996,1.8985924929975644,0.6055534686255668,1.9928242415805668,-0.1980856288376165
1781078870.9602127,338.36122727394104,149.14456524438555,-157.4986265562054,-0.5978859474763567,-0.08783927153723425,1.8958321675365843,0.60430401604978,1.989814803261941,-0.1986080239207278
1781078871.0611403,338.4621548652649,149.1445657201117,-157.49973404647042,-0.5975556637069417,-0.08779064623428212,1.8960615179140927,0.6039701721066004,1.9899319708244225,-0.19947475871993947
1781078871.1637547,338.5647692680359,149.14456521599462,-157.50084051902223,-0.5976269754891064,-0.08858884161324454,1.8969626476352235,0.6041572516246357,1.9908473751681395,-0.1975237252450294
1781078871.26042,338.66143465042114,149.14456521599462,-157.50084051902223,-0.5967606368889449,-0.08656913942209599,1.8969090682806478,0.6030070261948707,1.9904475594613733,-0.19850088720232972
1781078871.3617384,338.76275300979614,149.14456521599462,-157.50084051902223,-0.5984395873177277,-0.08762779821577737,1.8974430162188842,0.604821106352248,1.991506608195658,-0.1978402043293121
1781078871.4620287,338.86304330825806,149.14456521599462,-157.50084051902223,-0.5980859560372664,-0.08754583269876548,1.8972374719362672,0.6044593316608912,1.9912009211907897,-0.19780885433504924
1781078871.5616033,338.9626178741455,149.14456521599462,-157.50084051902223,-0.5977378170638303,-0.08856698422076192,1.8977675115002746,0.6042636913154669,1.9916465892191162,-0.19913879928025022
1781078871.661489,339.0625035762787,149.14456521599462,-157.50084051902223,-0.5968377344191254,-0.08520483328439354,1.8974681517066139,0.6028889987730541,1.9909446329776448,-0.19911363428462805
1781078871.761052,339.16206645965576,149.14456521599462,-157.50084051902223,-0.5981692231444811,-0.08677323264890902,1.8974784078582143,0.6044303213949592,1.9914216835491567,-0.1996787319544192
1781078871.860825,339.2618396282196,149.14456521599462,-157.50084051902223,-0.5975748553509561,-0.0841183630601563,1.8965684581223436,0.6034663261124322,1.9902621744625004,-0.20078422249942635
1781078871.9650726,339.36608719825745,149.14456521599462,-157.50084051902223,-0.6005432870805407,-0.08761649179311348,1.9014997260865683,0.6069010539549536,1.9960035314595332,-0.20028645346274812
1781078872.063618,339.4646325111389,149.14561409501695,-157.50084006226908,-0.597599778711384,-0.08374557447527309,1.8979883147296381,0.6034391574633591,1.9916070043084153,-0.20109490708484473
1781078872.1628199,339.56383442878723,149.1466623912286,-157.49973302237763,-0.5982981263088902,-0.08588456350767615,1.8984067877293707,0.604430977195604,1.9923064869368319,-0.2011706374321979
1781078872.2618723,339.66288685798645,149.14771071901234,-157.49973301377094,-0.6004947617537368,-0.08733277061116951,1.902336237280877,0.6068121387351281,1.9967734301588314,-0.1983474989592517
1781078872.361758,339.76277256011963,149.14771071901234,-157.49973301377094,-0.6033634976253381,-0.08862629961495827,1.9031191717507323,0.6098377909330659,1.998440570328604,-0.19872532853906946
1781078872.4608629,339.86187744140625,149.14771071901234,-157.49973301377094,-0.5992096363988253,-0.08801076420911613,1.9024141574602513,0.605638574539209,1.99649134971206,-0.20047402250812824
1781078872.560865,339.96187949180603,149.14771071901234,-157.49973301377094,-0.6004848931006563,-0.08723162381363636,1.9007106576337662,0.6067878237368236,1.9952173984500672,-0.20005876862746277
1781078872.6618679,340.0628824234009,149.1477107099727,-157.49862600713755,-0.6010877694210137,-0.08952115798797422,1.899057607615767,0.607717487221684,1.993925861540082,-0.19904936206393123
1781078872.7615607,340.16257524490356,149.1477107099727,-157.49862600713755,-0.6006921079106178,-0.0913897157752217,1.9026938049857591,0.6076043849871207,1.9973549519769298,-0.20049566921881676
1781078872.895305,340.2963194847107,149.1477107099727,-157.49862600713755,-0.598568250291379,-0.08799499269119337,1.9029112234938612,0.6050017099113076,1.9967719432860904,-0.20085616171697018
1781078872.9612699,340.3622844219208,149.14666236786462,-157.49973299741737,-0.5983861765956249,-0.08576653624677988,1.9031404750965772,0.6045013772362314,1.9968388976157607,-0.20145193421575164
1781078873.0617313,340.4627459049225,149.14666235393202,-157.50083997890945,-0.5984691995074911,-0.08597220979112308,1.9042433496169235,0.6046127716278462,1.9979237568475396,-0.2014464879050323
1781078873.161251,340.56226563453674,149.14561402465696,-157.50083998800656,-0.6003575911076098,-0.086663590137249,1.9032521735767298,0.6065804275246681,1.997575693504643,-0.20109871714612976
1781078873.2606664,340.66168093681335,149.14561402465696,-157.50083998800656,-0.599246441196783,-0.08813406320294348,1.9015123004210623,0.6056929175610939,1.9956485008729044,-0.20029485263641217
1781078873.3606803,340.7616949081421,149.14561401539737,-157.49973298134736,-0.6000667773467399,-0.09093962962617752,1.903252879820355,0.6069185723899444,1.9976790728383582,-0.19925621664434456
1781078873.4619334,340.8629479408264,149.14561399211928,-157.49973295694122,-0.5980561011500356,-0.08687114840554955,1.9028848418546147,0.6043324387686637,1.9965441186981425,-0.20180921485902875
1781078873.5609634,340.9619779586792,149.14561399211928,-157.49973295694122,-0.5959624882728747,-0.08655320756474794,1.9055898145396455,0.6022148662795884,1.9984832464760327,-0.1998990211940158
1781078873.6709409,341.0719554424286,149.14561399211928,-157.49973295694122,-0.5965316973558572,-0.08594199518444157,1.9018000361530094,0.6026907104697588,1.995013651581896,-0.20268905536239823
1781078873.7660556,341.16707015037537,149.1456139827738,-157.49862595060463,-0.5993522917471807,-0.08654538152748614,1.904447912822119,0.6055685532508568,1.9984081478363875,-0.2041867219582547
1781078873.8610728,341.2620873451233,149.1456139827738,-157.49862595060463,-0.597609497325891,-0.08788970983829358,1.9040192536993987,0.6040378401967574,1.9975362401837868,-0.19920159530491205
1781078873.9618936,341.3629081249237,149.14456566455547,-157.4997329655737,-0.5969824746815107,-0.08605866750545488,1.9041921266638075,0.6031535205316098,1.9974338098115065,-0.20123999490442582
1781078874.060586,341.4616005420685,149.14456566455547,-157.4997329655737,-0.5979017908099706,-0.08981634133846228,1.904769247413108,0.6046102270266334,1.998424232368066,-0.19694524228493004
1781078874.1633866,341.56440114974976,149.14351736048968,-157.49973299863814,-0.593102576425224,-0.08506017245656494,1.9006267478150514,0.5991710098966565,1.9928341460368943,-0.20157443329493108
1781078874.2623286,341.66334319114685,149.14351736048968,-157.49973299863814,-0.5951554012440567,-0.08693384864179166,1.903555889783119,0.6014710680237647,1.9963197317057333,-0.19901828038632477
1781078874.3607895,341.7618041038513,149.14351736048968,-157.49973299863814,-0.5982613451453744,-0.09018612967423678,1.904904164969906,0.6050208054941343,1.9986770756679195,-0.2009137105292084
1781078874.4607239,341.86173844337463,149.14351736048968,-157.49973299863814,-0.5952781012115906,-0.08625829833812304,1.901537823605423,0.6014952300843834,1.9944028194966819,-0.19838522817109835
1781078874.5626838,341.963698387146,149.14351680933694,-157.49973344646202,-0.5971865128983325,-0.08701196224939167,1.9030293197850705,0.6034921811938907,1.9964276607790696,-0.20014317227539907
1781078874.661373,342.06238746643066,149.14351736048968,-157.49973299863814,-0.5958049832571533,-0.08443018552893022,1.904068709831908,0.6017574547128655,1.9968950112771209,-0.19754998199802964
1781078874.7640073,342.1650218963623,149.1435173511442,-157.4986259927399,-0.5957406966332428,-0.08872116746263714,1.904380701466141,0.602310902425811,1.9973593265353295,-0.19962043107501468
1781078874.8612614,342.26227593421936,149.1435173511442,-157.4986259927399,-0.5953551126746959,-0.08570040221036379,1.900005449194507,0.6014917032901768,1.9929407858980002,-0.2017995761193157
1781078874.9606984,342.36171293258667,149.14456565521,-157.4986259592371,-0.5964990023322798,-0.0877512608837776,1.9039690698822322,0.6029190190814169,1.9971503605483265,-0.20190136330180805
1781078875.061654,342.46266865730286,149.1456139827738,-157.49862595060463,-0.597271385943202,-0.08973225549456743,1.9049258527999675,0.6039743257313639,1.9983812175879605,-0.20112878761059766
1781078875.1635127,342.5645272731781,149.1456139595816,-157.49862592587587,-0.5996259845584859,-0.08894327841815652,1.9022355316716844,0.6061866281381529,1.996487477067602,-0.19905583053487666
1781078875.2611523,342.66216683387756,149.14561340842886,-157.49862637369975,-0.596680400588582,-0.08479183631393994,1.9045862622795315,0.6026750002713243,1.997665133703834,-0.19973715678708778
1781078875.3605356,342.7615501880646,149.1456139595816,-157.49862592587587,-0.5975537916016833,-0.0874846036365966,1.9055758465265893,0.6039239105475129,1.99898559189318,-0.20083028437981856
1781078875.460584,342.8615984916687,149.1456139595816,-157.49862592587587,-0.5984873643403148,-0.08953212792638965,1.9023228388237394,0.6051471946609719,1.9962553219256436,-0.2007123779356987
1781078875.561308,342.962322473526,149.1456139595816,-157.49862592587587,-0.5972964438917074,-0.08529092101545643,1.9016105256153704,0.6033552710413198,1.9950338779641086,-0.20215387463841783
1781078875.6611948,343.0622093677521,149.1456139595816,-157.49862592587587,-0.5987074815865299,-0.08598214638971058,1.903205033699636,0.6048500458836609,1.997006003572623,-0.20251371028503432
1781078875.7623408,343.1633553504944,149.14561395015022,-157.49751891986188,-0.59957675554395,-0.09159357742839802,1.9048450635321812,0.6065324964210421,1.9990788842058387,-0.1996378124758002
1781078875.8606408,343.26165533065796,149.14561392687213,-157.49751889501738,-0.6007306132214012,-0.09075697366492363,1.9056744028039152,0.6075476095995905,2.000177249003756,-0.20121772572089225
1781078875.960492,343.36150646209717,149.1456139127196,-157.49862587648366,-0.5958341676976318,-0.08892378446577709,1.9082762101263722,0.60243322853213,2.001110663849932,-0.20333961643051335
1781078876.062086,343.4631006717682,149.1456138895274,-157.49862585131658,-0.6000812485781353,-0.08985192190982616,1.9055035646322784,0.6067708568858456,1.9997786646507416,-0.19902752096143003
1781078876.16069,343.5617046356201,149.1456138895274,-157.49862585131658,-0.5984748229595596,-0.08894411522683754,1.9042318717197089,0.6050480719330995,1.9980445917504213,-0.1984493690733588
1781078876.2612655,343.66228008270264,149.1456138895274,-157.49862585131658,-0.5964365689240765,-0.08727622592323314,1.903877032939249,0.602788288175316,1.9970231538254346,-0.20086703899762673
1781078876.3603823,343.7613968849182,149.1456138660294,-157.49862582644627,-0.5987685734792194,-0.08673730503815591,1.9107308663179763,0.6050183176331287,2.004230427912885,-0.20200285448384164
1781078876.4625673,343.86358189582825,149.14561385681793,-157.49751882045805,-0.5982085572633764,-0.0883798586110629,1.9101833071806245,0.6047019740262485,2.0036129228028923,-0.1993521533814051
1781078876.560973,343.96198749542236,149.14561385681793,-157.49751882045805,-0.5960292214698768,-0.08550569212002301,1.9079915895379544,0.6021312616289837,2.000748350487507,-0.2050706117740539
1781078876.661012,344.0620265007019,149.14561385681793,-157.49751882045805,-0.5979979732944969,-0.08865605940837895,1.9059990245747747,0.6045340957581696,1.999573393155185,-0.19999195468259862
1781078876.7639005,344.16491508483887,149.14561385681793,-157.49751882045805,-0.5991623464553868,-0.08914969376010617,1.9069432334687018,0.6057583555407599,2.0008437422696237,-0.20074542099372047
1781078876.8620043,344.26301884651184,149.14561385681793,-157.49751882045805,-0.5995933104995856,-0.09069048549380909,1.9065893462305505,0.6064131447742168,2.000704835130558,-0.19888788928295037
1781078876.960743,344.36175751686096,149.14771056955846,-157.49862585875408,-0.6005131614051606,-0.08782213444320064,1.903386975816067,0.606900967472437,1.9978014826366541,-0.20018246178279517
1781078877.0606313,344.4616458415985,149.14771060226795,-157.49973288917423,-0.6024084514357355,-0.08969884952009011,1.9037355932632611,0.6090499371697108,1.998787391150907,-0.19804531876663276
1781078877.1615946,344.56260919570923,149.14771062568005,-157.49973291436712,-0.6013641074351312,-0.08898041523082156,1.9031594370354532,0.6079114277638655,1.9978919257014391,-0.19774113826366013
1781078877.2607164,344.66173100471497,149.14875895412354,-157.49973290583782,-0.598063928565125,-0.08512479550716989,1.9050858865747926,0.6040916267097968,1.9985692203892644,-0.20048999912551682
1781078877.360362,344.761376619339,149.14875894486397,-157.498625899617,-0.6017424654651506,-0.09007605843066813,1.9026024423967756,0.6084469500675331,1.9975244040713642,-0.19978030525125023
1781078877.461868,344.86288261413574,149.14875894486397,-157.498625899617,-0.603007895447405,-0.09055049244219049,1.9032333585150756,0.6097687378452847,1.998528241135963,-0.19773388545452103
1781078877.563352,344.9643666744232,149.14875896858192,-157.49862592407473,-0.6036918344902915,-0.09068202698918526,1.9010492592961727,0.6104646271890951,1.9966610496826063,-0.20038344113568338
1781078877.6634963,345.06451082229614,149.14771063961265,-157.49862593287503,-0.6023809831746121,-0.09031124889227726,1.9014047855774443,0.6091132657945443,1.9965868699317098,-0.19867575907707344
1781078877.7607956,345.1618101596832,149.14771063961265,-157.49862593287503,-0.599050751137213,-0.08590716085345207,1.9051539698551105,0.6051791823286389,1.9989631041063882,-0.20044543664760608
1781078877.8606863,345.26170086860657,149.14875895923643,-157.4975189181765,-0.601819726534103,-0.0909447274970887,1.9009108604300615,0.6086525500686761,1.9959759582735608,-0.1974310222111694
1781078877.9611304,345.362144947052,149.14666228833093,-157.4986259170498,-0.5977652246719458,-0.08624714342522566,1.9053249360132463,0.6039551585805963,1.9987558493647979,-0.20031588314389226
1781078878.060567,345.46158146858215,149.14666226505284,-157.49862589220527,-0.5989232359761729,-0.08801614098163668,1.9037104506002325,0.6053559974638641,1.997640949567767,-0.19965050814948945
1781078878.1624484,345.563462972641,149.1456139127196,-157.49862587648366,-0.5985976005023019,-0.08900975685531876,1.904168081680423,0.6051791669766536,1.9980235002204199,-0.19971446042147384
1781078878.296351,345.69736552238464,149.1456144057642,-157.4986263890118,-0.5966591844076561,-0.08542716317097643,1.9039816065071056,0.6027437121575387,1.9971093962181512,-0.20072523686733612
1781078878.3620985,345.7631130218506,149.1456139033741,-157.49751887014708,-0.5985807507328502,-0.08744599007127363,1.9060195653740417,0.6049344727550645,1.999714054537823,-0.20255211412283325
1781078878.4633331,345.8643476963043,149.14561439641872,-157.49751938267522,-0.5998677065745142,-0.08878221111109497,1.907205517021678,0.6064021325826142,2.0012886924576043,-0.20003470339424223
1781078878.5615144,345.9625289440155,149.14561439641872,-157.49751938267522,-0.5977440256256727,-0.08836258699091104,1.9093001110642271,0.604239908439447,2.0026314641143492,-0.19826233320751438
1781078878.6606276,346.0616421699524,149.14561384210003,-157.49751982720804,-0.5940314422235815,-0.08305220477788566,1.9070120967945,0.59980915553924,1.9991163448857225,-0.20175691550445674
1781078878.7609017,346.1619162559509,149.14561384210003,-157.49751982720804,-0.5969390464014168,-0.08745879582824045,1.9045742492410946,0.6033119144243372,1.9978459242290527,-0.20218872992604076
1781078878.8606243,346.261638879776,149.14561383288859,-157.49641282078147,-0.5964012503206106,-0.08899914986605495,1.907776945598207,0.6030052239084404,2.000806880790071,-0.19952290775216874
1781078878.9604967,346.36151123046875,149.1456138748095,-157.49862685806653,-0.5965308177856059,-0.08940939971250828,1.9068517339749411,0.6031940461616931,1.9999816480878405,-0.20101674649774523
1781078879.06069,346.46170449256897,149.14456554724572,-157.49862686669903,-0.5974810837209361,-0.08747542624610105,1.9034488435226635,0.603850640143141,1.9969359267410276,-0.199838397060455
1781078879.1625192,346.563533782959,149.14456554724572,-157.49862686669903,-0.5991582703818779,-0.08994978218271399,1.903753238466704,0.6058725907991886,1.997838329108285,-0.19926417063599886
1781078879.2616577,346.66267228126526,149.14456554724572,-157.49862686669903,-0.5976864988282955,-0.0904432182285575,1.9060972098743563,0.604490799437977,1.999653895076838,-0.19838673044651128
1781078879.361995,346.76300954818726,149.14456554724572,-157.49862686669903,-0.5969777719481044,-0.08949977089548611,1.9054152592637046,0.6036494588670377,1.9987496039838102,-0.19904304804611536
1781078879.4618576,346.86287212371826,149.14456554724572,-157.49862686669903,-0.5963826576528675,-0.09012501335183742,1.9066461232580338,0.603154037026004,1.9997735451084595,-0.20050167965207763
1781078879.5614672,346.96248173713684,149.14456554724572,-157.49862686669903,-0.5964386199303817,-0.08983473721323776,1.9071748940049444,0.6031660694656404,2.000281326133252,-0.20227304835712107
1781078879.660598,347.0616126060486,149.14456553781432,-157.49751986068503,-0.5969040532634438,-0.08957755391384126,1.9057839170532438,0.6035880937920456,1.9990825209246166,-0.1998000983758395
1781078879.7619023,347.1629168987274,149.14456553781432,-157.49751986068503,-0.5975158775003422,-0.09043604609738054,1.90256072574408,0.6043210258618605,1.9962317544419965,-0.20043219522157216
1781078879.8623939,347.2634084224701,149.14456553781432,-157.49751986068503,-0.5962284768567372,-0.09243351387101484,1.9077776093727856,0.6033509352785059,2.0009117316677387,-0.200160140699581
1781078879.9607248,347.36173939704895,149.14456557978338,-157.49973389776437,-0.5969607895093532,-0.08707449711835125,1.906938015238743,0.6032778400207023,2.000089184567208,-0.2017407281159332
1781078880.0631225,347.46413707733154,149.1445656032814,-157.49973392263468,-0.5954853599582179,-0.08672943456770099,1.9024395295413103,0.6017680688978118,1.9953448254139845,-0.20076569987213658
1781078880.162274,347.5632884502411,149.14456561262688,-157.5008409285329,-0.596783575766068,-0.08662055942448887,1.9062357277500535,0.6030371113116884,1.9993469952386758,-0.1995502290205873
1781078880.2612982,347.662312746048,149.1445656032814,-157.49973392263468,-0.5955438434734788,-0.0850967074818243,1.90295250050723,0.6015928183775223,1.9957810847660948,-0.2026077688295198
1781078880.3609653,347.7619798183441,149.1445656032814,-157.49973392263468,-0.5991142634892697,-0.08969290599324609,1.9019367149626476,0.6057909854907081,1.9960826600681423,-0.20020212866750514
1781078880.4605544,347.8615689277649,149.1445656032814,-157.49973392263468,-0.5965819295488757,-0.08891435716913065,1.906673412620053,0.6031714197266473,1.9998048064666858,-0.2012756012947691
1781078880.562875,347.96388959884644,149.1445656032814,-157.49973392263468,-0.5972605957878443,-0.086603889641367,1.9056305567267837,0.6035067961356068,1.9989117718680574,-0.20048199923939994
1781078880.6613774,348.06239199638367,149.1445656032814,-157.49973392263468,-0.5974414126150975,-0.08775201876272831,1.9058243553446759,0.6038515200812675,1.9992006231815271,-0.20083056770795515
1781078880.7607565,348.16177105903625,149.1445655939359,-157.49862691629806,-0.5966900433847115,-0.08560320960842205,1.9062783807211297,0.6027992347122816,1.9993159285551856,-0.20293184238967724
1781078880.8604274,348.26144194602966,149.1445655939359,-157.49862691629806,-0.5978716072631016,-0.08821322124725839,1.9052049871956325,0.604344298537003,1.9987591336650077,-0.19989967350066734
1781078880.9604957,348.36151027679443,149.1445656032814,-157.49973392263468,-0.5961982297463351,-0.0870709312333986,1.9063440596871912,0.6025227599174283,1.9992952133497335,-0.20215672271615656
1781078881.0613256,348.46234011650085,149.1445656032814,-157.49973392263468,-0.592029169738737,-0.07968243789431995,1.906575526587343,0.5973674151896138,1.997968485064798,-0.20141214149898307
1781078881.1613765,348.56239104270935,149.1445656032814,-157.49973392263468,-0.5919581927073523,-0.0790886069487442,1.9065938597874024,0.5972181424424812,1.9979413544549982,-0.20064747596578567
1781078881.2603893,348.66140389442444,149.1445656032814,-157.49973392263468,-0.5945149162530754,-0.08460702240503792,1.906241781204315,0.6005050656636027,1.9985905189149298,-0.20389956878855278
1781078881.360069,348.7610836029053,149.1445656032814,-157.49973392263468,-0.5971615750880801,-0.08769036647319695,1.9064062508469493,0.6035656941326937,1.9996690577198521,-0.20121857379144772
1781078881.4603572,348.8613717556,149.14456557978338,-157.49973389776437,-0.5997077618334004,-0.09133595294983365,1.9087679022774215,0.6066231580680717,2.0028446172054957,-0.20058346552975104
1781078881.5602617,348.9612762928009,149.14456557978338,-157.49973389776437,-0.5974637266468221,-0.09108631063810435,1.9078389353779426,0.6043671240598465,2.0012768484116363,-0.20123283536362788
1781078881.6614425,349.06245708465576,149.14456557978338,-157.49973389776437,-0.5960201747619465,-0.08655707194841966,1.9086403994463654,0.6022725092742861,2.001409590720082,-0.2013585744039909
1781078881.760807,349.161821603775,149.14456557978338,-157.49973389776437,-0.5991571651464369,-0.08846531833069093,1.904951307366814,0.6056528882897078,1.9989134309749883,-0.20056501559795695
1781078881.8605921,349.2616066932678,149.1456139075671,-157.49973388915768,-0.5970060499161605,-0.08746427872742402,1.908535820554782,0.6033790050124429,2.0016431255422433,-0.20231697690608322
1781078881.9604418,349.36145639419556,149.1456139308452,-157.49973391400218,-0.5940792371750092,-0.0803898181709144,1.9054573489557052,0.5994936721167234,1.9975385782500668,-0.19986278257433607
1781078882.0603087,349.461323261261,149.1456139541233,-157.49973393840833,-0.5947677459646741,-0.08066887539408185,1.9053200429644224,0.6002134112940538,1.9976237396514873,-0.2020047714125957
1781078882.1606877,349.5617022514343,149.1456139778412,-157.49973396330444,-0.5989193854604196,-0.0872008540553395,1.905667669865743,0.6052341854425172,1.9994693514029662,-0.19932332496936572
1781078882.260609,349.6616234779358,149.1456139778412,-157.49973396330444,-0.5963744505445732,-0.08168146311766122,1.9032335838621959,0.6019421456247962,1.9961544082110285,-0.1976284103061821
1781078882.3614826,349.76249718666077,149.1456139778412,-157.49973396330444,-0.5986143494527596,-0.08497214225090488,1.9018485505307219,0.6046150877454669,1.9956420805057369,-0.19839452621536627
1781078882.4605014,349.86151599884033,149.1456139778412,-157.49973396330444,-0.5977110816726281,-0.08467776858066145,1.8995685403592932,0.603679436162988,1.9931857668488402,-0.20092058771863083
1781078882.5605671,349.96158170700073,149.1456139778412,-157.49973396330444,-0.6020460718652032,-0.08740629051197857,1.9032401190922654,0.6083578981729306,1.9981046727315679,-0.19865575683254053
1781078882.6605422,350.0615568161011,149.1456139778412,-157.49973396330444,-0.5968961835499158,-0.08475060343965879,1.8996034881898751,0.602882839961332,1.992977955488465,-0.19971085460533447
1781078882.760498,350.1615126132965,149.1456139778412,-157.49973396330444,-0.5985218729001645,-0.0844411620729204,1.9044838765699799,0.604449122914531,1.9981034953943613,-0.200694841266493
1781078882.860605,350.2616195678711,149.1456139778412,-157.49973396330444,-0.5971794917790589,-0.08616507792319794,1.903652564891278,0.6033637095939777,1.9969829378019601,-0.19849005972882872
1781078882.960445,350.3614594936371,149.1456139778412,-157.49973396330444,-0.5940614952619399,-0.07938148146141089,1.9045481481305373,0.5993417053333266,1.9966256855753708,-0.19816344554736762
1781078883.06037,350.4613845348358,149.1456139778412,-157.49973396330444,-0.5979825619149324,-0.08327936872726127,1.906610274091418,0.6037537557729616,1.9999203321334849,-0.20026429678174384
1781078883.1612327,350.56224727630615,149.14666231593603,-157.5008409608149,-0.5968271252405657,-0.08209814670024684,1.9026317214493607,0.6024472782862689,1.9957329958137915,-0.2015002919799732
1781078883.2607176,350.66173219680786,149.1477106529312,-157.50194795819644,-0.5982059023331772,-0.08157532527553712,1.9021706763193214,0.6037423583616279,1.9956848742046336,-0.20078915753015386
1781078883.360263,350.76127767562866,149.1477106529312,-157.50194795819644,-0.6032764592621334,-0.08184117869228658,1.9032235050340045,0.6088024842505155,1.9982242554186755,-0.19596329053894185
1781078883.460487,350.861501455307,149.1477106529312,-157.50194795819644,-0.6039947016575979,-0.08419093595915683,1.9040927991287642,0.6098341687115684,1.9993666749803902,-0.1966703756526936
1781078883.5604136,350.9614281654358,149.1477106529312,-157.50194795819644,-0.6014448818966684,-0.07852888122513946,1.9044786378179568,0.6065498587471351,1.998735003208557,-0.19722040464216378
1781078883.6609154,351.06192994117737,149.1477106529312,-157.50194795819644,-0.600620943455624,-0.08160443725577693,1.9000247775352166,0.6061392594918728,1.9943668060678068,-0.1982754900914279
1781078883.7605078,351.16152238845825,149.1477106529312,-157.50194795819644,-0.6017722158669301,-0.08391448744117724,1.9034189713211345,0.6075948000040081,1.99804284773303,-0.19958715991771261
1781078883.8605537,351.2615683078766,149.1477106529312,-157.50194795819644,-0.6045713831677517,-0.0824404680008115,1.9009742056520265,0.6101663610111273,1.9964984143905335,-0.19608755792604343
1781078883.9612238,351.362238407135,149.14875900517856,-157.50194797467898,-0.6020292180867557,-0.08406913598651045,1.8953641840532218,0.6078707091608123,1.990455271853001,-0.19808521603523094
1781078884.0604339,351.461448431015,149.14771066708374,-157.50084097673013,-0.6027584032571838,-0.08744189337704711,1.8979797138848444,0.6090679579607785,1.9933115089551128,-0.19755055040376054
1781078884.1609366,351.5619511604309,149.14666236271214,-157.50084101052974,-0.6055697460685678,-0.0868937052096328,1.8988130864202721,0.6117722070825122,1.9949326731795958,-0.19719641438655053
1781078884.2604122,351.66142678260803,149.14666238599023,-157.50084103537424,-0.6008654192678762,-0.08461608889570016,1.8942268821458392,0.6067941451365246,1.989043643466858,-0.19701581399057239
1781078884.3610163,351.76203083992004,149.1456140572409,-157.50084104420034,-0.6028318903685772,-0.08369305364169577,1.896874475457659,0.608613847421519,1.992120375608862,-0.19602316469900644
1781078884.4601977,351.86121225357056,149.1456140572409,-157.50084104420034,-0.6028881106775543,-0.08620728870764083,1.8952273341007757,0.6090203367890711,1.990676372127174,-0.19722453740163623
1781078884.5608451,351.96185970306396,149.1456140572409,-157.50084104420034,-0.6020257316255311,-0.08587282037930777,1.8976836358871139,0.6081193327128753,1.9927398989162857,-0.1939799836884876
1781078884.6611545,352.0621690750122,149.1456140572409,-157.50084104420034,-0.6014710461122661,-0.08899764284424805,1.899636093113453,0.6080197363106037,1.9945689474176016,-0.1951254073188535
1781078884.7623134,352.1633279323578,149.1456140572409,-157.50084104420034,-0.6030685931276594,-0.08760926042390338,1.898369612326957,0.6093989748342195,1.9937839139524118,-0.1953040773732205
1781078884.8602483,352.26126289367676,149.1456140478954,-157.49973403786373,-0.6014542159980465,-0.08726937348498609,1.900129608500727,0.6077525133557958,1.9949575550851735,-0.19873644466342893
1781078884.9604096,352.3614242076874,149.1456140478954,-157.49973403786373,-0.5999162174704509,-0.08349636632780744,1.8968239770503168,0.605698861790247,1.9911836457461631,-0.19581190574929253
1781078885.0603168,352.4613313674927,149.1445657201117,-157.49973404647042,-0.5978324887555289,-0.08191420304478925,1.8983519680999237,0.6034182805252858,1.9919472422885467,-0.1978977047916995
1781078885.1603136,352.5613281726837,149.14456572945718,-157.50084105280703,-0.5957336252425591,-0.07953177767763009,1.8936986908074949,0.6010190145953835,1.9867859943816861,-0.20055708347989323
1781078885.2604725,352.66148710250854,149.14351740180743,-157.50084106176212,-0.6008426989756401,-0.08269454582210756,1.8981295103801674,0.6065066667573048,1.9926730727836692,-0.19439063060083472
1781078885.360738,352.76175260543823,149.14351740180743,-157.50084106176212,-0.5988821649413296,-0.08340204630101766,1.9009200106571946,0.6046616812830221,1.9947713241695049,-0.1986490721026802
1781078885.461371,352.8623855113983,149.14351740180743,-157.50084106176212,-0.5970915633622838,-0.08588615978982261,1.8993704008791998,0.6032369082556696,1.9928629373887887,-0.19911306195338022
1781078885.5612016,352.9622161388397,149.14351740180743,-157.50084106176212,-0.5927373739509392,-0.07816288336684352,1.8978942001621413,0.5978687404560254,1.9898365324376694,-0.2034949781960668
1781078885.6616108,353.0626254081726,149.14351741596,-157.4997340802958,-0.5979560984394254,-0.08717085105524802,1.897852526761621,0.6042766360985637,1.991731524646348,-0.19879417088703275
1781078885.7609403,353.16195487976074,149.14351741596,-157.4997340802958,-0.5961961528295205,-0.0908076538802618,1.8965637999530585,0.6030720376969558,1.9901382188039962,-0.19892122734418705
1781078885.860763,353.26177763938904,149.1435168649322,-157.49973452166245,-0.5943437108819296,-0.0839632124508114,1.900717918355631,0.6002451730001357,1.9932443083746976,-0.2013777205574491
1781078885.960728,353.3617424964905,149.14351741596,-157.4997340802958,-0.5951957775173469,-0.08746212699867328,1.8977076740562606,0.6015875973070016,1.9907792578298664,-0.19999599958965475
1781078886.061779,353.4627935886383,149.14456575295517,-157.50084107767734,-0.5974985177213057,-0.08989276649759859,1.8982036167219793,0.6042227967792586,1.9920497380045892,-0.19868789481914903
1781078886.160759,353.5617735385895,149.14456576230066,-157.50194808401392,-0.5979839317173798,-0.08238008091294091,1.8975388388842773,0.603631725742939,1.9912370289339463,-0.19811429613537615
1781078886.2611446,353.66215920448303,149.14561409907594,-157.503055081808,-0.5970497565393771,-0.0814891481247173,1.8924227051729732,0.6025851749303343,1.9860444577350265,-0.2009558065799122
1781078886.362107,353.76312160491943,149.14561354804815,-157.50305552317462,-0.5989601001529365,-0.0873969854287111,1.8976317541839987,0.6053027627867249,1.9918327512933112,-0.1988134331896661
1781078886.4620607,353.86307525634766,149.14561357154614,-157.50305554804493,-0.6004780528942888,-0.08022892713415786,1.8947905186401226,0.6058139753726505,1.9892817000830523,-0.19899684407449367
1781078886.561155,353.9621696472168,149.14561357154614,-157.50305554804493,-0.5975654695371873,-0.08141435518069784,1.8916198679421061,0.6030860532400728,1.9854315683009574,-0.20153513165789178
1781078886.6606789,354.0616934299469,149.14456524376243,-157.50305555665162,-0.5990620150669201,-0.07969265251531965,1.8967975017344814,0.6043394880040244,1.990745332619704,-0.19722817450306
1781078886.7610338,354.16204833984375,149.14456524376243,-157.50305555665162,-0.6020099826627074,-0.0881093176483887,1.894746516767203,0.6084235951062532,1.9900360885882111,-0.1956597958416984
1781078886.8949525,354.2959671020508,149.14456524376243,-157.50305555665162,-0.593536375863323,-0.07739495860880652,1.8953801341037402,0.5985611155855571,1.987647167342871,-0.19857849760629198
1781078886.961971,354.3629856109619,149.14456524376243,-157.50305555665162,-0.5961309461985138,-0.07845709482958796,1.8919049265013925,0.6012716696674094,1.9851528585136395,-0.20072593449037807
1781078887.0625393,354.46355390548706,149.14456522017852,-157.50305553210393,-0.5975259113520508,-0.08473125274497306,1.8967937683493221,0.603503603907078,1.9904881812202888,-0.19944484655289937
1781078887.161456,354.56247067451477,149.14456522017852,-157.50305553210393,-0.5989610154222191,-0.0837159995737693,1.8926626231538324,0.6047831566605101,1.9869409834375547,-0.1978312108293634
1781078887.2609968,354.662011384964,149.1435168928346,-157.5030555407622,-0.5961801011500256,-0.08300117638165716,1.892926034386534,0.6019301523333033,1.9863254718062504,-0.20156207502203943
1781078887.3611171,354.762131690979,149.1435168928346,-157.5030555407622,-0.5953736161951895,-0.08093749231949232,1.894539093117204,0.6008499151404655,1.987535910587193,-0.2002825774803962
1781078887.4614007,354.8624153137207,149.1435168928346,-157.5030555407622,-0.5935895079736895,-0.07964707637381707,1.8980017020781907,0.5989091423173831,1.9902518990929396,-0.20050693713339274
1781078887.5604277,354.96144223213196,149.1435168928346,-157.5030555407622,-0.5912075924502176,-0.07926547131941675,1.8956275636473463,0.5964976381464321,1.9872627637969382,-0.19975917600629983
1781078887.6614065,355.0624210834503,149.1435168928346,-157.5030555407622,-0.5928265444237297,-0.08335666491873894,1.8912716994938605,0.5986582041196423,1.983759130203602,-0.2035069622001124
1781078887.7610886,355.16210317611694,149.1435168928346,-157.5030555407622,-0.594502253919643,-0.08371172552338635,1.8956518228798598,0.6003670401559685,1.9884507578749275,-0.20242736647009188
1781078887.8614254,355.2624399662018,149.1435168928346,-157.5030555407622,-0.5944724989851125,-0.08138915010729875,1.8944703809458285,0.6000181212303449,1.9872191047002907,-0.2005879023535588
1781078887.9601834,355.3611979484558,149.14456516427686,-157.5019484760783,-0.596620966210935,-0.08528689530606925,1.89657406915174,0.6026860143004963,1.9900310629767082,-0.20025621936848706
1781078888.061702,355.46271657943726,149.1456134688684,-157.50194844230452,-0.5939435886288607,-0.08273776962289503,1.8960502495024545,0.5996786847933654,1.9886229088577403,-0.20405042690312974
1781078888.163705,355.56471967697144,149.1456134688684,-157.50194844230452,-0.5944243297062712,-0.0856446871800074,1.8959215103180342,0.6005624831679974,1.9887668715753306,-0.20231896247884065
1781078888.261972,355.6629865169525,149.1456134361589,-157.50084141100766,-0.5899173519727583,-0.07926410992908473,1.8962997391885554,0.5952186835789021,1.9875205614352736,-0.20248680930030202
1781078888.3602085,355.76122307777405,149.14561344506455,-157.50194841729265,-0.5949080737551071,-0.08328010518826545,1.8959678751892082,0.6007089079905346,1.9888552928477883,-0.20283521621433787
1781078888.4610572,355.8620717525482,149.14456511750075,-157.50194842592515,-0.5943004283249422,-0.08709563421109578,1.899149704933215,0.6006485233527531,1.9918705405607466,-0.20324968894074846
1781078888.5602927,355.9613072872162,149.14456511750075,-157.50194842592515,-0.5943850555781296,-0.08556560387310697,1.897767629994505,0.6005123369763403,1.9905117543776891,-0.20171214415822242
1781078888.6619077,356.0629222393036,149.14456509422266,-157.501948401519,-0.5930012101720195,-0.0830480609637334,1.9009784777813226,0.5987882895442391,1.9930545874820162,-0.20180233371772896
1781078888.7606692,356.1616837978363,149.14456509422266,-157.501948401519,-0.5948837745123683,-0.08201903686969558,1.8980667912625,0.6005113051284836,1.9907966675882893,-0.20384178967268088
1781078888.8610687,356.26208329200745,149.14456509422266,-157.501948401519,-0.5937808057049097,-0.08725910932116676,1.9017394372450476,0.6001581436447355,1.9941922386159778,-0.2027718646641738
1781078888.961758,356.3627724647522,149.14456511750075,-157.50194842592515,-0.5938007029842822,-0.08578968112638563,1.8987266570421282,0.5999659525776398,1.9912614249301297,-0.2037170582404376
1781078889.0607932,356.4618077278137,149.14351681343493,-157.5019484598663,-0.5930094497181813,-0.0843156732593684,1.894607728017662,0.5989735722152028,1.9870349225105453,-0.203112769282163
1781078889.167747,356.56876158714294,149.14351683693295,-157.5019484847366,-0.5910476079700402,-0.08495351812800322,1.8972336410920347,0.5971217423017112,1.9889821175718927,-0.20494822889931497
1781078889.2616916,356.6627061367035,149.14351683693295,-157.5019484847366,-0.5892700359133016,-0.07903290713684896,1.897972765027918,0.5945463612164871,1.9889157831400217,-0.20162809091077402
1781078889.3615615,356.76257610321045,149.14351683693295,-157.5019484847366,-0.5919612874572806,-0.08453971014409944,1.8974616282360115,0.5979674978118206,1.9894536333042259,-0.2043848736486977
1781078889.4608865,356.8619010448456,149.14351683693295,-157.5019484847366,-0.5933732458506142,-0.08439691693149598,1.8953096799994198,0.5993451830780283,1.9878162469348968,-0.20330905814328049
1781078889.561744,356.9627585411072,149.14351683693295,-157.5019484847366,-0.592730151564183,-0.08516677100769243,1.8970150621194484,0.5988175109807461,1.9892834281130556,-0.20460842347178734
1781078889.660889,357.0619034767151,149.14351683693295,-157.5019484847366,-0.5916967776009301,-0.08526073294510184,1.8999984765878757,0.5978080538146509,1.991825464302008,-0.20530757462636676
1781078889.76096,357.1619746685028,149.14351683693295,-157.5019484847366,-0.5911189407920858,-0.08012570246992823,1.8969467349449451,0.5965247106025507,1.988529266965348,-0.20217122824868697
1781078889.8618617,357.26287627220154,149.14351736446272,-157.50194801849966,-0.5921179987524567,-0.08499522682868133,1.8990031185642189,0.5981871889553247,1.9909898938334425,-0.20580899793524027
1781078889.9608717,357.3618862628937,149.14246904439915,-157.50305503358496,-0.5893612411053653,-0.08206526406098646,1.898806906859898,0.5950473763345705,1.9898615654415535,-0.20401451540899496
1781078890.0617585,357.4627730846405,149.14351738796074,-157.50194804336996,-0.5918317479877544,-0.08379449051849974,1.899144390840981,0.5977343344392188,1.9909886367908423,-0.20338109774862084
1781078890.1621542,357.5631687641144,149.14456573858274,-157.5019480591178,-0.592127313689474,-0.07835994435586713,1.8980419051957553,0.5972897425007124,1.9898035356224744,-0.20586964081481227
1781078890.260483,357.661497592926,149.14456573858274,-157.5019480591178,-0.59314445029176,-0.08249586335784898,1.8965613298214592,0.5988538272258691,1.9888616804989765,-0.20383992292328357
1781078890.3615713,357.7625858783722,149.14456573858274,-157.5019480591178,-0.5947293818796879,-0.08451723006695033,1.8951061682475014,0.6007047526440802,1.9880325924840652,-0.20101035827061686
1781078890.4615314,357.86254596710205,149.14456573858274,-157.5019480591178,-0.5927270494525771,-0.08573742205001622,1.8967158165945146,0.5988958679875329,1.9890216563960124,-0.20431587321256167
1781078890.561371,357.96238565444946,149.14456573858274,-157.5019480591178,-0.5941952779600683,-0.08283388683852877,1.8966819443881604,0.599941231420896,1.9893043707102425,-0.20428876834470716
1781078890.6605747,358.06158924102783,149.14456622852452,-157.50194856842054,-0.5925315692940671,-0.07969142217888248,1.8944324466772,0.5978665263911191,1.9865343385912928,-0.20606838562997726
1781078890.7606885,358.1617031097412,149.14456622852452,-157.50194856842054,-0.5929740252633735,-0.08213572167417738,1.8980047211274547,0.598635507977923,1.9901724530387042,-0.2042516803451266
1781078890.8616006,358.2626152038574,149.14456518755495,-157.50194850048445,-0.5940957988410673,-0.08307318486882309,1.8980290573695089,0.5998757973487976,1.990569083167887,-0.2010765854739796
1781078890.9603992,358.3614137172699,149.14456576230066,-157.50194808401392,-0.5924566690082145,-0.08116255902476155,1.8922686911165798,0.5979901885815159,1.9845082678134176,-0.20748896194841077
1781078891.0616755,358.462690114975,149.14456576230066,-157.50194808401392,-0.5927908183694797,-0.08412501853604226,1.8955479284057255,0.5987303007923074,1.9878581242055693,-0.20497837664446797
1781078891.1624684,358.56348299980164,149.14456578557875,-157.50194810885841,-0.5938201574574578,-0.08308868419939586,1.8967646812812209,0.5996049606572538,1.9892818716814966,-0.20494492747299614
1781078891.2634566,358.6644711494446,149.14456627552053,-157.50194861816115,-0.5940267943343827,-0.0838432226781265,1.8913913900677009,0.5999145925681728,1.9842527330958792,-0.2046393637067939
1781078891.3608158,358.761830329895,149.144566284732,-157.50305562458772,-0.5929262239967841,-0.08085513578427594,1.896248648294933,0.5984137866775616,1.988431038845989,-0.2058862988026084
1781078891.4613307,358.86234521865845,149.144566284732,-157.50305562458772,-0.5958547769138818,-0.08439966512904107,1.8929376613321733,0.6018024747747271,1.9862978649574952,-0.20226059212032088
1781078891.5626454,358.96366000175476,149.14561461251571,-157.50305561598103,-0.5965190293666183,-0.08213673387723475,1.8969400504996625,0.6021473203863918,1.9902168099576927,-0.20473431050539526
1781078891.6661348,359.06714940071106,149.14561458901773,-157.50305559111072,-0.5964082359763836,-0.08312389712784807,1.8933435222333663,0.602173036771145,1.9867969346154208,-0.20324972153028928
1781078891.7957566,359.19677114486694,149.14561458901773,-157.50305559111072,-0.593936709961838,-0.08063941150629717,1.8971006407341213,0.5993859609036355,1.9895362201282458,-0.20514865618599945
1781078891.8634722,359.26448678970337,149.14561461251571,-157.50305561598103,-0.5968452085391789,-0.08190021018162952,1.8934764245189815,0.6024382519262625,1.987003980266058,-0.20335865213396867
1781078891.961738,359.36275267601013,149.1477112925468,-157.50305562298018,-0.5945005141840625,-0.076139107770274,1.8967258743234854,0.5993563423349819,1.9891699443298851,-0.20803354829764895
1781078892.064156,359.46517062187195,149.14875962121022,-157.5030556144767,-0.5972863028623863,-0.07860815746721528,1.8929552089547697,0.6024368597682322,1.98650688222226,-0.20535411258297215
1781078892.1616905,359.562705039978,149.14980797244382,-157.50305563050767,-0.5990747839035748,-0.07981898597455483,1.8919262165693467,0.6043688172226633,1.9861134096958117,-0.20471916343256905
1781078892.2622027,359.6632173061371,149.14980797244382,-157.50305563050767,-0.6001391184325939,-0.08107893881251016,1.891974862533117,0.6055912448112288,1.9865320627287193,-0.20334464454376128
1781078892.3615837,359.7625982761383,149.14980797244382,-157.50305563050767,-0.6002543193780809,-0.08123456260611306,1.8921495371775685,0.6057262600332346,1.9867395836231623,-0.2033781997018491
1781078892.4625475,359.8635621070862,149.14980797244382,-157.50305563050767,-0.598016013207257,-0.08043847500155721,1.892788092652311,0.6034016078142966,1.986640446582937,-0.2052393259391889
1781078892.561368,359.96238255500793,149.14980797244382,-157.50305563050767,-0.5985855578463202,-0.08216371905825781,1.8968586702839718,0.6041982677827491,1.9907607495184227,-0.20642994770518552
1781078892.6608086,360.06182312965393,149.14980797244382,-157.50305563050767,-0.5980882084517134,-0.07976925267891488,1.8949796239994394,0.6033843209447298,1.988723312614148,-0.20458992262312947
1781078892.7621748,360.16318941116333,149.14980797244382,-157.50305563050767,-0.5985923222748966,-0.08279020895471945,1.894736197548826,0.6042904822891221,1.9887665135171106,-0.20526986123643107
1781078892.861856,360.26287055015564,149.14980797244382,-157.50305563050767,-0.5975412847990356,-0.08154979874234414,1.8936419955242365,0.6030803899267485,1.9873565266270699,-0.20705862375489628
1781078892.9607408,360.36175537109375,149.14875964488002,-157.50305563914014,-0.5970511140033636,-0.08219588831849478,1.8928519687636483,0.6026825008154161,1.986483015895566,-0.20591912542312074
1781078893.0613008,360.4623153209686,149.14771128320132,-157.5019486166436,-0.5962882538882184,-0.08459223453951381,1.893826442086185,0.6022586884964372,1.987283100268874,-0.2052065153592316
1781078893.1616468,360.56266140937805,149.14771128320132,-157.5019486166436,-0.59573955360122,-0.08257774363482895,1.894653954926938,0.601435532263268,1.9878225042465658,-0.205097108791778
1781078893.261457,360.66247153282166,149.14771128320132,-157.5019486166436,-0.5961740547999739,-0.07947741716023415,1.8960683554148887,0.6014483880226998,1.9891745453481011,-0.2056119014148554
1781078893.3605306,360.7615451812744,149.14771128320132,-157.5019486166436,-0.5976381741007799,-0.08271868324666798,1.8938046330105447,0.6033355349227962,1.9875889302652048,-0.20497189262030482
1781078893.46127,360.86228466033936,149.14771128320132,-157.5019486166436,-0.5957368065572837,-0.08053971168567386,1.8947941050417367,0.6011563755342547,1.9878716478551621,-0.20539999353575564
1781078893.5612123,360.9622268676758,149.14771128320132,-157.5019486166436,-0.5973938905271154,-0.08398790073175633,1.8938726586613506,0.6032689515534929,1.9876335364280466,-0.2026944445822628
1781078893.663375,361.0643894672394,149.14771128320132,-157.5019486166436,-0.5972224201234724,-0.08057088376651222,1.895571276773113,0.6026327956633742,1.9890592630025643,-0.20409013755542996
1781078893.7639167,361.16493129730225,149.14771125992323,-157.50194859179908,-0.598616065131182,-0.0828674827169209,1.893708546399281,0.6043245925204258,1.987797844809843,-0.20429496974798733
1781078893.8636506,361.26466512680054,149.14771125992323,-157.50194859179908,-0.5952682886986338,-0.08457518089474547,1.8988924744662268,0.6012464525912639,1.9918056949255991,-0.20498473268598597
1781078893.9628837,361.3638982772827,149.14666245132327,-157.5030550978522,-0.5962299327437677,-0.08156558605105602,1.8972813832876978,0.6017832479618305,1.990432044782632,-0.20222661095174183
1781078894.0641942,361.4652087688446,149.14561458901773,-157.50305559111072,-0.5929450079617027,-0.07927738103393267,1.8965599529643664,0.5982212681026169,1.9886699929346001,-0.20587766069697466
1781078894.1638374,361.56485199928284,149.1445662611481,-157.50305560004003,-0.5932453666639219,-0.07928120986392173,1.8951009292389465,0.5985194861537078,1.987368387417898,-0.20607685308531587
1781078894.2615983,361.66261291503906,149.1445662611481,-157.50305560004003,-0.5926755213311026,-0.078550191030331,1.896221005100921,0.5978581822606392,1.9882375376905905,-0.20574551946264988
1781078894.364067,361.7650816440582,149.1445662611481,-157.50305560004003,-0.5944708288062088,-0.08180551114361378,1.8968153438412092,0.600073085511264,1.9894713259020482,-0.20376459610425104
1781078894.4642146,361.86522912979126,149.14456623787,-157.5030555751955,-0.5939866782149466,-0.08313323837813869,1.9001005114775535,0.5997760492217599,1.9925143068337863,-0.20424779248576932
1781078894.561656,361.9626705646515,149.14456623787,-157.5030555751955,-0.5930858123039684,-0.08221846295970181,1.8990972135802233,0.5987575940292649,1.9912510848800264,-0.2050728773008374
1781078894.6628332,362.06384778022766,149.14456623787,-157.5030555751955,-0.5937755724786484,-0.0803624507972529,1.8986625206735224,0.599189080316462,1.9909663285401944,-0.20317632387649526
1781078894.7616951,362.1627097129822,149.14456623787,-157.5030555751955,-0.5953538633540063,-0.08280549367773915,1.8979474362008295,0.6010848296153838,1.990855957364836,-0.20202277927601583
1781078894.866596,362.26761054992676,149.14456623787,-157.5030555751955,-0.5927394333164102,-0.08246668522693312,1.900598511725146,0.5984486527519108,1.9925901467066471,-0.20374157690009817
1781078894.9637995,362.36481404304504,149.1445662611481,-157.50305560004003,-0.5960525224485593,-0.0827287021902805,1.8983455650175176,0.6017662733016685,1.9914413202263974,-0.20167647880199832
1781078895.0613241,362.4623386859894,149.14351795730224,-157.5030556335686,-0.5947765787061314,-0.08329253855774255,1.8939394338007431,0.6005804072368361,1.9868828361184874,-0.2021635896841159
1781078895.1622608,362.56327533721924,149.14351798049438,-157.50305565829734,-0.5905723978515027,-0.080026182071947,1.8955630778741304,0.5959697533609285,1.9870428604136179,-0.20827392276140688
1781078895.261833,362.6628475189209,149.14351798049438,-157.50305565829734,-0.5923187330233759,-0.07954109157819289,1.8972618386063946,0.5976355634831881,1.9891633293854944,-0.2062822284633067
1781078895.3614848,362.762499332428,149.14351798049438,-157.50305565829734,-0.5934540389935705,-0.08023507493902571,1.895063297944394,0.5988533740810461,1.9874330848771076,-0.2052819770629928
1781078895.4606285,362.861643075943,149.14351798049438,-157.50305565829734,-0.593968169530001,-0.08185619253774234,1.8935460689102062,0.5995820399841842,1.9862062676763688,-0.20228579026574495
1781078895.5620413,362.9630558490753,149.14351798049438,-157.50305565829734,-0.593213955864087,-0.0819950361852193,1.8967401927179335,0.598853891521909,1.9890322627002806,-0.20590908445511968
1781078895.6606605,363.0616750717163,149.14351798049438,-157.50305565829734,-0.59462205160699,-0.0808414229063601,1.8955197050913297,0.6000922595025125,1.9882418545801597,-0.20317898890756161
1781078895.761108,363.16212248802185,149.14351798992578,-157.504162663873,-0.595146296531027,-0.07889279941733207,1.8950592713240484,0.6003525531506472,1.9878814929229895,-0.20438907417543453
1781078895.8617291,363.26274371147156,149.1435180132898,-157.50416268883325,-0.5950511429315668,-0.08204242635093806,1.8950872872076314,0.6006802996817134,1.9880072053596014,-0.20123197980943078
1781078895.9606616,363.3616762161255,149.1445663409395,-157.50416267987816,-0.5939429598550419,-0.07808543142502344,1.8928904814294176,0.5990538992129172,1.9854218566461619,-0.20495664740673125
1781078896.0641186,363.46513319015503,149.1445663641317,-157.50416270504527,-0.5928618597680781,-0.07979007923898962,1.8919340662221082,0.598207022286289,1.9842545583781204,-0.2055003022264632
1781078896.1661148,363.5671293735504,149.1445663641317,-157.50416270504527,-0.5938272545516838,-0.07997175037505144,1.895801072596498,0.5991880248356436,1.988237409356456,-0.20593704099483356
1781078896.2621448,363.66315937042236,149.1445663641317,-157.50416270504527,-0.5961380446095461,-0.08082164028087391,1.8937857104056997,0.6015918099247897,1.987042280049774,-0.20251866776180133
1781078896.3618789,363.76289343833923,149.14456637356307,-157.50526971062092,-0.5951009910954213,-0.07979297543479902,1.8915576742841407,0.6004266054494013,1.9845660844816224,-0.20327101697186767
1781078896.460499,363.86151361465454,149.14456639675527,-157.505269735788,-0.5953997574246728,-0.07921022263985833,1.8925394030080478,0.6006455947661775,1.9855680603923083,-0.20187163895815002
1781078896.5607877,363.9618022441864,149.14561423490304,-157.5052692175818,-0.5956363843372117,-0.08139980229540811,1.8905789412345886,0.6011727124213457,1.9838592095206091,-0.200910859252824
1781078896.662392,364.06340646743774,149.14561423490304,-157.5052692175818,-0.5964460568932566,-0.08066605176802,1.892152643724807,0.6018761589325122,1.9855720933388774,-0.2016227155529372
1781078896.76082,364.1618344783783,149.14561472484482,-157.50526972688453,-0.5935651977707721,-0.07674015792142086,1.8912304162635896,0.5985053849736529,1.983673658453681,-0.20476949953750104
1781078896.8637345,364.2647490501404,149.14561423490304,-157.5052692175818,-0.5954921951831409,-0.07951459135162509,1.8902331532985512,0.6007774336323326,1.983409916933672,-0.20341065046624052
1781078896.9626946,364.3637092113495,149.14561472484482,-157.50526972688453,-0.5938732816671006,-0.08030667020020132,1.8937531334106361,0.5992784294104831,1.98631205158185,-0.2030634058860148
1781078897.0637913,364.4648058414459,149.14561423490304,-157.5052692175818,-0.5947438297838801,-0.07714595982398009,1.8901074210874347,0.5997263727594111,1.9829719578029723,-0.2039391568865496
1781078897.1639333,364.56494784355164,149.14456590681348,-157.50526922648527,-0.5963838358737519,-0.08098080376154826,1.8927533178173097,0.6018567688988441,1.9861386387605953,-0.20141398830999196
1781078897.261164,364.66217851638794,149.14351754684603,-157.5041622044008,-0.5940275958799077,-0.08359341839451417,1.8958224883074157,0.5998805249928882,1.988466633222158,-0.20297998586764027
1781078897.3609188,364.7619333267212,149.14246921735102,-157.5041622134721,-0.5914530081345504,-0.0773485604533164,1.8933377233113033,0.596489279564695,1.9850761182255048,-0.2050614161847904
1781078897.4606655,364.86168003082275,149.14246921735102,-157.5041622134721,-0.5938501056075154,-0.08035238255868649,1.8911046178874027,0.5992615900530541,1.9837820266117883,-0.2015012378253087
1781078897.5613713,364.96238589286804,149.14246921735102,-157.5041622134721,-0.5919350702689599,-0.07966181375113024,1.8951995030400288,0.5972714056310064,1.987086884941776,-0.20573049246873956
1781078897.6623356,365.0633502006531,149.14246921735102,-157.5041622134721,-0.5950331364381043,-0.08206129357662917,1.8928969553331607,0.600665039238041,1.9859147446132694,-0.20025465411239188
1781078897.762466,365.1634805202484,149.14351754684603,-157.5041622044008,-0.5934142380334322,-0.0799954751886105,1.891892358468564,0.5987818751026541,1.9843881752276182,-0.20275988329197359
1781078897.86219,365.26320457458496,149.14351755597158,-157.50526921027327,-0.5937611613396996,-0.07767708293295073,1.8925297164667068,0.5988205456799568,1.9850074996427582,-0.20344565854249425
1781078897.9606292,365.36164379119873,149.1435175794696,-157.50526923514357,-0.5932708327854925,-0.0787607044150036,1.8936352977126223,0.5984760058631753,1.9859577463624725,-0.20323381737580878
1781078898.0658305,365.466845035553,149.14351755597158,-157.50526921027327,-0.5939128624452792,-0.08152091205428746,1.892802882878522,0.5994815654214131,1.9854674262534129,-0.20347212332583098
1781078898.161081,365.56209564208984,149.143517499984,-157.50416215457025,-0.5920254655299004,-0.08152766063935246,1.896717298260111,0.5976126766436776,1.988637076191721,-0.20378706573835043
1781078898.360342,365.76135659217834,149.143517499984,-157.50416215457025,-0.5916683903073192,-0.07861343070928228,1.8932158984715706,0.5968681224330358,1.985073800593382,-0.20421644608013906
1781078898.4632535,365.8642680644989,149.14351747648598,-157.5041621301383,-0.5950191288896463,-0.08225055796464176,1.8967515538767228,0.6006770496948326,1.9895927661619226,-0.2016776605260219
1781078898.5955932,365.99660778045654,149.14351747648598,-157.5041621301383,-0.5936639771544208,-0.08138598597292912,1.8959132689838758,0.5992166523750742,1.988353016944606,-0.20312009033633668
1781078898.6519485,366.05296301841736,149.14351796642777,-157.50416263944103,-0.5943182716766842,-0.07836935787841526,1.893477621245223,0.599463063335045,1.986105099550249,-0.2023500569171124
1781078898.7620091,366.16302371025085,149.14351796642777,-157.50416263944103,-0.5921124235489685,-0.07876275177963521,1.896838153005516,0.5973279611644959,1.9886668076594207,-0.20328359918494276
1781078898.861188,366.262202501297,149.14351796642777,-157.50416263944103,-0.5937318182907916,-0.081942256107709,1.8992261558936,0.5993596627959801,1.9915551703674423,-0.20258285623602526
1781078898.9601576,366.36117219924927,149.14351796642777,-157.50416263944103,-0.5948681464314802,-0.08085206089489816,1.8937636146977757,0.6003375445445481,1.986641838818201,-0.202685771957433
1781078899.0614903,366.462504863739,149.14456629377167,-157.50416263078276,-0.5949846211590284,-0.08137904323592693,1.89878822223247,0.6005241444719333,1.9914883783197157,-0.20370583774538747
1781078899.1616359,366.5626504421234,149.14456629377167,-157.50416263078276,-0.59461721089815,-0.08165116273701756,1.894738780068108,0.6001970841920193,1.987529014773516,-0.20330926482864947
1781078899.2605538,366.661568403244,149.14456629377167,-157.50416263078276,-0.5970262112155638,-0.0789460237455728,1.896588164415422,0.6022231908052424,1.9899043788444477,-0.20318103424197462
1781078899.361057,366.76207160949707,149.14456630320305,-157.5052696363584,-0.5927059365354808,-0.07846652679003796,1.8972341083967403,0.5978773478154973,1.9892095377548509,-0.20114464844521096
1781078899.4604933,366.86150789260864,149.14561463107268,-157.50526962742913,-0.5967711570636709,-0.08337008221468523,1.8994013488781167,0.602566497999678,1.9926896066953341,-0.20234735795685557
1781078899.5610967,366.9621112346649,149.14561460779458,-157.50526960302298,-0.5974255392411578,-0.0811669249468423,1.8973626967923602,0.6029140441579666,1.990851714172126,-0.2018175070044833
1781078899.6608503,367.0618648529053,149.14561460779458,-157.50526960302298,-0.5949139124282112,-0.07787607752086956,1.8991056821158638,0.5999893721147715,1.9916298949592612,-0.20412270761100293
1781078899.7610462,367.16206073760986,149.14561460779458,-157.50526960302298,-0.5954590194658351,-0.07914422578431868,1.8993189565060022,0.6006956403522611,1.992046121675214,-0.20290239754044237
1781078899.8611083,367.2621228694916,149.14561460779458,-157.50526960302298,-0.5968391066280105,-0.08151996453588595,1.8991791837808207,0.602380630348,1.9924216411003064,-0.2008230376033266
1781078899.9618196,367.3628342151642,149.14561460779458,-157.50526960302298,-0.5963518418534193,-0.08061793785728355,1.8963023850660972,0.6017763464829159,1.9894967973821156,-0.20255521154000358
1781078900.0607452,367.4617598056793,149.14561460779458,-157.50526960302298,-0.599042391065808,-0.08131085157685902,1.8951097850002119,0.6045355579930717,1.9891969078202247,-0.20077372351987216
1781078900.1619432,367.5629577636719,149.14561460779458,-157.50526960302298,-0.5970415684265618,-0.07988423929191413,1.8967636728562314,0.6023621220798139,1.9901137044861426,-0.20296699165741972
1781078900.2603447,367.66135931015015,149.14561458407667,-157.50526957812687,-0.5952860516908629,-0.078793071335582,1.9004740619500884,0.6004780024515393,1.993081907893717,-0.20177437821915056
1781078900.360592,367.76160645484924,149.14561458407667,-157.50526957812687,-0.5958247306510884,-0.07831470511231942,1.8977219861104373,0.6009495009501811,1.9906001706166947,-0.2026197041896278
1781078900.4603012,367.8613157272339,149.14666291335172,-157.50526956902976,-0.5980771935261942,-0.08088878372447539,1.9005815669193267,0.603522431023565,1.994103712764739,-0.1985555731648575
1781078900.5607815,367.96179604530334,149.14666291335172,-157.50526956902976,-0.5966591082235198,-0.07982365713755257,1.8994896259426595,0.6019750058473353,1.992594978094817,-0.20034133630252668
1781078900.6603398,368.0613543987274,149.14666291335172,-157.50526956902976,-0.5978167747245777,-0.07531876138335747,1.8997426754929432,0.6025427884876058,1.9930077885064839,-0.20514053903598656
1781078900.7605221,368.161536693573,149.14666290392034,-157.50416256301577,-0.5961984859537779,-0.08289444766612064,1.9007538088003848,0.6019336542406051,1.99378764309959,-0.2022489360887129
1781078900.8632786,368.26429319381714,149.14666290392034,-157.50416256301577,-0.5995395722508192,-0.08232352526974296,1.8982058237356716,0.6051651522580702,1.9923378756555206,-0.20110884652070152
1781078900.9614596,368.36247420310974,149.1456145984491,-157.50416259668637,-0.5984792237906049,-0.08179419557274059,1.897428454809576,0.6040427731033595,1.9912564909773556,-0.20207768782149532
1781078901.0630434,368.4640579223633,149.14561412257393,-157.5030551066783,-0.5964825131112548,-0.07920101149616698,1.8978286082195037,0.601717698484542,1.9909338549650295,-0.2042706085627288
1781078901.1620553,368.56306982040405,149.14561461251571,-157.50305561598103,-0.5950547108533613,-0.08408295149010314,1.897649719800602,0.6009659321792412,1.9905362369721802,-0.20145422236472646
1781078901.260633,368.6616475582123,149.14561412257393,-157.5030551066783,-0.5966303976322536,-0.08280165038812015,1.8949670801909628,0.6023486902831428,1.9883973897823544,-0.19982050539834573
1781078901.3608675,368.7618820667267,149.14561412257393,-157.5030551066783,-0.5970899835544117,-0.08319555864480321,1.8956093023279812,0.602858150346521,1.9891637882566644,-0.20159818751303207
