t,cv_pos,imu_pos,cv_xy,imu_xy,cv_rot,imu_rot,cv_yaw,imu_yaw,gyro_norm,samples
0.16708755493164062,0.0,0.002887281249636388,0.0,0.00288151992476063,0.0,0.0005826673304457712,0.0,0.00014206215984638562,0.0003102641314056768,11
0.2674214839935303,0.0,0.0024154839808539215,0.0,0.002410362311320853,0.0,0.0005884024504579734,0.0,5.7558437436350814e-05,8.470470184372838e-05,11
0.368910551071167,0.0,0.002468777564485243,0.0,0.002464619486325269,0.0,0.0012356799250805314,0.0,0.0012075258831795138,0.00017042448256416275,10
0.4671337604522705,0.0008418404414959426,0.00239228592054367,3.081122159248522e-08,0.0022880699431518043,0.0,0.0013531426384373187,0.0,0.001334912451834434,0.00020069881307194462,10
0.567528486251831,0.003972138363574779,0.005028481422864948,0.0015247213834872696,0.0036320742018387804,0.0,0.0012656481462262339,0.0,6.48641078013567e-05,0.0004657931073696652,9
0.6666948795318604,0.0011156601526982164,0.0012467603748173347,0.0011070050742737591,0.0012457556525922136,0.0,0.0006764391045895147,0.0,7.230892547445492e-05,0.00047274373739255497,10
0.7693650722503662,0.004765168270846207,0.0057106536374531315,0.0010484877559443554,0.002770885573506133,0.0,0.0010919430734688364,0.0,0.0009020687318164007,0.00021094317474641382,11
0.8686270713806152,0.0,0.002361385467885195,0.0,0.0023559929521221492,0.0,0.0007826770805035969,0.0,0.0007609827943761703,0.00047238757291530857,9
0.9696099758148193,1.0823959674590009e-06,0.0024455254363020887,9.47429314061695e-07,0.002441144195300132,0.010000000026145305,0.010256723617079532,5.286791271508518e-07,0.0005994143439897994,0.0002587769908197996,11
1.0678398609161377,1.0880372142280343e-06,0.002326732139626997,9.524584803461735e-07,0.0023226138318875574,0.010052118079732912,0.0005027860157698138,4.966017319664827e-07,0.00045499736316001894,0.00026139047399118356,10
1.1682610511779785,1.0711134754318293e-06,0.002425719207973477,9.375536618219343e-07,0.002418959020745932,0.009895763918970362,0.0097696709532063,5.233475506160958e-07,0.0005438224080943405,0.00028504444931670925,9
1.2992029190063477,0.0011063293804592738,0.005216838482750402,0.0011063292541709875,0.005211184219368933,0.009947881972557616,0.0014784127520019764,5.603953639900316e-07,0.0012479463858969986,0.0002926809274479589,14
1.3504080772399902,0.0018233067633605278,0.0014784937792492448,0.0015245940782238226,0.0010458229987464333,0.0,0.00027270492860311494,0.0,1.7262858993533731e-06,0.0001611740271548092,5
1.4674344062805176,0.000731355230381953,0.004167568442857342,0.0005763487507062452,0.0038735077395311464,0.0,0.0003116239771115983,0.0,0.00026597888527290137,0.0002855860033782337,11
1.5673110485076904,0.0030501380597629272,0.004055672964497323,0.0009440194361642211,0.002570689161797479,0.0,0.00040328620085707976,0.0,0.0003506296526645247,0.0006583364271127984,11
1.6689667701721191,0.0007313551336855419,0.002575639597967897,0.0005763487507148779,0.0025517686178415677,0.0,0.0008482874852280743,0.0,0.0003266093950825292,0.0004464280919327612,10
1.770315408706665,0.0031778889150918073,0.0038554465197547863,0.0010484299874456422,0.0026252300019821363,0.0,0.0004895265549547551,0.0,0.0004005121575745154,0.00028600360308201635,10
1.8667776584625244,0.0010000002632749216,0.00249868461611177,3.659986146964029e-08,0.00222030819331812,0.0,0.0006130612516617853,0.0,3.1225285935104654e-05,0.00019773258006984136,9
1.9663913249969482,0.001316471759482181,0.0026415385317929414,0.001048350984116669,0.0025558679532216217,0.0,0.0005951795511248468,0.0,0.0005822298253404024,0.0003195253437719829,11
2.0752615928649902,0.001990577214173263,0.004335567501815339,0.0011940916118407408,0.003964031095084286,0.0,0.0004009668237918768,0.0,7.68623338626256e-05,0.0003330766951295179,10
2.178323745727539,0.0017408943680408213,0.0018405382400559806,0.0011175044933161356,0.0014954501645690706,0.0,0.000857899523640037,0.0,7.599113174360821e-06,0.00027109309075720354,10
2.273240089416504,0.0016507065970046088,0.002672994250330876,0.001648906819054534,0.002662108876063491,0.0,0.00035565901644000016,0.0,0.0001544272150291745,0.0003933131766679083,10
2.376845121383667,0.0012310600325107755,0.003683272343330292,0.0011070103021409974,0.003660964199209952,0.0,0.0006022200125860711,0.0,0.0005261487199822679,0.000375606671137127,11
2.4832799434661865,0.0024491538798457847,0.0012219834505645308,0.002449153879194792,0.0012098876288883773,0.00057865969586744,0.0011210319702117198,0.0005786596958642255,0.0008710176883711878,0.0004378893719266024,10
2.5741899013519287,0.0010001674692304973,0.0020528440940661874,1.8425724923206513e-05,0.0018512794985374947,0.007044146856600763,0.007195808351009337,0.007044146856606759,0.007185303699908169,0.00045356928439716534,9
2.6746578216552734,0.0017922289515418415,0.0018295981164053654,0.0015261459553863024,0.0016956421343991201,0.01582427280079307,0.007626298121610962,0.015824272800806196,0.007558930630363273,0.00019871628326354436,10
2.7792723178863525,0.004194206790393572,0.006219820469033697,0.0030497362325474678,0.005373520634798844,0.008201466248331903,0.000717627597507907,0.00820146624833521,0.0005060564041000029,0.00021746367645978095,11
2.881535530090332,0.0009494595574430042,0.0026100040174915117,0.00013641557637123562,0.0024981075513289385,0.0,0.0008521016600854961,0.0,0.0006234688295308327,5.47000772741629e-05,10
3.0078365802764893,0.0023562681397637153,0.005338870674713832,0.0021335065071749156,0.00518913764624402,0.0,0.00042807750632150356,0.0,8.206170524782585e-05,0.0004552020510691492,12
3.065276861190796,0.001434256986058275,0.0006701446571771095,0.001434256985426261,0.00031389079140260463,0.0,0.00035460082534577225,0.0,0.0001280977319542535,0.0003484515962509916,6
3.171029567718506,0.00110700666387435,0.003954534766402283,0.0011070066638434474,0.0038953235393227306,0.0,0.0008476684149108429,0.0,0.00026029607005956294,0.000578156684723294,11
3.2720158100128174,0.0018233046645236253,0.0019386334865644545,0.0015245816377539032,0.0017620910330636628,0.0,0.00022367009159888197,0.0,6.0117187952589785e-05,0.00032652963399818445,10
3.3722927570343018,0.0010000002632749216,0.002665184994040912,3.659986146964029e-08,0.002399055773610892,0.0,0.0013390991073643007,0.0,0.0007670093035598313,0.0005463018433043685,10
3.468492031097412,0.001006157425447781,0.0023603529205556174,0.00011110501131390527,0.002211905754243982,0.0,0.0011858726223199908,0.0,0.0010959354787923208,0.0002663558380615217,10
3.569669723510742,0.005890690040910074,0.004914235762927229,0.005176592909877935,0.0041309544300049995,0.0,0.0006768368009586107,0.0,0.0005112006945374518,0.00035312592954159466,9
3.6703805923461914,0.0011248967563862093,0.0026734515884294353,0.0009371595037899878,0.0025556202903989998,0.0,0.0010208637876274,0.0,0.0007391990395658641,0.0004998666668702213,11
3.770256280899048,0.005070635216276057,0.006843076545186929,0.004573769222244458,0.006440080457422584,0.0,0.0008880466596929936,0.0,7.981451934918374e-05,0.0004064431446873853,10
3.874772548675537,0.0010000002632749216,0.0028492687949577987,3.659986146964029e-08,0.0025953217650086092,0.0,0.00045096182381647787,0.0,0.0001148074517861829,0.0002962856307312466,10
3.9711825847625732,0.0010000002632749216,0.002360123678040669,3.659986146964029e-08,0.0022223391292762974,0.0,0.0008602867962291891,0.0,0.0005658943019482371,0.0004077745523017282,10
4.0710554122924805,0.0,0.002391008168787366,0.0,0.0023851799740334727,0.0,0.0008833850661993499,0.0,0.0006833402141670861,0.00012402237482615503,10
4.174469947814941,0.0010000002632749216,0.002827636119112725,3.659986146964029e-08,0.002574823632814581,0.0,0.0005286147285368659,0.0,5.6865089059899434e-05,0.00021360675361290396,10
4.269731283187866,0.0010000002632749216,0.002303280391379401,3.659986146964029e-08,0.0021717094955577957,0.0,0.00034955360809900876,0.0,0.00017501830147636556,0.0005503473247188305,10
4.369234323501587,0.0,0.0023801035761369252,0.0,0.0023757491780641354,0.0,0.0006880894836475833,0.0,0.0004221225916960099,0.00044957415481618505,10
4.470288515090942,0.0,0.002436268551550989,0.0,0.0024308916198203614,0.0,0.0008692040742401125,0.0,1.404524479425505e-05,0.0003007157956940671,10
4.570154666900635,0.0010000001912935886,0.002639769336303911,3.637940143147378e-08,0.002381515065573637,0.0,0.0005597830710229135,0.0,7.699922737878179e-05,0.0004436611687173361,10
4.669994831085205,0.0010000001912935886,0.0025434170606811165,3.637940143147378e-08,0.0023946808556096727,0.0,0.00029053905172128955,0.0,0.00019120277958881954,0.00023896948220491183,10
4.769124269485474,0.0011070067803012496,0.0012531712276325655,0.0011070067802817734,0.0012425040973436932,0.0,0.00041669368620603355,0.0,8.140791635605814e-06,0.00020939774617532387,10
4.873024940490723,0.0014917974310423242,0.003919259247386874,0.001106999485512981,0.003745640902742925,0.0,0.0003350379018025226,0.0,0.00011228449960877236,0.00047498066989218795,10
4.971365213394165,0.0023917891147105493,0.0039159370394858,0.0013117883985311206,0.0034767554635784697,0.0,0.0006145273747340765,0.0,4.500510588419365e-05,0.0003709418870796819,10
5.068668365478516,0.0006892455241407397,0.0023643008507891364,0.0006892455236387809,0.0023591450858823425,0.0,0.0007748425211914685,0.0,0.000561265655249077,0.0007111664763070639,10
5.169781923294067,0.0011635643815347044,0.003504605551421921,0.001163564381519894,0.003499860396020846,0.001795620728157596,0.002280308154521894,0.0017956207281692915,0.002216851793925536,0.0017980613195432138,10
5.268738508224487,0.0014967620288220038,0.0017363551275935269,0.001113692077080754,0.0012809473936094223,0.003591241456317023,0.002084732039432773,0.003591241456313139,0.0019237607632310303,0.0006949919849717375,9
5.369564056396484,0.0009747296210816611,0.002610502587396331,4.828425262127014e-06,0.002379935534691314,0.009830918933862214,0.009746345867832483,0.00182210824099656,0.0007380101648411506,0.00045200938794424787,11
5.471405029296875,0.000822419847414643,0.0024612392329741942,0.0008220490476748163,0.002454905048170979,0.009331085126575467,0.0005843380784789388,2.5539086204474183e-05,0.00054535520639998,0.00024066928533453182,10
5.5715062618255615,0.0005985958064938166,0.0024968162076035023,0.0005979855762008636,0.0024859979733506845,0.010334457475957301,0.011157042077226773,2.831941049515275e-05,0.0014487745577085316,0.0007001583124517031,10
5.67231011390686,0.001974324340849764,0.0020223037320405545,0.0016864892391793506,0.0018469171653407886,0.010000000026162968,0.0004901410120264498,2.743822385165712e-05,0.00021653168840427768,0.0006933587380521836,10
5.77286958694458,0.0014487847719461882,0.0028109689233203634,0.0010482853247258874,0.002548011969561083,0.0,0.0009128823888661577,0.0,0.00026721324984277974,0.0009303112582151481,9
5.868603944778442,0.0014487847719461882,0.0025543878901246285,0.0010482853247258874,0.002431486587574692,0.0,0.0008238481398198165,0.0,0.00017513900370463815,0.0008005415415446043,10
6.021293640136719,0.0008656231888119508,0.006499978117408609,0.0008656231887951885,0.0064902080078188895,0.010000000000731896,0.008776112239311575,0.010000000000737266,0.008439714208550672,0.0009695899946398339,15
6.128594636917114,0.002595369467029877,0.0023684570996801995,0.0016540358578843977,0.0015315145806993257,0.020000000001463302,0.008121237293437486,0.020000000001474533,0.008065267913852639,0.0006920202093120328,11
6.1971116065979,0.003973366601346486,0.003903221240308976,0.0026052198743876176,0.003106749177302687,0.010000000000725524,0.002155483845889421,0.010000000000737266,0.00025487111668858023,0.0005435463275377747,7
6.276432514190674,0.0037666173686030004,0.0033167305834589295,0.0024495959908857256,0.0015630227070779722,0.0,0.0018407966076993685,0.0,0.0006974438277629667,0.0011894908587286965,8
6.374279737472534,0.0016645484206772234,0.002907312396972168,0.0010669870769653975,0.00282220276768685,0.010000000000731896,0.00905220923269269,0.010000000000737266,0.008981091255981946,0.0006347395663460481,10
6.475996971130371,0.0026263386073584016,0.004474915519609134,0.0015241628939073116,0.003762146048407059,0.020000000001463302,0.010334937902869629,0.020000000001474533,0.010317670474418424,0.0006545987959106828,10
6.578091382980347,0.0018240292684521438,0.003927222786590349,0.0015254493721715606,0.00374196134752503,0.010000000000725524,0.0002391086352841054,0.010000000000737266,0.0001902164971899845,0.0009484642882042182,10
6.659097671508789,0.0018233064546307376,0.0015955953833515998,0.001524642305102944,0.001132331406647345,0.0,0.0018532441863028412,0.0,0.00045327127646516634,0.00047385869979405475,8
6.792845010757446,0.0010000250465354397,0.004499139380418952,7.0404891765823355e-06,0.004277848905010372,0.0026986452730647175,0.00275714709679964,0.0026986452730523454,0.002257076362668424,0.0009480587608664459,14
6.853897571563721,0.0010398182992747437,0.0013716758788473405,0.001039818298619954,0.0013703768353011672,0.004602709454604013,0.007129966419695177,0.004602709454607131,0.007037209329695689,0.0009653708694558998,6
6.963407039642334,0.0010348644694541894,0.0034745967994012027,0.0010348644687962652,0.0034694961202568152,0.007301354727660401,0.00039548308588257153,0.007301354727659476,8.917310509377745e-05,0.000977335952039186,11
7.093332529067993,0.002322910649491655,0.004641212603585039,0.0020966079816795405,0.004579929180137599,2.0499668845370328e-16,0.0009433533275135808,0.0,0.00039015624985300944,0.0010150609766904843,13
7.159183740615845,0.003300121786939478,0.0023885891827532444,0.003144929319110561,0.0023195563088191677,2.0499668845370328e-16,0.000999018489882722,0.0,8.047658989645324e-05,0.0005186002058268606,7
7.293203592300415,0.0020781723448911123,0.005404983126292433,0.0020781723435549264,0.005395643783480977,0.010000000000738252,0.00861628807187824,0.010000000000737266,0.008582804357409431,0.0007075820989715753,13
7.36031436920166,0.0010003382273527262,0.001544219363677382,2.601468096704647e-05,0.0012325718417028127,0.010000000000725524,0.0007751405708226913,0.010000000000737266,0.0002108122491292267,0.0007759676901649374,7
7.4633166790008545,0.0010935744158475707,0.0016684756804090475,0.0010935744158232091,0.001520836948419418,0.007327342991130965,0.005830189386599324,0.00732734299113384,0.005819567017616188,0.0004629658306301057,10
7.596104860305786,0.0018229230633617789,0.0059566737880426684,0.0015241258365556276,0.005741503697325782,0.014654685982269804,0.007506885576993816,0.01465468598226768,0.00736988616116141,0.0004830422170969805,13
7.659526348114014,1.9170386562884466e-05,0.0009803935904243723,1.9170386562884466e-05,0.0009781680293568552,0.007327342991130967,0.0004193168736956904,0.00732734299113384,9.397156555126866e-05,0.0005017707039841789,7
7.762937068939209,0.0010000002632749216,0.002808377485596062,3.659986146964029e-08,0.0025567195441273754,0.0,0.001023789058387713,0.0,0.0007312858199000494,0.00028504805727680823,10
7.861558198928833,0.001000002115763819,0.0024551935723320564,1.925180965937505e-06,0.002319415497361464,0.0007433942684400744,0.00023637857988625184,0.0007433942684400265,0.00020751021425581548,0.00023696477202307144,10
7.9688215255737305,2.2272951439895744e-05,0.00274531405080671,2.2272951439895744e-05,0.0027405701953744097,0.00851321146386238,0.008360892171776933,0.008513211463857213,0.008312951196826495,0.00044904256894568085,11
8.093135833740234,0.0017201597282046064,0.0040074366620622,0.0010312387913642969,0.0038419414154238227,0.009256605732299606,0.0001966451376518321,0.00925660573229724,2.3018261258367918e-05,0.0005334143386986457,12
8.1611967086792,0.0027419730004443195,0.002297943252647162,0.002107964248499054,0.001955333963734501,0.006118568042342305,0.005526618020618962,0.006118568042351821,0.005516618711092919,0.00033469624673169627,7
8.293391466140747,0.00037809667252888926,0.004388066897594293,3.208857399990143e-05,0.004364690693729596,0.012237136084674277,0.00559478041977985,0.012237136084678198,0.005585019021826221,0.000551992332701516,13
8.396278381347656,0.002252872826041499,0.0032432153050092594,0.0010369597151974501,0.002665741675281173,0.006118568042335942,0.0015289364289967106,0.006118568042326376,0.0009351558115138401,0.0007440129524465015,10
8.450392007827759,0.0020000002974424787,0.001298869488324468,7.307221133796578e-08,0.0007024533329490316,2.0499668845370328e-16,0.0011680513915613882,0.0,0.0007642547093458592,0.00028719071398066224,5
8.600508451461792,0.0018229592673827697,0.006709311882124863,0.0015241683905453981,0.006568629873182401,0.010000000000738252,0.009695814762081208,0.010000000000737266,0.00965344344458858,0.00019795938449428832,16
8.675526142120361,0.0018229592673843973,0.0010769719394044812,0.0015241683905473221,0.0009962016873124929,0.010000000000725524,0.000916377155358354,0.010000000000737266,0.0005243272022199754,0.00026890686174742734,7
8.773549556732178,0.0010003429737404507,0.002596968532781891,2.6182816913491596e-05,0.002321431521618576,0.010000000000731896,0.009270977780163477,0.010000000000737266,0.009269801950919272,0.0004475627345415575,10
8.871452331542969,0.002200665231012693,0.002562587068291324,0.0009180501564151818,0.0017647620175531352,0.010000000000725538,0.0012733451028791344,0.010000000000737266,0.001191885226229827,0.00031637915874071294,10
8.970353841781616,0.0019804303272447166,0.0015190674538075643,0.0017093916994594417,0.001259071018895332,2.0499668845370328e-16,0.000425993318667178,0.0,0.0002097866282052028,0.00023320754499391456,10
9.071792125701904,0.0012163949929398384,0.0033247649489885115,0.0006925152034781124,0.003095061736673122,2.0499668845370328e-16,0.0009485560045784217,0.0,0.0007798328310181766,0.0006202143419307758,10
9.176517724990845,0.0021620815089427496,0.00455829015333437,0.0019168976143919903,0.00439470730988069,2.0499668845370328e-16,0.0012404409819028598,0.0,0.0009150024440193536,0.0006725784061819867,10
9.275662422180176,0.0012660975347294882,0.003517788203660709,0.0012660975343451466,0.00351483885470304,2.0499668845370328e-16,0.0005101897671428724,0.0,0.00012345658631130623,0.00036336684770894655,10
9.376685619354248,0.0015026848053843946,0.0017689786239122674,0.0011216482918080693,0.0013289615756712245,2.0499668845370328e-16,0.0004996028583314286,0.0,2.1751568131263082e-05,0.00048232040342200826,10
9.489521741867065,0.0016079915574373175,0.004269953582550937,0.0012592462861888633,0.004169831043249078,0.010000000000738252,0.010407341592340214,0.010000000000737266,0.010402965658497723,0.00031840003046698374,12
9.55716347694397,0.0014781427659807268,0.0012276107512265914,0.001088541867067099,0.0005855079956846988,0.010000000000725524,0.000668909150099066,0.010000000000737266,0.00020100561490632289,0.0004715312921505901,6
9.681098461151123,0.0014487861120902842,0.0044712394568159055,0.0010482867301827975,0.004178246845215636,0.0,0.0008923851314250854,0.0,0.00028902810701742724,0.0003710033876747986,13
9.743381977081299,0.0,0.0009263902929469634,0.0,0.0009247748772750092,0.0,0.00027409153021784496,0.0,0.00025681158711962616,0.000538529100841439,6
9.893467664718628,2.616280768591086e-05,0.00538954933800707,2.616280768591086e-05,0.005376880171326145,0.010000000000731896,0.008980678428505374,0.010000000000737266,0.008906934841658781,0.0005025861550350843,15
9.966727495193481,0.0014353689093188876,0.001991087834769173,0.0010297382106812516,0.0016683309780891008,0.010126284823236166,0.0008587439975658865,0.010126284823240418,0.00015871678014752226,0.00024109685261299244,7
10.092848300933838,0.001823192240214364,0.005425793701480052,0.0015245083838465985,0.005218132124319418,0.002255238222315282,0.002388032468859158,0.002255238222309589,0.0022563943126908677,0.0005015746817820864,13
10.170306205749512,0.0018344687327725153,0.0020464472574746456,0.0015379267096634576,0.0016780054327455642,0.005110669088569067,0.0067421470709711365,0.005110669088557748,0.006724239764050944,0.0015786334004562004,8
10.292170524597168,0.0030295298794321187,0.0035487148582090825,0.0030295298789004307,0.003519034750929031,0.007492192133383569,0.0035600407015121483,0.007492192133395932,0.001056238813197575,0.0012310971470104568,12
10.35875916481018,0.001523392101903358,0.001339311294617257,0.0011491989152029886,0.0012540165929464065,0.0,0.0020404805144185996,0.0,0.00019764099572411136,0.001157316721589674,7
10.49503755569458,0.008496622313689944,0.007103011549868229,0.008435125339099878,0.006994956805858378,0.007736114903455221,0.011783112447339381,2.1223482851837916e-05,0.0016980751820499045,0.0020734215215317976,13
10.5800039768219,0.0026472234668266656,0.0014032691803980532,0.002445104431932203,0.0013083752827253415,0.005472229780748762,0.002771727897250669,1.5029534155748934e-05,0.001491082172701282,0.0024108629750135262,9
10.662997245788574,0.0028392100904062766,0.003845194420317022,0.0028390511677228642,0.0038440625565035057,0.011529309247414894,0.004138314633799232,3.164038190769308e-05,0.002220595979282101,0.003625447562483695,8
10.785745620727539,0.008739891141740131,0.0047990386675732365,0.008679862815018785,0.004589484234893281,0.00853084822325531,0.003902856432006519,2.3379670918266176e-05,0.0024573129121502153,0.0005855441883182308,12
10.857385635375977,0.006395121851207041,0.002245737115646535,0.006316738234122197,0.0022169579089324595,0.0007345759014531852,0.0075384770822465265,2.0141760200121015e-06,0.00028459930744378887,0.0012668685798825517,7
10.988878965377808,0.018214717689393332,0.004143653776141683,0.018184251238427068,0.004070544154583339,0.014142135651756472,0.01927456046671877,2.687412367579637e-05,0.0016105363525891004,0.0037127260859304368,14
11.078349590301514,0.008507163128611795,0.0035138529208100875,0.00850577509800263,0.0035137046667405463,0.019999999976135906,0.018462245496614835,5.810327365406131e-07,0.0011030524018623101,0.0016862333120584653,8
11.193105459213257,0.01037416535237964,0.005494746052807543,0.010373457359181755,0.005490914754168679,0.020313986194952907,0.006163424879090222,4.740130094777339e-05,0.0036175132677131313,0.0030544391816198016,12
11.262732028961182,0.010245384834176467,0.004108243859791424,0.010099002298199074,0.003884836819729532,0.014882809301472668,0.02266835238575076,0.009986721299874681,0.006179842181242009,0.004358766509142059,7
11.365231275558472,0.018520435695160205,0.006475625993577774,0.018514371870809322,0.0064606493345697865,0.017705735248334388,0.01657441442342718,0.009990657703554642,0.0027967469774262204,0.0020694516720708676,10
11.492676973342896,0.01276539300961549,0.006035336322693766,0.012764095357782026,0.006031781848781216,0.028932138089063357,0.021409578297983723,7.850651384465474e-05,0.0017201900514059903,0.0031104900066755204,13
11.554940938949585,0.02169305913906136,0.006110515267700168,0.021692950492300432,0.0061101811503244275,0.029498596273915746,0.01149930980492347,7.511043892575465e-05,0.0009526933787555442,0.0022051809386165336,5
11.68088150024414,0.03624565531563707,0.008775381354351148,0.036234642401171274,0.00859092969619101,0.04114715098711536,0.0713085060313387,0.00010886859202310052,0.003217300128841994,0.005578843133975102,14
11.784106492996216,0.007373401159028126,0.006261888561054217,0.00732526127262801,0.00625595515119142,0.05850144564820976,0.010313486179399261,0.00015472894486280754,0.0013773783656035692,0.005933877090263235,10
11.86761474609375,0.007974239244366875,0.004356173637996024,0.007974014684990854,0.004352785688113154,0.022706926540278387,0.009829991396672304,6.193155595518055e-05,0.0033059149420634256,0.007412637366919707,8
12.000225305557251,0.05044606138722212,0.018372463216893987,0.05035715853099449,0.01784382348999483,0.002933856534223092,0.0341247572952766,7.97502308482962e-06,0.0038675507453301105,0.007279374435461365,14
12.074045419692993,0.041670246800084965,0.004643918735748066,0.04162787508804966,0.004582669510888662,0.04646692838486822,0.04935546151391639,0.00012639536458943786,0.00466056906123438,0.003878575579654678,7
12.177777767181396,0.03174296504652674,0.006857370249548997,0.03173923176691184,0.006849431871863161,0.04356930786857392,0.021917853149338508,0.009889935144568594,0.006555477662562671,0.0031448377178898757,10
12.272608757019043,0.00833257604227524,0.004599122020993263,0.008240803496012621,0.004533508649344607,0.023797629932094007,0.031230991973037026,0.02002423366890688,0.0067220324857168905,0.0019261422850044934,10
12.372201919555664,0.015596369292128359,0.010140328034049236,0.015578755533790711,0.010109265715555663,0.06013968301145053,0.053945863585613214,0.0001650718778295459,1.6980130556900892e-05,0.008941530073083617,10
12.471841096878052,0.0023232944291231494,0.004591179685526101,0.002033604474154639,0.004575535375574683,0.0412797701793373,0.018338517062736037,0.009883355991796036,0.006017688678559535,0.00564941557348276,10
12.579909801483154,0.010752796226875659,0.006093706810566628,0.010752058666255407,0.006092396305252875,0.041421491613014734,0.05310227067420788,0.009891305754126807,0.003653792266900911,0.007522435444551015,10
12.656177282333374,0.027647189408320626,0.005827010184587145,0.02764711688087914,0.005826389845478249,0.03168829159387212,0.024989691865789844,0.00991325743973074,0.004667814612347687,0.002669225745782451,8
12.79285216331482,0.07262574163343528,0.006837819688845327,0.07262574051693085,0.006691335758660427,0.010310171778747537,0.011046159653817158,0.0025492686142318246,0.0010410862485966377,0.005106115683404489,14
12.861487865447998,0.0727001017731746,0.006795586017266517,0.07269378856169942,0.006787378222973372,0.03385569143988027,0.03487431668302088,0.0050338067242381304,0.003518296549592689,0.007984634220241822,6
12.96237301826477,0.0520368616992925,0.009780204611440291,0.051929525493129194,0.009203461499022701,0.05931882959044777,0.11396157370603578,0.012684149353989546,0.00026309704892323184,0.015604366763797948,11
13.066902875900269,0.005405414289533856,0.006166223779228471,0.004797467223957315,0.0060484952600922525,0.08227274275327166,0.034378157568415446,0.00019134121333310797,0.0014949550973951326,0.005694888651783921,10
13.214390516281128,0.060056545363035764,0.015528898566432118,0.0600469617310761,0.015437060012447983,0.08301283796031897,0.08221082149169834,0.010193887475082713,0.0031475048126782955,0.007687837523559925,15
13.269344806671143,0.12202839716627036,0.005871138963330737,0.12201057064695697,0.0058654398625764825,0.043798191290374384,0.027610331288853273,0.00010225816025091544,0.0023573442039855484,0.011695763717610832,6
13.370807409286499,0.06376063384690728,0.0072177094650533475,0.06375926429768403,0.007211477718791384,0.04713409404910394,0.03999830804460688,3.2345104660129626e-05,0.0002940533159609359,0.012877738613179415,9
13.469396829605103,0.007828376653742674,0.01077176598385066,0.00748036578337219,0.0106916880595679,0.022756943939706217,0.03120351097950675,0.019977748501621442,0.00618348181107953,0.010858812946413545,11
13.574628829956055,0.007938349941797762,0.006624626817615627,0.007699223436911346,0.006067749190740429,0.049154200236185476,0.04044263558227175,0.009985335091654977,0.004749885120098649,0.014949689283618381,10
13.67044472694397,0.014538113995217402,0.0045561538341021566,0.014502604045364647,0.004541645346531253,0.041265805015014895,0.03548070863507049,0.0014223619290056832,0.0022658633706004344,0.01873816053083404,10
13.769580364227295,0.016459382539237705,0.010266568081278927,0.01645938139695266,0.010252873051934475,0.021619779683810195,0.0599555018699296,0.006946843624684333,0.00365591199721047,0.003658582847224488,10
13.86939787864685,0.005013817231586565,0.007869863871459146,0.0048824485704545145,0.007863749778335177,0.07220949341193707,0.047496644086381566,0.00828728643660156,0.0009159330563299324,0.017027327741087925,10
13.967845916748047,0.017439055793667252,0.018146372787048864,0.017411403956433674,0.01807027679082443,0.02968214770897334,0.03322030165586282,4.242168347451288e-05,0.005847433515114591,0.011628918229179695,9
14.06754469871521,0.011769336696441519,0.01635857048208814,0.011586563100498654,0.01616880584050326,0.029114655283757233,0.016045720150854505,0.019975949155989277,0.0013392662349725776,0.0063968358067460485,10
14.17338228225708,0.0243721883243659,0.011949404443613408,0.02420145286614838,0.011934220608893853,0.012396199905350763,0.011787195422361034,0.010015040586684423,0.0054338694892064835,0.01759176004708625,10
14.26743483543396,0.016558354818021592,0.004570403899438646,0.016453451007411638,0.00452834929173376,0.05342070005191363,0.07085131466195885,0.010136842343778738,0.0039680768697985865,0.01822527996871674,10
14.366334199905396,0.003941138512730449,0.012815201204211613,0.0033942994935932764,0.012776424313089051,0.06540125252250469,0.03646073265308198,0.009856059032891221,0.0010264338496536875,0.005416172867598867,10
14.466047763824463,0.009856155260084548,0.007028580259759594,0.009293742015593444,0.00676743805866178,0.07871200076815371,0.09721604685520693,0.01741293450209797,0.002040041309629705,0.010155090623605553,10
14.567890882492065,0.002994018330726021,0.006718985773130351,0.0020191872551466408,0.006714963015942639,0.08534659639724225,0.02209375960517507,0.00467245061656038,0.0011072736114154436,0.014986114483604677,10
14.679537057876587,0.027230061877561145,0.00841477629283392,0.027229769548095095,0.008070906900524283,0.03954648498180049,0.05678145236206058,0.0028390552038233584,0.0006891831013796551,0.01300272133667218,11
14.774624824523926,0.03629135784746741,0.007496586903230966,0.036153325846027214,0.007129303175505598,0.05265358432136804,0.023484757735073282,0.009472412062866531,0.0070184617065327595,0.006032904407042457,9
14.875813007354736,0.017159215341294404,0.005709415379297303,0.016671299390471746,0.005637601676026668,0.01842292443971405,0.021326114634997277,0.011288169359502036,0.010453403774912131,0.008837032634695778,10
14.970458984375,0.0213388309606811,0.011392335569124619,0.02133667018275923,0.01120548348368876,0.03524993125526684,0.02487478704856806,0.0007285382778663615,0.0008259810575923246,0.0053965609173186125,10
15.071420431137085,0.02003300468471694,0.008502534441773648,0.019383914065807775,0.006887141588685765,0.05326714332946907,0.05418147531342752,0.005000889384255709,0.000410322165831603,0.014205710749478894,11
15.170838594436646,0.013196431735190703,0.011413301637860581,0.012580549407773105,0.011321994369196169,0.03012104509112865,0.023525284996605396,0.0010271501653498268,0.0027484542736897592,0.006748122499793638,10
15.313716650009155,0.09224361784954019,0.013494228818188026,0.09222990205075603,0.01343859731112411,0.011559991008932837,0.007172603018558582,0.005572275940010211,0.0017094636358316422,0.009688309327422963,14
15.380022287368774,0.1563472895462051,0.016053947480252916,0.15634571826259952,0.0160380877981118,0.014301675323110623,0.010876317491899067,0.009373302953495847,0.001417373581138822,0.005302610894503541,6
15.504148006439209,0.10713251856154345,0.012103320818811677,0.1071324864571853,0.012095058034682183,0.013930193622231251,0.032076613715729445,0.005513937211597858,0.000908364518667391,0.008344402464132337,13
15.63594675064087,0.0065968890533826775,0.009482897567970057,0.006337845793338162,0.00947491608935376,0.05459159350663454,0.04363304338758369,0.008779189685895408,0.005127982064874508,0.007667163845037479,13
15.71067762374878,0.09566578442667703,0.0014103265603157811,0.09561718603316183,0.0013113768897523223,0.01613618399385846,0.03573112697690817,0.007735880791542273,0.004104460096845678,0.006103210126494219,7
15.793948650360107,0.014914698065939888,0.0007796293866451095,0.014913805366298277,0.0006693325545104118,0.05098882531826602,0.05260351066243731,0.009997058487309331,0.0053350413674658,0.006967967097880439,9
15.861169338226318,0.03940570399302038,0.013240528446487923,0.039405020204681764,0.013203311681263596,0.019752910092999277,0.04044525525848819,0.0032549543703839358,0.0012331245131079573,0.006952564238257944,7
15.959447145462036,0.07770370077093379,0.02967613882793919,0.07769132143175252,0.0296293585297228,0.0385286397313302,0.014088791592233182,0.009672258891120871,0.005335441664113901,0.007122620538873078,10
16.097267389297485,0.044475179474476205,0.030904256502604647,0.044472605590128486,0.030795258138396134,0.04792906249542971,0.050873255184437534,0.018970554326150454,0.008627488206609914,0.007969015451490693,13
16.169776678085327,0.1185080990513784,0.014311491129803363,0.11849022393734972,0.014300877908427103,0.02936297676091095,0.0337426332549049,0.016126996778991116,0.0024354447515507727,0.006736290055867515,8
16.269745588302612,0.05614467494177341,0.015744053515520974,0.05613364194947455,0.015642293328156347,0.036024115626225185,0.02802201680256028,9.49540443629268e-05,0.0052215864666335715,0.006508791579952094,9
16.373398065567017,0.00196409987000299,0.009496598800888639,0.0016674575859342631,0.009488957811257338,0.020043162119393564,0.009832364298512388,5.3237171118826417e-05,0.00023587444255765124,0.007096864791564639,11
16.471070528030396,0.015041970526934156,0.008079019746621017,0.015005074714265373,0.008078954639744977,0.01611600178102244,0.019175986861435165,4.4248591920768335e-05,0.0006624095999963165,0.009708046719411948,9
16.592796564102173,0.03550686588127097,0.0036471653646700003,0.0354917068584125,0.003051567966306271,0.008762261263824164,0.037280743747282664,2.3517417077521366e-05,0.0018833896587260807,0.009513564626356167,13
16.69546937942505,0.03156223852127153,0.0053700078103236445,0.031544638485099884,0.005300778585062726,0.02609736267518843,0.020824554524616463,0.002075902966355514,0.0003927173622745993,0.00864101034036647,10
16.76317262649536,0.05676001532352471,0.0071531991930659355,0.056759965707035384,0.007153013183309956,0.018186592780337577,0.019214375793199304,0.005931935006403683,0.004875099408276341,0.004702671908789978,7
16.873640537261963,0.056961163931849475,0.004161437730530337,0.056961144935486915,0.004161144404187364,0.025500142059376923,0.010094075725508179,0.007927078308788872,0.0027350120742255504,0.005702652207807403,11
16.967101097106934,0.01206939519582268,0.009745685263026528,0.01183855643123407,0.0094748833429472,0.019643489197197456,0.033587570151844236,0.009954063940442032,0.008338519389813526,0.0087350766600084,9
17.072752714157104,0.004978238510874836,0.015090204926915167,0.004692707561028872,0.015022722999421576,0.01992970896847915,0.018308816331381827,0.009956810555102308,0.005395569827422808,0.006010627935771983,11
17.175042390823364,0.00803051521742035,0.005093013036386862,0.00802600809472066,0.005054560858298232,0.01874702273706296,0.02545580324325843,0.008010259839377276,0.006102699382836128,0.0022656166192213277,10
17.265506267547607,0.01245710306982853,0.001506704795658212,0.012456822609505033,0.0014590319145098996,0.030850146538092052,0.029717275735953227,0.006009500627367251,0.00011251297678987028,0.011210555470035218,9
17.366101026535034,0.005780176981212589,0.010721069597454119,0.0056920884221437805,0.010666002118817207,0.01091935579763421,0.0411768900645666,0.002036831787448536,0.004745912695720921,0.010398564259452767,10
17.465694189071655,0.005515608410642828,0.005409840609595453,0.005408629545603185,0.005044596426439763,0.023035169681848624,0.011382843767115996,0.010050131380972304,0.005062364526135879,0.004371005161401421,10
17.569870233535767,0.0021585520421913266,0.006074294948948046,0.001912293805741691,0.006013292317396029,0.017680443371180573,0.023480642375399707,0.010018782610179803,0.0035114728569727795,0.0039062199963627985,11
17.664658784866333,0.017553501493871308,0.0074608934036188386,0.017553412403643914,0.007449549535869401,0.019626200343834204,0.0068806780275381995,8.03996466809324e-06,0.0017175805256242611,0.010094463918361229,9
17.76661205291748,0.0037729040665966094,0.007163734613210461,0.003652737061390447,0.007126069989962788,0.03170404993813296,0.033535471212124066,0.009943516841105626,0.0007409565951521794,0.008315546870597837,10
17.870429039001465,0.002604882499522137,0.004334503026838063,0.001876605877022111,0.002520637364247874,0.032532696878431584,0.07726092412583245,8.328352960303948e-05,0.007340478115091662,0.013684908150765122,10
17.965787649154663,0.003984389895644318,0.004338109384699899,0.00393399063864435,0.0041943692742415,0.03020790661315962,0.06175450143219981,4.096982603629559e-05,0.005839668330626093,0.007419107290493028,10
18.065744400024414,0.0024226817199188783,0.00974539915012322,0.0024219540599079827,0.009605442643571294,0.049349684802915635,0.010292179070860615,0.019889741971238505,0.003646467452497389,0.010682055468238541,10
18.166569232940674,0.005385235352547189,0.0028732905064162116,0.005385207292783493,0.0025880227955545915,0.011036620395772532,0.007657345010384908,0.009999735387722322,0.0032221193935366567,0.02107643337410009,10
18.265282154083252,0.010061276565929788,0.009342566409495235,0.010012213536781346,0.008984017415098723,0.025255427108666777,0.03809422327472971,1.3601754559692267e-06,0.0017056262742427958,0.01761652037740608,10
18.365638256072998,0.0018044955697719257,0.005173892902282873,0.001800712123389501,0.00508762886166656,0.023311799850267916,0.03826800736532588,5.5063439484813346e-05,0.0016894973531180735,0.004039588762230055,10
18.46815514564514,0.0062838357658796945,0.0024848622366292743,0.0062319380320117555,0.0023629078673308396,0.03454512588402105,0.026833742569386518,0.009987399399170767,0.0029730322235733994,0.02603719967482309,10
18.567174673080444,0.010663505910554889,0.009050435803086832,0.010629849887345024,0.008723145125247652,0.028648175553191987,0.03520066879242371,0.009973429883001811,0.0002474294820382739,0.030252331479472216,10
18.667420148849487,0.008921940349323506,0.005813255674576217,0.008870699746692223,0.005767530655337711,0.01212165745200057,0.04784269615710597,0.009996035138497238,0.003904458073527433,0.005504676213724358,10
18.764789819717407,0.009560554314341546,0.0075131226293476345,0.009507233298353113,0.0075034450233354396,0.04506745286264617,0.01430487796351226,0.010063156911743245,0.0018118142663843667,0.03578299324622431,10
18.86667251586914,0.009216347640934637,0.005442531105043643,0.009160329396118322,0.00453950860861895,0.02535755919427694,0.04979949979328797,0.010002407300618462,0.000549374223155792,0.016034282247761853,10
18.966501712799072,0.00816351753898445,0.00803326672096487,0.008106126423318934,0.008024439465915814,0.013822608652675969,0.03377705884296743,0.009129511921843641,0.006360732641262677,0.0036738670840782235,10
19.064818382263184,0.004457023852652083,0.004437047222904425,0.0025013403038712124,0.0009229062603525105,0.05458319180729711,0.04173322823385237,0.009423875400866226,0.010293075759273303,0.030444424805263347,10
19.16581130027771,0.01231522176399955,0.008141560020647547,0.012057377864386378,0.007832805288337416,0.01599808227264336,0.03993943340780223,0.011451086576338513,0.0026515854292035092,0.015686380520447695,10
19.265750646591187,0.011135166934940943,0.011930451263484599,0.011133474440111393,0.011929875417753255,0.01305717465152732,0.0495803065650197,0.008823772465159445,0.003240126046488556,0.015340445384853204,10
19.366378784179688,0.019478876848641843,0.016987119059786095,0.01899274545902403,0.01619943161565815,0.029121596703022227,0.04028958781892805,0.010019269000117577,0.007075809181899088,0.01385334468263976,10
19.464906215667725,0.0065240263378994025,0.00775967193624633,0.006506302327737486,0.007758559245440157,0.04678372141613406,0.047398284008750506,0.00011268212222460732,8.761937166478033e-05,0.005569257436511183,10
19.565768241882324,0.00400206038952389,0.008733843190378754,0.0015445113965583518,0.006914598652924458,0.02828427124991126,0.04138910894650992,6.02063400453109e-05,0.004841134262619326,0.005758191886575419,10
19.665199041366577,0.008161039016898458,0.009399303233710816,0.008105938608049102,0.009398899273447376,0.02000000005254174,0.009984298345919653,5.5467006430125776e-05,0.002068215572636748,0.0016745056017086182,10
19.764600038528442,0.004197665236618325,0.004268625139075509,0.0029085797113508395,0.002496039327213666,0.014142135634523491,0.012396763962883075,0.0099722491298362,0.003144405036859521,0.0048334522451748485,10
19.863627910614014,0.001581093245539965,0.004643416908648955,0.0012246850192362956,0.004573463503268154,0.010000000000716817,0.0014957575482930725,0.010000000000711821,0.00031882401623458084,0.0023383814470076597,10
19.96416163444519,0.0008797482193833407,0.004607187539225324,0.0008781732100721231,0.004534084173034153,0.023216019946863512,0.029684794064838163,0.010055945100641001,0.002143115303402521,0.0160668206617134,9
20.063766717910767,0.005755765146064087,0.008671437744100221,0.005755394351157089,0.008624306481147342,0.032314555622089895,0.01135857200485729,8.202329144982732e-05,0.0020908008770978803,0.020108343316369355,11
20.163365602493286,0.02789170812806327,0.025826414341865764,0.02787509943273913,0.025799337158053815,0.014502150195248354,0.03041828815342929,0.01002693191219096,0.0009736892066123915,0.009653807722347469,9
20.26484990119934,0.014080552166239378,0.018643877375097432,0.013938166050061313,0.018630667624967918,0.01030963431637072,0.027818867217124742,3.066148651249458e-05,0.0024527332943121366,0.01948743528709303,11
20.364501237869263,0.004736326629836091,0.008275571210958736,0.0046351368542353515,0.007881090955680587,0.03190907952071504,0.03729285806057221,0.00909089429313846,0.006149949734022608,0.02593872774011108,10
20.464216947555542,0.0013599445341619125,0.004305489271315804,0.000972446258131167,0.004243440286047125,0.015272344102190373,0.03549339513272929,0.008186771594349317,0.00048073733798172856,0.0071542571583539955,10
20.56395435333252,0.003669916871480239,0.0005769708585589263,0.00366652714104765,0.0004171779133077051,0.03451267613774995,0.037999148051033736,0.0009819952781383522,0.0011977695633215602,0.015483605790367816,10
20.664096117019653,0.013130245330743836,0.010389590855842169,0.013087303055312827,0.010343739713324246,0.033560379901947296,0.05620597504432582,0.010031808179473623,0.007266459826431536,0.021999012069089958,10
20.76483917236328,0.0093160370232068,0.013108189377494308,0.009248115813650473,0.012982973740392202,0.03245215912336024,0.024386931308741436,0.010092051306017934,0.001829608835471885,0.013163975736208065,10
20.86520791053772,0.015689096199292783,0.013804112036755238,0.015568341675795695,0.013771129681020922,0.01901431606216691,0.006025841838314531,1.0881543693937547e-06,0.0015826574505712187,0.006802712933844085,10
20.96541714668274,0.016083143934110283,0.01822702058347878,0.01603416618915307,0.01816220686866507,0.019001526895418938,0.026544650066778804,0.009964440439634323,0.008570912610492122,0.01459042491516136,10
21.065604209899902,0.015934023873835235,0.014349531923197179,0.015928078222279773,0.014267094371805056,0.01667670946779313,0.023715093418235175,0.009984212310332322,0.004089130573357595,0.008418655360733123,10
21.16454267501831,0.007009441449002417,0.0073089605361191445,0.0069998019257583475,0.007278166215217852,0.009014107001368706,0.015515270448542095,1.7036621279153677e-05,0.002075981573637244,0.0036617797958709104,10
21.26365852355957,0.004576727878010016,0.0068992215233233175,0.004467531966328336,0.006894246735870563,0.01628146688077477,0.014516030023015186,0.00410175414056445,0.0016272021334311697,0.00453293937244667,9
21.36234712600708,0.006334642310327566,0.005424164737466473,0.006027972286992774,0.005259860248606393,0.02163319889883655,0.01843043740242243,0.008204497207764564,0.006044322651935109,0.0043904589511698485,11
21.464616060256958,0.006839818884764987,0.0019748721920488533,0.006839625164096392,0.0019734929301285166,0.022630884078755173,0.03970140001865386,0.003445802739492378,6.815437004244775e-05,0.0059429011329064545,10
21.5661518573761,0.007201303710687536,0.0072026949344360216,0.007199867069328608,0.0072026755850059625,0.045281912191610096,0.017586536394580677,0.005134891197650825,0.006132018843511665,0.009880592043793365,10
21.676203727722168,0.0012647770433556966,0.016259929175127957,0.0008609977323327016,0.016158719129426753,0.03125656192758765,0.020027936318417188,0.011415907882816564,0.0008162990211919562,0.009984320624386858,11
21.76574182510376,0.027414118737699993,0.003890662713037035,0.027339991014544648,0.0035711445392849098,0.019993724926555823,0.01432761557535455,0.007948227566832554,0.003761193122223047,0.003002285041891955,9
21.8664710521698,0.029008639990149396,0.009489947914403591,0.02898875547215301,0.00945204628180164,0.027584845960067196,0.015253274041925191,0.0010870111240260567,0.002292960667818786,0.004894161079593016,10
21.96511721611023,0.012169028167052728,0.010701252697376028,0.012168556400013299,0.010691632512837498,0.03558505036915739,0.020254900963728818,8.003646395085475e-05,0.0034198114955583895,0.014723835141329902,10
22.06441068649292,0.009572858780710724,0.012520882744387587,0.009523180546958084,0.012517371697777262,0.022367275497844227,0.06546477672273285,5.5068620964611574e-05,0.007453234291290473,0.010246643006662545,10
22.165372848510742,0.036537346186799755,0.031599794053574944,0.036490151800909865,0.03154919542635044,0.055350592972920915,0.021108767773808178,0.006551976414664563,0.0019708544914626655,0.0074064099208935455,10
22.305081605911255,0.04515389599036335,0.03163531918306217,0.04515388769546992,0.03163469269715632,0.014508004610713436,0.034750390716831864,0.006581534137077843,0.005983924428186198,0.011267477648910217,14
22.36149787902832,0.14047965350942038,0.001997186643011599,0.1404765209179159,0.001993708108216756,0.035425443850157674,0.025386437514505825,0.02322195017426092,0.0036595223237326,0.007355877446496564,5
22.472930192947388,0.09600920698002692,0.0046678300268956086,0.0960091203960826,0.00454002532551676,0.05203862160854847,0.054876465480959424,0.009862283586233011,0.001997619135052105,0.013039123684997263,11
22.570173025131226,0.015198722558831854,0.007734935124827862,0.015159473964912589,0.007629731121166913,0.028590085464082805,0.0324297580867557,4.4659259797907044e-05,0.0019310632562727983,0.009735808965268232,11
22.676536321640015,0.002596056166756767,0.019412431680247984,0.0018776577738289905,0.019403553051951197,0.09207145873937116,0.09798568104836121,0.00025113733688560054,0.0058316786227421875,0.01162046906916127,11
22.781610012054443,0.010680770920629853,0.010761734067657566,0.010548415996454504,0.010695859932066898,0.1139679909301983,0.05591030465267963,0.009716060997258899,0.0038814722013840526,0.01055702752818725,10
22.876201629638672,0.02308876944726721,0.006909500503952685,0.023088715794685286,0.006889413790188287,0.03317651344290892,0.08179356759989567,0.010097687993417728,0.0020022118226290363,0.006528843585701029,9
22.980321884155273,0.03150607461305496,0.01374244784791526,0.03149563579939919,0.013737287170951263,0.06403124103621427,0.03610792657714351,8.32217597961264e-05,0.0019659553678743943,0.0033022218748810592,11
23.08059072494507,0.03220943641479252,0.02671642792391219,0.032166334151366445,0.02670007869607636,0.020000000052553823,0.017903994205707444,4.246248304474463e-06,0.0038114201595739077,0.011223779286459299,9
23.170575380325317,0.007714851003828429,0.022485674619441644,0.0075851068213685395,0.022480438771896885,0.022870546337300828,0.01621964684148094,5.576566020938195e-05,0.00472995325200451,0.006276304051785736,10
23.275707244873047,0.00820831438942518,0.02207181453278518,0.008122181636660166,0.022071496726627917,0.037649795292267085,0.0448875143374593,0.010056580256444,4.920068749459252e-05,0.00313345013106106,11
23.3709819316864,0.0010390438252022359,0.014579443678554188,0.00102182231874566,0.014556591681978339,0.06317548540416802,0.03339777308262481,0.010147943275111938,0.0021165751888571533,0.008081234228342185,9
23.46891212463379,0.014167627444425823,0.020992165278167326,0.013939420797871188,0.02094346410748958,0.020644186117879337,0.06501448451307569,0.004773534647417974,0.002000084109279894,0.006151857020277297,10
23.57292366027832,0.026830699961405382,0.015096063924324492,0.026830243831078883,0.015086799024638416,0.07273505252342527,0.037155347415731614,0.00957453948702793,0.00036291962182128236,0.007373413655113645,10
23.669840335845947,0.024951238039932936,0.014297584920776651,0.024942989106682786,0.014288229397564549,0.04769258754641336,0.023719765692204634,0.005171128620195253,0.0012403832125325385,0.009009915321764221,10
23.77246379852295,0.016253999848908515,0.005026238460064111,0.016222704988816773,0.004824046402862777,0.023794348029269365,0.05215757237040857,0.010028996962480767,0.0018258082775824797,0.0062894913187355,10
23.870304584503174,0.0009121793817858017,0.007683648326018368,0.0007832377777577917,0.0076675859527636225,0.06770683313363789,0.0344402671465125,0.00987614442002417,0.010436651802590305,0.0067540755763837845,10
23.969680786132812,0.00813690684731427,0.012688455511203376,0.008126295955380222,0.012688206318617262,0.015234402721889619,0.03135318080940213,0.009993394238833575,0.004344240826258344,0.002817578469631376,10
24.07110095024109,0.0042520760765524905,0.002697526949443422,0.004080725157898688,0.002013534438293095,0.03709505389723279,0.02353749120727239,8.538551346069768e-05,0.002415486328852933,0.0033768921037380076,10
24.17167067527771,0.013532474094226175,0.014378442889279114,0.007066570538738985,0.007669617671159128,0.031482805672009576,0.01916507317300608,0.010024569016084561,0.001461263379138751,0.003169940158148439,10
24.270553588867188,0.005416463904270838,0.006324615391534877,0.004241535709501532,0.005293345439664959,0.019417075236400495,0.007871734296725039,0.010020456156401318,0.005761960867432284,0.0071513085186281624,10
24.371896982192993,0.0052407260971451776,0.0034071916670950137,0.004520961283858217,0.0017944381715923935,0.01823045890291231,0.034406217200535834,0.003485073513217836,0.006098605581596314,0.0057925074528346375,10
24.4690043926239,0.019003856472413434,0.013156024646023367,0.018392722699484915,0.012393982888916046,0.059974028446134746,0.04042239602064524,0.003087250104767499,0.00018675643154644834,0.016690699098109395,10
24.571560621261597,0.0035386170994739356,0.008518643700648967,0.0031316790108464033,0.008450512153183772,0.03603766439523592,0.08124697804393752,0.0035741821888994312,0.0021394560176607354,0.007704376560805599,10
24.668962001800537,0.014609438124910895,0.009233297435852453,0.014608293195072205,0.009217595721957031,0.0708254839302439,0.025666291033022558,0.010186896652761845,0.002602310920144205,0.010644143081349136,9
24.770600080490112,0.0299556058629595,0.021262557073466554,0.02995559649863728,0.021262519327337612,0.02939444290214583,0.05547097072307296,0.010060517739629665,0.004637102194569856,0.012588130111740389,11
24.869112968444824,0.028346730673169722,0.024241052503061408,0.028345086285464158,0.02424100456906871,0.043257388465305864,0.03256186369710778,0.01011653071674319,0.0010219955570148803,0.007524252571117154,10
24.9687283039093,0.005709062532438127,0.00859025756112698,0.005695965001987323,0.008540127572446352,0.045598076641440215,0.0275483068886849,5.358246480637595e-05,0.0015236405535012428,0.012598345350775956,8
25.07220721244812,0.02706559820204142,0.02013566232612289,0.026334749251020348,0.019238187095935114,0.024486345615290617,0.041317967799116305,0.009965038115119403,0.007513991369823317,0.01213036680165417,12
25.16955828666687,0.013911271808688149,0.005768181757547109,0.013862340246886743,0.005674486687435064,0.07340726258439366,0.049479037853386705,0.009803514890108713,0.0006869762388840423,0.014049074925272803,10
25.279042720794678,0.005772777766590677,0.02614473233815918,0.0034099255540288166,0.025662610086648645,0.03755355675235155,0.01927818818328995,0.00010051298373964254,0.0046579600897851655,0.005859241571950169,10
25.370920658111572,0.024402740134393853,0.00433776911692274,0.024202467226789155,0.0033373802133649638,0.02064165996040397,0.01506416500513407,0.009586808063519456,0.004888088364729445,0.013035695078195122,9
25.471916675567627,0.03322764229102447,0.018178761840339255,0.03322490142831391,0.018172117034307253,0.033986376181531164,0.027914276735656517,0.0008082267579147393,0.0018659361228840607,0.012158474922392757,11
25.57011914253235,0.021404756355955314,0.019294186107951167,0.021377487913191027,0.019284063952594205,0.02289675857393794,0.004682451321534828,0.005639473221888912,0.002992365073937495,0.003825223365531232,10
25.670835733413696,0.007118581633957192,0.0026213226635867135,0.007118156226758011,0.0026202203741327494,0.03304750139884762,0.03799107401676529,0.00964726810185749,0.00582078303511822,0.00969112490378679,9
25.772713661193848,0.010457495490108307,0.006975782039495274,0.010396161793359232,0.006819732055977239,0.044981355108124475,0.012281874078047763,0.00488655737203742,0.004212890262051824,0.011293202955134156,11
25.877065181732178,0.014317814646921879,0.020175216036361323,0.014280884712615684,0.020174942559306054,0.010248905368712338,0.010955779210319648,1.3784658844981377e-06,0.000503724499242088,0.011760623501718113,11
25.972540616989136,0.014334369096872267,0.0226440291323958,0.010112000553844187,0.02062753538680283,0.03278231203454575,0.020870297886473467,0.009917579777946082,0.0029972054015120356,0.0023411782794294884,9
26.06940245628357,0.0032234889222600947,0.0064815960114929004,0.002266347501572079,0.006115452300435819,0.04201005348147791,0.025057417651925946,0.009893229418837694,0.006829127723626129,0.005952101833987688,10
26.16879916191101,0.006548428989957744,0.012277174836021757,0.005899806073594571,0.011916093826394625,0.030869272775969805,0.009953679142621637,0.004649390223766368,0.002547227163963086,0.010880699572576766,10
26.279761791229248,0.02818832928824003,0.010354201971536702,0.028118101446390268,0.009814712640213205,0.009665942824554088,0.021644103872049826,0.00946349634882767,0.0002540634506529905,0.0063687096677957685,10
26.373222589492798,0.03250982866320534,0.006407621044717864,0.03244296367174805,0.006257541259222396,0.04032679808266361,0.040561677794388885,0.0048434814759958115,0.0017922007261665228,0.0031115558676745527,10
26.479575157165527,0.030461049872141363,0.009815814198395974,0.030406507464710904,0.009634998483233204,0.060620188365936,0.037402154713778474,0.00016997723970688027,0.0009168915939615035,0.011208375934751547,11
26.574098825454712,0.02725640515827895,0.009658756749894764,0.027239961898495,0.009645148978739655,0.022500492339444476,0.021779391287671528,0.010054898564516614,0.006473636259579856,0.010267622188074654,9
26.673524379730225,0.006861159826936963,0.00193883685790274,0.0068604257765827225,0.0019235061900892412,0.04367565761837663,0.049273083889351206,0.009889001514064289,0.0011724487357103255,0.003536297486397042,9
26.768226146697998,0.002403628177094991,0.008414923200564816,0.0024035296188979283,0.008412598129151232,0.023444255789494522,0.01143722538995895,4.9325007947315196e-05,0.001280215523263006,0.011735748795271728,10
26.88901686668396,0.03904478617823896,0.006517451032424935,0.03904477082914799,0.006495586716176255,0.017877107401295445,0.01735081509270854,0.006820041655490863,0.001205185465274383,0.007137533602044844,13
26.972293615341187,0.056479799597871416,0.00261821151001334,0.05647979899896188,0.00259477432026231,0.016700700466190738,0.028501942358778343,0.003667911139017043,0.004524143625249667,0.009331839474635447,8
27.074191093444824,0.025791671282207926,0.006968591739961797,0.025769970705946634,0.006946817776549731,0.017877776806010607,0.007753379690837945,0.006818477388904427,0.003768778482348188,0.0029377956351647997,10
27.17350172996521,0.006244747592617179,0.008292703880464498,0.006172481695684827,0.0082614154669279,0.02449988461991158,0.035357160945513146,0.010055691887217479,0.00012475843932541496,0.009831223324941662,10
27.275557279586792,0.011703851224063646,0.018797185758330625,0.01170360148637307,0.018765383827104385,0.04102586692144106,0.032141742564925815,0.00011429870318511022,0.0021026909254972122,0.014641804498459267,10
27.369235515594482,0.0017385422214357656,0.010273171387740174,0.0014884071310725948,0.010271967953746415,0.040038955590540715,0.0844433695388386,0.00011099149148823284,0.0017514447489734564,0.012689599161374555,10
27.468342304229736,0.012741795682718368,0.0032475544067988417,0.012606062227806475,0.0029034499115433727,0.05571518362680358,0.01466417645255248,0.00015502104675030876,0.002915957229227298,0.007121544585052274,10
27.56970477104187,0.002022259015483482,0.008576431447572391,0.0020173275866906238,0.008561799420970212,0.056113672039014476,0.06653586079931711,0.015071786564072967,0.005880679680915643,0.012530831328691415,10
27.66962504386902,0.0068974496818214204,0.006707050713236755,0.006617367646036361,0.006523800607630184,0.028462717918297794,0.038093736648507515,0.010370579091465212,0.0053015518822598405,0.008863217505279564,10
27.768704175949097,0.012346466530077265,0.012477489213362234,0.012298027977161435,0.012470631457431209,0.00875327509403213,0.0466975064438593,0.004794369590122259,0.00025320330821315587,0.0032856651473373204,10
27.867987155914307,0.001962518467019556,0.001994625584006942,0.001678398782244866,0.0009366465887965551,0.06534663930807648,0.04272332495354679,0.0036316422793866987,0.0003818685611952189,0.014102290201126832,10
27.97390365600586,0.01286276503721919,0.0016963004834780941,0.012861753238642205,0.0010971985645258891,0.039457052447988326,0.09779724365908257,0.002310337140143985,0.0038590979001111537,0.00895326122834134,10
28.07037878036499,0.01884600734513989,0.005937750993625023,0.018769969388082754,0.005831971200228492,0.09270585465790362,0.019344984466431153,0.01834486367813812,0.0049625255810145505,0.011674972506078447,10
28.174153566360474,0.00674732625475093,0.010013551730050552,0.00674684398153449,0.0100128948613203,0.03470443077576317,0.07966070621835578,0.0050737267380006066,0.0035654632990088113,0.011075534431631952,10
28.27617120742798,0.003168542458780773,0.004328344963533363,0.0014412921391048909,0.0037198592740247545,0.060936972389451914,0.008580423706982735,0.017432306555495623,0.005554195081537039,0.005265718524044163,10
28.347325801849365,0.04909028876683642,0.0030552917370580608,0.04909027576440361,0.003055259850715557,0.024200082242729327,0.031532770486385385,3.674295082116361e-05,0.004057292673151963,0.007119790875290241,7
28.47007155418396,0.08240166363980607,0.0106272586334266,0.08239532187018656,0.010612474203804359,0.03102959960684251,0.03313622636340164,0.02002763319760283,0.008256320923691397,0.004338354202198739,13
28.57168745994568,0.04092734124345349,0.00700223028637502,0.040918296551370144,0.0070021852230986795,0.06378165506051109,0.0571130941775691,0.030155063987620752,0.005358672903328737,0.009520211136756225,10
28.67139744758606,0.013378952362003333,0.012079808702471388,0.013332837144970388,0.011989923254462576,0.03232672186691992,0.014480067752888988,0.00405402747510665,8.525175533534648e-05,0.013403585752136883,10
28.772624015808105,0.027360034274731177,0.023224163037760336,0.027294564854616087,0.02318018933302482,0.03975888839903941,0.04096762238896071,0.0016160572140598362,0.005982877373300621,0.005269457332131055,10
28.868268489837646,0.029113245240506135,0.020621560790540224,0.029101765999868023,0.020615183691193983,0.05570613264636159,0.03246657524659752,0.01571259102623289,0.0014555490997920598,0.0067606320361632034,9
28.970124006271362,0.005970506626388239,0.0064985302537779,0.005877785635363818,0.006330279043856456,0.029905850126220913,0.01530975067223977,0.016894104656413524,0.008464875472949648,0.005156120673018085,11
29.068542957305908,0.0055627086873521,0.0033870292542331243,0.00556204193138163,0.0033848175897160247,0.0371006123768189,0.03875288787956548,0.01356959365248007,0.0012623127234618987,0.0041291671401257795,9
29.179534435272217,0.021924937731751436,0.002711781124708265,0.021892837057877652,0.002014831960702869,0.06224779453534113,0.03914059175268077,0.01332973137346726,0.0012651516512791382,0.009665412286771466,12
29.27754044532776,0.03150200770262754,0.012458378162731775,0.03148538971980358,0.01239605497807944,0.014145838860414376,0.0614815610636237,2.7427017765181263e-05,0.00374126583870765,0.004181117997255968,9
29.37191605567932,0.00787377255756662,0.011586602435770043,0.0077874917342593605,0.0115669161176112,0.05554944758121545,0.021274456956037757,0.02015147218775393,0.0022149722790539604,0.010449200114089103,10
29.474132299423218,0.008062162964796888,0.02266475438473451,0.008061898764963979,0.022663275258590267,0.027843423964404243,0.04230695666228906,0.009959875152383307,0.005670766524647435,0.008091025088412362,10
29.568161725997925,0.00870773397535365,0.018890518955171496,0.008641634187697098,0.018876338426227365,0.020071687049905685,0.019616968644307824,0.000246132057475837,0.005203288809747091,0.005285127182104864,9
29.669029474258423,0.008717293713330281,0.01993231762375537,0.008659976021037817,0.01990856191124806,0.009699171929932754,0.010725086849721824,0.009590332299907023,0.0014790442058891572,0.006068742140551957,10
29.777358531951904,0.00990493484624896,0.0026159829626912256,0.009904791882894795,0.0025116000839341818,0.02583428723123495,0.019250718488829716,0.0035246621263118325,0.003933318834199699,0.004451747955597466,11
29.844755172729492,0.06575916899410257,0.009323144410788853,0.06575915637509956,0.009323042655913,0.01757283588725568,0.020697399367673182,0.01242431157277659,0.006273734040973405,0.003796346828009604,7
29.977715969085693,0.10783645972184709,0.02327711770212957,0.10753688258078506,0.021713976827280917,0.02352135093397211,0.033290286446784154,0.01624129803555097,0.001940921932232622,0.006258056333632172,13
30.048664093017578,0.09320273235247953,0.0041333527356955755,0.09315246314881132,0.003922915642601973,0.02831945773888966,0.02429292773183821,0.010030404165592813,0.004682436270339085,0.002327401741607383,7
30.18779444694519,0.08031656479712852,0.020368962459562944,0.08027048872917802,0.020071724637875817,0.020292444931184088,0.01561324626965392,0.0069462721970193755,0.0068539293447180535,0.007730513279977116,14
30.279954433441162,0.0418738237282571,0.017512025384117783,0.04163607797979162,0.0174867185558887,0.028345810484585187,0.018449501213194674,0.013944652349471023,0.004646575173212789,0.006380537499045228,10
30.37902069091797,0.014650570986255131,0.02684035087757371,0.014480060325681231,0.026770886118755822,0.021178906013086782,0.022310415598181983,0.00699821127621906,0.0013576993119641743,0.004724487926227419,10
30.479928493499756,0.011533340913015623,0.007322684864121111,0.011490317691906721,0.007185155355995482,0.013975565505571875,0.003877451199832347,2.558623222807289e-05,0.0002448622273549276,0.003537126033751069,10
30.578895568847656,0.0110141242023555,0.010389761735019666,0.010961079908722408,0.010375615723640945,0.03215628393971361,0.04247096959102731,8.468067781129216e-05,0.004942175516975676,0.0052128111918991,10
30.677433967590332,0.0046272102074574285,0.00608632816864058,0.004626076725701985,0.006079326946206642,0.030280924411624853,0.013375422137442975,7.85560211374934e-05,1.200840185158347e-05,0.00540591322440394,9
30.776098251342773,0.00784461301554566,0.00607258708161587,0.007844476635849197,0.006058992766987957,0.022945850221313232,0.01557273188352174,0.005158908160076393,0.00036525018654612107,0.006229728694941393,10
30.87614893913269,0.009409452515175854,0.01313284248767868,0.009409155154714284,0.013122587554694353,0.022362997981387592,0.009534725223035225,0.0003201584350498508,0.00012346822915155093,0.013143473269335439,10
30.97622847557068,0.007534638639103447,0.0053047218367674055,0.007515700972564568,0.005262419360509333,0.021130755892082426,0.014421917728706084,0.004812848380386626,0.0024997137846702257,0.012273443629064134,10
31.078644514083862,0.0069775663048695456,0.012022269514349763,0.006977406374710183,0.012020804530118754,0.026874874254992548,0.021211695336287143,1.5595201047401335e-07,0.0008938602849228326,0.00030572288096278473,10
31.177353382110596,0.006525658224118031,0.008894221090529217,0.00631547494143332,0.008861725490324853,0.035686562211806834,0.02512388326050306,8.655651280654587e-05,0.0011376865240685856,0.017164064350290366,10
31.277019262313843,0.019037487126485713,0.021988460308091297,0.019018474685607308,0.02187248530828571,0.03482952672872223,0.027978944537488715,0.010057089755655979,0.006451726372291214,0.026676154141002512,10
31.379149913787842,0.014681771355779891,0.01006126001892906,0.014672055116729818,0.009994219215515864,0.01452562888042826,0.033684543255961284,0.009972287378728798,0.0009257737337089248,0.02156946913053132,11
31.47791051864624,0.0022153690126377875,0.00045339725128928227,0.002205778524020779,0.0004210289957947678,0.022904256874234086,0.02759648357362442,0.01005192536398572,0.005673751782737459,0.012589708987064541,9
31.577340841293335,0.008008083105591696,0.010867328327916651,0.007938870131559148,0.01086732202686671,0.031652141292269585,0.010495781030974703,0.009995469223624098,0.0008354329354177239,0.032506868702748985,10
31.67748260498047,0.007931174822933285,0.01110595716050226,0.007931071334006999,0.011028240935473384,0.049843370138200865,0.05763725133403805,0.010055434077408998,0.005484136885429919,0.019300073504199686,10
31.776801586151123,0.009111657602577735,0.008275470876586153,0.009046592780392335,0.008082548505761088,0.03428277991633848,0.029330276978703083,0.010007383423959793,0.001641765973111347,0.0020456608208699587,11
31.879315614700317,0.005247368341713987,0.001268136635663947,0.0052158331147665335,0.0006635559198694502,0.02026176315430974,0.0177808193294997,2.175674332628526e-06,0.0016604588804287584,0.026642833829411263,10
31.979492664337158,0.004123031689214274,0.004083118072349259,0.004119209621510241,0.0038659740862810716,0.023805426237939808,0.04807423550649199,2.6607119239953314e-05,0.0012569792850049878,0.012807498628712551,9
32.07900929450989,0.012645865882426915,0.013382404371677014,0.012342435359531233,0.013301508593446469,0.010080867311939972,0.03664414703228544,2.7779326153358545e-05,0.004805810360669841,0.01027619613013706,10
32.17933511734009,0.012816094324827448,0.010300054299095576,0.010979413332399646,0.00807079244065154,0.022309859644659088,0.02487480338945353,5.0837976105182245e-05,0.0021879311969691595,0.01707093545207201,11
32.27894854545593,0.002661086433385248,0.0028159472396346932,0.000592995385645523,0.001635649548909028,0.0340801599345807,0.02638914207790087,2.7613365064524153e-06,0.002809211295532396,0.018194269372468798,10
32.377012491226196,0.012887325706165168,0.013066152873496144,0.012483916430260936,0.012809944673243891,0.020837483227870678,0.03670975229338575,5.879099819916937e-05,0.00138885784485018,0.005147416620995199,9
32.47741651535034,0.005300923155618586,0.009635007837222445,0.004842742418287893,0.009367679141944859,0.01988627851513697,0.0245017973675342,4.490409513150936e-06,0.002016992787149209,0.010165627140760324,10
32.578179121017456,0.0028805536696124194,0.0036164791577525477,0.002025155324838984,0.0025295260190852696,0.029328942881933925,0.02719919515285709,5.647750529241667e-05,0.00041998546909567533,0.009950767437235494,9
32.677983045578,0.0011141928533685342,0.0017035865748720588,0.00044361503561065214,0.0012928111227461978,0.021089189022495364,0.018329701767219538,5.248284614035508e-05,0.0032023008591652614,0.00357857323877806,10
32.778202533721924,0.0146713062018378,0.012413699904763133,0.014671226983146891,0.012412080813982611,0.024347413391217418,0.014027598584878852,2.8649341416591e-05,0.0006724784720468178,0.009175338588941168,10
32.88533878326416,0.013524598807971494,0.02343804019198287,0.01352457340955592,0.02342512508731944,0.020366167420039577,0.03543617933210777,4.8961943330316206e-05,0.00032636056502313585,0.006139517965502166,11
32.97921180725098,0.010454401681973532,0.0015172324956069167,0.010414165457118913,0.0007840620526654447,0.023596768316748683,0.011047158048736037,0.010058932993680634,0.006886494506231595,0.003352971509650579,10
33.07937288284302,0.01056815259808661,0.0030118916114028117,0.010568146155275692,0.003008112019373472,0.01914778372707466,0.009762631814771413,0.01002819114653567,0.0015824071751660003,0.009562874655987886,10
33.17718267440796,0.00579305386595347,0.0056768176613935925,0.005702366002733824,0.0056325781832028896,0.016357804771204392,0.017652447557973988,0.0099727803707602,0.005305213584612518,0.004127415867536767,10
33.27591943740845,0.001379146505618846,0.002518958898437831,0.0009585357081344474,0.0024325650830850677,0.015069137831059055,0.01770440167173761,0.010027945580157935,0.006992529083478439,0.010589826094531435,9
33.376792192459106,0.004258043695640683,0.008293053275118582,0.004258033155678704,0.008292138375347893,0.01209436129601426,0.015801979477099607,0.005030090464660558,0.0029298912521616752,0.009123552800284344,10
33.4791362285614,0.005834936600639542,0.0028158828273241606,0.005751762163191349,0.002787845936347958,0.01711005501526289,0.017739814649846204,0.010034181022370399,0.001947750913097189,0.0027859516107336213,10
33.57786583900452,0.00786182851622727,0.006337873470828473,0.007861709157239207,0.006337746865903923,0.019006794036186755,0.01636579439143439,0.005010891062534011,0.0030065033427808512,0.010596331020432056,10
33.68187355995178,0.0009011742257717932,0.007647171401515436,0.0009001284826243277,0.007630314321223355,0.017781222452325215,0.012228238143873957,4.163245768429978e-05,0.001710511025693239,0.012060887166671194,11
33.776647090911865,0.002273190693039508,0.004020064821378152,0.0022731892484832436,0.004005509551601393,0.008913500036956125,0.024846233808743737,1.9310257917304277e-05,0.001932443966967346,0.0009124929774994671,9
33.88136410713196,0.007818538219358772,0.0034063076658155424,0.007818170349755987,0.0034007251379211886,0.021067388688414637,0.03119630244099896,5.5632098845865566e-05,0.000496537729282961,0.00619394879897402,11
33.97833466529846,0.01000493514901129,0.005144858694314339,0.010004925811890842,0.0051265831234196405,0.022223547048731862,0.032535336087796726,3.073903965662558e-06,0.000540114655686319,0.011556555228096666,10
34.077712297439575,0.005622947172161017,0.0017428434581861114,0.005622650317696809,0.0017224743039871218,0.005890696592388695,0.027795052092220933,4.325328471074687e-06,0.0005719884304114257,0.00607883315578621,10
34.178282499313354,0.009265698535236578,0.012630932879857053,0.009232403269124336,0.012605497727552928,0.02242563783258146,0.006559155527717581,0.009941476404492387,0.004140148501022878,0.005842856381029266,9
34.29121732711792,0.015243310807955487,0.008291974513728057,0.015119971904732006,0.008097507341594947,0.01247592591645649,0.004060106878141905,0.009999835151646682,0.0017034970750148394,0.005576708381734581,12
34.377647161483765,0.02416243612631879,0.003832655704704526,0.024162436053742874,0.0038191147229916615,0.011270096301460317,0.013549999952756738,2.1992405889297364e-07,4.2800619415594496e-05,0.0026800427967513265,8
34.48307991027832,0.006072472696157518,0.011221312886022955,0.006072461929469423,0.01117445559594076,0.010000000026404192,0.003195650222786069,1.582062858544849e-07,0.0030911797209656586,0.0021824911437071425,11
34.61049962043762,0.034486041132402834,0.0174092988567917,0.03448571519571729,0.017409002030353796,0.016611680069108056,0.016340044591989674,0.0099753516013659,0.005602058175921011,0.0037046825992586197,13
34.666372299194336,0.06532857073874386,0.005926083037138883,0.06532808038463679,0.005925722558511063,0.015983495836068742,0.0064486351052389845,0.00997736751949021,0.003599888553476711,0.0022417183861934732,5
34.768391847610474,0.03242657485275134,0.0067614264050897864,0.03242506238480198,0.00674663222342211,0.01025461608949706,0.01938497845765276,2.4538605198874594e-05,0.003495934564547072,0.0019936872542642113,10
34.86530518531799,0.0034820920078184885,0.0029025756067311208,0.0033140569262119033,0.0024395445690431126,0.010749725488419555,0.011847713993298715,1.1820058207122558e-06,0.0004895413780130579,0.003000685535849481,10
34.97517800331116,0.014341778132680266,0.0029658343560663653,0.014257023949055337,0.0023652259638340476,0.015141544115369023,0.02763640694482101,0.010028906520965735,0.0048496224882522265,0.0027354249819608696,11
35.06881833076477,0.023051557449095473,0.012289992953820428,0.023027533023114968,0.012235385560287276,0.022376285045154296,0.005428462200343174,0.010055618907685535,0.000974231917125464,0.001806538147290556,10
35.16511940956116,0.012403605042093913,0.009153502747040135,0.012334645790731508,0.009091091184392304,0.0029819410859521275,0.013292142621917193,8.301529617542305e-06,0.004087242696527873,0.001846127418716611,9
35.265796422958374,0.00395839951773271,0.007416280396571915,0.003706859007087837,0.0073506704421976215,0.009307541971640037,0.0072069149936920245,0.007139615800661734,0.005850803885401222,0.0016924026769589155,10
35.36680245399475,0.007051382625733553,0.006499375271224584,0.006838150663106821,0.006327956544940837,0.008243534534793217,0.015533423897114748,0.004331988814909821,0.0014535508946856585,0.001347488314155491,10
35.46433353424072,0.011052791350666015,0.010472078453446271,0.011005157192024098,0.010468199103170471,0.010391719901452077,0.0032504830688480867,0.0028158875724707075,0.001523964842525787,0.0006026832046073338,10
35.56570863723755,0.005115434215588356,0.005451951394282924,0.004696992515282343,0.005285991606844409,0.01415447158831292,0.013656943984646477,0.010027896624602278,0.005818974358832732,0.002791567530804488,10
35.6666100025177,0.005035614853466133,0.007153064685592926,0.005032144771436497,0.007131475707225472,0.022376285045162734,0.010208624487459784,0.01005582786274922,0.005613558611435307,0.0010868456378667498,11
35.7658953666687,0.004824030777241241,0.004065384190055313,0.004512985798442066,0.003510883070236385,0.010000000026423001,0.005315626223671374,2.786189261500065e-05,0.0007531518708757388,0.00172918493487783,9
35.86666011810303,0.0009325906723202199,0.004476305952956378,0.0009262420983033974,0.0044550887927176964,0.014129788909811862,0.015825214406162202,0.009972103376974033,0.0017643000908078362,0.003511126217126766,10
35.96704149246216,0.004339018073718994,0.005707835538500618,0.004240110097650149,0.005606980873956717,0.033976681922094625,0.028254123043251183,0.015919144883852536,0.007406065425991266,0.0054283054243659794,10
36.066638469696045,0.0035042286081904037,0.005188239830477533,0.0035038480612323876,0.005184050606142251,0.02009683286208109,0.005404321762577707,0.0019500497410515276,0.002207173933313576,0.0026333583132935184,10
36.16675639152527,0.004033365457916991,0.004209317434581387,0.0036146039001829495,0.004005493931947754,0.004488629146817909,0.004971273328892755,0.00399145861510006,0.004350782092645204,0.0025298774831041455,10
36.26678204536438,0.0046158207164497585,0.007086730099266637,0.004582547783827717,0.0070771557005890745,0.014153977493912399,0.019317048879810454,0.001268866463729775,0.008005486469119779,0.002953959320522858,11
36.3673632144928,0.00612832470939729,0.004020495213132363,0.006122661144638146,0.003973994842594126,0.025345882715886683,0.0186661157340742,0.0074792504968537125,0.00419965589911383,0.0039040162867953147,10
36.465516567230225,0.005730335658265233,0.00649410879453092,0.005718911947568241,0.006493337487730949,0.03709407549595945,0.032649269155312265,0.008688292079422453,9.210060202078726e-05,0.003214920796716224,9
36.578543186187744,0.00954143738077245,0.0011003340621190967,0.00953523693301333,0.0010563848604006015,0.03743149757246562,0.015753109047585947,0.010087174030881104,0.0021984469871288367,0.0035858314626672255,11
36.666706800460815,0.022775814355395836,0.00947115234793893,0.022713402163348183,0.009374774301742937,0.025546545068953524,0.010853218274006243,0.010032918191810677,0.0013872312026247753,0.0036309095768581193,10
36.766011476516724,0.01527197420262966,0.008531649796090062,0.015238843229819792,0.008412933446366263,0.014887985407294194,0.007817931863595699,0.009986383937956173,0.005791754183301484,0.00403691174935914,10
36.86559295654297,0.010706146608843411,0.012856289448935689,0.010706128204309698,0.01285280504397026,0.01301177813924385,0.018871901655374647,0.010021396253660289,9.077353199160876e-05,0.0014948272765631565,9
36.974469900131226,0.013271382728958519,0.0072743214495302865,0.013231736884332919,0.007266228809062914,0.02165842742027588,0.027421869133123795,0.009972347619299576,0.006182451748981616,0.0006602099299526606,11
37.069315671920776,0.01297166774726182,0.006667359445821313,0.012971502182800186,0.006667121108057858,0.03921097596190782,0.04314077223364236,0.009915739589844364,0.003913514491666847,0.006567054771836225,10
37.16438889503479,0.0020885925106244123,0.0041621997040716735,0.0018560742906742799,0.004038304644016166,0.023143818241267405,0.016683194730762577,5.1028981924800415e-05,0.00243463123438868,0.004977106628231192,9
37.267011642456055,0.00408203497277714,0.00426036719570988,0.003943794205446944,0.004244853759029231,0.021094766985680358,0.02235402473673307,5.640939401924638e-05,0.0011967375952571695,0.00041588592017053174,10
37.3656702041626,0.005016686654001537,0.007348912900344438,0.004900707073887222,0.007331715884610916,0.039534545948939064,0.039208595928366556,8.594294798272364e-05,0.001512585359180473,0.004889085656480495,10
37.464678049087524,0.0013793629280919395,0.0010684310086685365,0.0013762417836440484,0.0010649074361790622,0.05301229160057403,0.03122823119776744,0.00010664513568315919,0.0009136092365946845,0.006473328534470457,10
37.56530451774597,0.0059038018142170525,0.007172926326000003,0.0027543886835709437,0.005464219866568893,0.013957377928406853,0.027068143248400955,3.4245563636949425e-05,0.0017623365310255803,0.004764597711264854,10
37.66553330421448,0.0031785393086080777,0.002089754144340941,0.002643025069550089,0.0010558604947404865,0.033683293240704834,0.03311855594691076,8.554033293926071e-05,0.0014112749311482094,0.003194385589454228,10
37.76459312438965,0.0033526164665468546,0.004068869199179597,0.0008293458528481123,0.0016605428349480867,0.055476426133007274,0.04783082177940848,0.00014481421045627892,0.004109227145509024,0.012461576696671197,10
37.866156578063965,0.003973903760446915,0.005640676122858531,0.003579811985055439,0.005239795463099683,0.02827386816623087,0.026780893067998596,0.0036261028654606168,0.0017361795436544756,0.0036813030040863566,10
37.96632432937622,0.010671385069745085,0.009946210656914006,0.010613614915702984,0.00984165164020278,0.037630054632382906,0.03544167356659542,0.002944777139771235,0.003992164520255505,0.0027782388638503534,10
38.065213680267334,0.004414570863622411,0.005166335018885338,0.004324816732728056,0.005146978771763273,0.05515849766439296,0.0318174725617315,0.016556217595352474,0.007402192489109529,0.008808353224921593,10
38.165719509124756,0.001383101778186449,0.0029497140506838304,0.0013822071879435658,0.0029375061755405833,0.024511992122058575,0.01800911335819483,0.010055223658399604,0.0007465545876947179,0.009039817586805762,10
38.26529884338379,0.0016753766163558458,0.002851208965160521,0.0013927485221251954,0.0027438020691130747,0.031622776649093375,0.02214130160352136,8.523989293505099e-05,0.0003274396747092375,0.002820525653376367,10
38.36480498313904,0.006431595880594077,0.004197391732972621,0.006368848322364661,0.004176103497408383,0.04353122152772981,0.033520579315498594,0.009888439815105435,0.009753323046740403,0.008543363466559836,10
38.46658444404602,0.003384312730000205,0.00759895562482323,0.003384076506679928,0.007486351674135199,0.029655062372390215,0.008494384021221588,0.00993549815508624,0.0009626545519066436,0.006021384692410827,10
38.566800355911255,0.005735625735550108,0.006852577145331719,0.005720905437660504,0.00678854863300285,0.012665003492315922,0.02443399262748803,2.0627854855197315e-05,0.0012688809142619149,0.0034931868515406693,10
38.665003061294556,0.004416251728592272,0.006126954340317807,0.004331526527750067,0.0059602477775512995,0.020599750860988156,0.012385438598152892,2.222109965344688e-05,6.294211789423189e-05,0.0008037547372950259,10
38.76585817337036,0.00897006945332424,0.004932592343539442,0.008858169425989017,0.004886718106975215,0.010903419286189736,0.009413583769498723,2.7885007537870344e-05,0.0009163044161643184,0.0075513124761476475,10
38.864511251449585,0.003031880065497081,0.004370297248870026,0.0028619583116661785,0.004359893401393071,6.539532916536493e-15,0.016717213070524338,0.0,0.0005343976396631576,0.002940289037341093,10
38.965447425842285,0.0020236872519472314,0.004185702013795308,0.0017591134945738123,0.004183160818100429,0.02000000005282128,0.028288002031523887,4.845689048289451e-07,0.0005158311696993315,0.0027164583194723975,10
39.06549072265625,0.009896280881876867,0.009446130367457995,0.009884016832257965,0.009441428661326438,0.022360679811376034,0.0032797081757651707,3.0761039629690574e-05,6.058833150710834e-05,0.0035044406062296686,10
39.16475987434387,0.014529542081869249,0.01853725814319914,0.01437873023886398,0.018408956721775945,0.010190027632161236,0.011940694393418322,2.7915313974763634e-05,0.0017184420580682693,0.004987726288583534,10
39.268853187561035,0.01791530174161771,0.020695312500091167,0.017872752535133832,0.020615425771893837,0.021003253851879036,0.02002728560678063,5.583409610268525e-05,0.003264566624091482,0.0025275568677360955,11
39.36612844467163,0.011665635185722903,0.013770757034609688,0.011657631911343823,0.013759575644327924,0.024287929927012102,0.014354862704282084,5.677715196451108e-05,1.640094892862933e-05,0.004809637969661922,9
39.469719886779785,0.009479838159079984,0.010453053440597363,0.009432663588173603,0.010432546913002423,0.02279530723549825,0.021820396331968132,2.624646573784725e-05,0.002842646573069143,0.0042275909458757335,11
39.57006025314331,0.007995092185528593,0.009858393536382362,0.0075793942815983615,0.009691633628902246,0.011214875444884793,0.017286234922091505,2.7626078632141274e-05,0.0008100201020183303,0.002129658674670251,10
39.66507124900818,0.001582430167864445,0.006509777720996248,0.0012181064214310472,0.006438778759776891,0.022360679811337575,0.01674715020838513,3.0293341277447423e-05,0.0005776699538361191,0.00307850044880313,9
39.765482902526855,0.0188712081803905,0.009770790907351588,0.018871206437517954,0.009764256990916136,0.014142135652105134,0.010812324924615493,2.811743453532721e-05,0.0012653979329000098,0.003818441846993244,10
39.864235401153564,0.013483652394582383,0.014311608311781432,0.013446330834676095,0.014288147665988085,0.0014307064533384047,0.018601370658126986,0.0010093849571584618,0.001286633050373539,0.003415782835215134,10
39.96631741523743,0.03348247910397954,0.028759722699482824,0.03348246358989878,0.02875637651126255,0.014435966325874506,0.004992338079364296,0.008008942928523196,0.0027557040123213587,0.00328816035593078,10
40.07017803192139,0.011623447602077187,0.016293405020459197,0.011623273292083737,0.0162597380191979,0.03312021836151908,0.04059615872650101,0.0089195784709649,0.0009426753471591819,0.006350686051694394,11
40.166181564331055,0.004389568223589688,0.009835622092943443,0.004389283598890724,0.009826912481902705,0.03967187272831687,0.0458270197562616,1.2071202412657716e-05,0.0023570579952587613,0.005056363079162003,9
40.26543974876404,0.02108747836484454,0.017002333918481414,0.020481874131841292,0.01634734026492372,0.029065366617091665,0.024252009797276843,0.009940364091163965,0.0012273893903905497,0.0014041598218015531,10
40.36596417427063,0.004768679269721158,0.002566427281511539,0.0047575511409881695,0.0024832370301996324,0.01058650700551711,0.011043131883534459,2.799924390203103e-05,0.0009387543227587726,0.010024247679700648,10
40.464760065078735,0.010062171006286485,0.00974831708529818,0.009570701391077944,0.009504337402372885,0.020168147543540463,0.016515209345010096,0.020007212292000868,0.006051072074964651,0.019571572102872154,10
40.57258749008179,0.02777073799024648,0.012231033333034535,0.027627801140258007,0.012035416315909092,0.00468330228445397,0.004034444048878574,1.2618734341294036e-05,0.00028905645176452633,0.016931464396623873,11
40.66552948951721,0.03961330523934106,0.016746100018934007,0.0396128518768211,0.016738956957691786,0.04935498446762935,0.05552749789827616,0.020039443556466727,0.010194572058308461,0.007826400010415046,9
40.76505088806152,0.03703591891592332,0.02614571980961979,0.03701856813079876,0.026133340293803323,0.03333655138934322,0.014924129278203677,0.010043669616366374,0.00442335097640555,0.01589716744359106,10
40.866119623184204,0.014876775716104459,0.01888147536463858,0.014876773344434154,0.018865449212693303,0.03924921582704797,0.028948696768881923,0.010050981545452326,0.0044227384546764404,0.012420738980820623,10
40.96846079826355,0.020670795507394066,0.01773281102259601,0.02064549637894871,0.017691534207223268,0.015650645336533896,0.03819410976182033,0.006346912986214758,0.0038270314066723436,0.008350295258480581,10
41.07218289375305,0.008417020554467296,0.007085863738450748,0.008171382462748365,0.006578528534733773,0.03338038778952189,0.033565143501812784,0.007439896530504452,0.001728931945078177,0.005677538418217068,11
41.16549873352051,0.02787757289890979,0.011082636851283054,0.027877386739614544,0.011066573341939915,0.037164500243506905,0.01851515091195578,0.003786932042296491,0.0005785360079602179,0.01711691630111012,9
41.26648831367493,0.022414701095190576,0.007849230079833451,0.022392940681246015,0.007605756899290931,0.020120326355127824,0.03463444911014674,2.749467935880847e-05,0.003496970948086471,0.010529790527141154,10
41.36512875556946,0.012996611125561844,0.010874863018987806,0.012996440687437721,0.010874761807368082,0.04905767618550812,0.03353807806109122,0.009263173332251974,0.005842136607338307,0.008104761539379371,10
41.4655385017395,0.019183656083814817,0.01488082173338458,0.01908591180216843,0.014798908558170733,0.04769391826119188,0.0342282844338121,0.005674407647462768,0.007917111349954363,0.010493837620352778,10
41.56502032279968,0.005258149988493012,0.005838588408432115,0.005160477976443758,0.005833165235044807,0.008621883464182006,0.03540398830915697,0.0034727269604411842,0.0015546881366301844,0.004615642443871072,10
41.6649694442749,0.008693664753729596,0.012359114789377743,0.008690560671294947,0.01228977626503251,0.05005403164800289,0.04042243967817034,0.014032964453095313,0.00212436500175455,0.009426288494607441,10
41.76469016075134,0.02240549611291601,0.021273115105667338,0.02235237424737369,0.02125726315329305,0.03466143274363349,0.019695538259263387,0.006000721003563656,0.0011907725193268475,0.004396522400229035,10
41.86508107185364,0.018326160055155038,0.021313511870147663,0.018278302446522243,0.021293211000910275,0.03452420227125934,0.03373353477289972,0.016028725191929927,0.005457885829057555,0.006039534334878245,10
41.96624159812927,0.026435965841893526,0.022969959560721676,0.026432082934345874,0.022965558357506653,0.05790441074629898,0.04515797467912485,0.012421585252345182,0.0015768107843762437,0.003617928892265382,10
42.067928075790405,0.011623543296823623,0.013203699744682657,0.011585682214772837,0.01320344535437984,0.0888492454782519,0.0884500230062566,0.002479137474418529,0.0010989873840571403,0.013483311636274208,10
42.17155957221985,0.009225703089817152,0.008044898647239973,0.009203639400261475,0.00794754816585075,0.0609517604730515,0.04096181260143357,0.00015989331119040578,0.002198052918006803,0.007173547416668832,11
42.268595933914185,0.008494168926970353,0.0173066707014314,0.008283178618749228,0.017242760146161946,0.07496326910005671,0.0805322624277021,0.0010360136285239366,3.494136259261622e-05,0.00622674123033686,10
42.3650381565094,0.02210958797825724,0.02276479933951965,0.02203742758956836,0.022747362956497572,0.08577549593704395,0.034539779558139444,0.007767907463749471,0.004669104259181705,0.010128338336248297,9
42.46820616722107,0.050290523297838674,0.03606279408898798,0.05027957693219526,0.03605647294022585,0.012162259252423039,0.04162298541916696,0.0011058233317613481,0.001301547285121975,0.004151207235226557,10
42.56887173652649,0.03708172195016509,0.033520994714008025,0.037064979097778436,0.03351927025879782,0.05910133642679801,0.06107475825944057,0.00981923349866242,0.005712815212235678,0.007262386168157747,10
42.66645860671997,0.0018163807793217662,0.006198351742739562,0.0015656441617141095,0.006097214371886007,0.06306078295230835,0.02956406204793288,0.009914726779736597,0.0038882586254855374,0.005339273153123775,10
42.76563620567322,0.002577295629871751,0.008494782101253666,0.002576970520054092,0.008491071692156066,0.04397474884857587,0.04625142815882048,0.00010949913874436686,0.001656097027002055,0.012812937066325868,10
42.86707544326782,0.012590022792219616,0.007299133727903803,0.012589787766973936,0.007228628089211571,0.04649639225444248,0.09328128711315796,0.01766620459567466,0.002897519149528521,0.007093332158550223,10
42.971352100372314,0.0035424637159852633,0.0067182898438722365,0.0034476836745786035,0.006588199711722631,0.12515454603007667,0.07470766961884737,0.005501488388110869,0.0009302483617423018,0.01632651610009362,11
43.0665819644928,0.02038045646864765,0.004999504091821129,0.02034247387087633,0.004957777311929304,0.03900934533459413,0.06279923802496251,0.0024433801747960407,0.0014975838232949184,0.0027852052627359907,10
43.16598725318909,0.024057162357706146,0.01410662946954858,0.024050377826786776,0.014106207736567868,0.10257053682943425,0.07255646965490052,0.009709564522369174,0.009039425007386,0.010456377926893086,9
43.27000546455383,0.010037049955173086,0.004535921639692311,0.00997436784113862,0.004481595375748625,0.07984204746519522,0.058727040731012245,0.00012120845064814735,3.7088371501900465e-05,0.006960510325578151,11
43.368654012680054,0.03051902228113992,0.021028420316831973,0.030464735062287095,0.021023438440083208,0.07607261726579216,0.04139867478445545,8.193601387425772e-06,0.005044557578583985,0.015096079599324035,10
43.46602153778076,0.01840465226372988,0.019539575876427736,0.018386015964211164,0.019532974825026236,0.03956014812062824,0.04906057774994554,6.456033460128524e-05,0.003309767918598203,0.0040072828424831675,9
43.56859350204468,0.00495317225577232,0.017194015182615017,0.004808782458192204,0.017151990307691472,0.09313540605110297,0.0900194497482019,0.00979020856969094,0.0021792647825922295,0.011113705544211587,10
43.666128635406494,0.007215375820460466,0.003920066417121998,0.006641940683746173,0.0037431316355684306,0.0976698127494531,0.07452609369271324,3.383942822834287e-05,0.00017755167022480225,0.008193017355138747,11
43.774205684661865,0.020969830454849913,0.004496415658897834,0.02095999602695133,0.004406479549026529,0.1059203365012733,0.05206926749973815,0.009747983067027512,0.0020734065307423714,0.016175189887409926,10
43.87109375,0.005301400581792355,0.01629613340759196,0.004837801680610389,0.016145726226969154,0.03250988707608423,0.052223440833516675,0.009932958137528187,0.005708996227052115,0.004048617313239517,10
43.969258546829224,0.0142912025431765,0.018591390315655043,0.014265303282737722,0.018590664419706804,0.08264214314975041,0.06884545328814277,0.010023156977537067,0.004066807287265787,0.006775822184701755,10
44.07063579559326,0.006859011227348866,0.0028081780387309275,0.006856077001941269,0.0025531722767549296,0.06207431394206991,0.019628176647141553,0.010032355472275436,0.005960060013101818,0.007175319148417131,10
44.168386459350586,0.009355640531607505,0.003396225320956085,0.009282249252561981,0.0030869279372212296,0.05260543073284359,0.05354978142617875,0.01014088131767551,0.0016232712414743613,0.012538089745208154,10
44.26698064804077,0.010793558353309685,0.007093206310302242,0.010544569872713004,0.007033394406837775,0.05812922027080756,0.07794510243848296,0.009990549952036142,0.0032937961565171784,0.009242840612533507,9
44.3671989440918,0.005686710634826548,0.004015665357392481,0.005657383633389216,0.003797733408444814,0.08796965378373033,0.03650145795032499,0.006051763482795636,0.004443207796105979,0.010054048543690406,10
44.467129945755005,0.011811647398656757,0.013903878160906295,0.011492862424648536,0.0135065128375632,0.013827663860853445,0.03944235948540419,0.002499280894410194,0.0010019292822675697,0.0019772535313007326,11
44.57151222229004,0.02556903790217125,0.015465082383225656,0.025504975183249526,0.015359672852770248,0.06355816335496917,0.058612871122745804,0.0064089040986161265,0.0018508864939583898,0.007861035142344121,10
44.66542840003967,0.044489543303844185,0.023508111557532498,0.04444820868062744,0.023464898831363344,0.027875180368890497,0.03826688588242441,0.010053051484738125,0.007609781694069303,0.0046252811131592304,9
44.768558740615845,0.03352765465916594,0.013531900111356373,0.03351313682040683,0.0135311433504556,0.023348115291516272,0.021387847741136466,0.009984324382468966,0.0050029090756374284,0.0034253551873045613,11
44.866628885269165,0.004369512331076214,0.004817403468931423,0.004367763371730617,0.00481585926211705,0.03394234212190249,0.01586914970738725,9.674107470925281e-05,0.0036811474975368213,0.007725757628871633,9
44.96964955329895,0.003627762185939947,0.016555203091334864,0.003626158192345316,0.01654395213302719,0.038641952622578454,0.0771171893500337,0.01010129404196659,0.001161717833772766,0.002191754205695572,11
45.0684711933136,0.005721700555046302,0.012367666055932229,0.0055877291073978185,0.012164620330818065,0.08441826387071576,0.043729114985361986,0.0002289908096113261,0.00043149353155465286,0.007748885559561568,9
45.16673254966736,0.012397607091826482,0.013124400511072503,0.012354225324580251,0.013076940935046388,5.235987808109004e-06,0.05069564501337342,5.235981554250015e-06,0.0005144218140387671,0.0017886462309363814,10
45.26659798622131,0.007648298493841567,0.004162888833525434,0.007599980149636614,0.0040672909392116055,0.042417538747926316,0.017209971694198932,0.0001219956781085763,0.004159019624767867,0.0035975267622128386,11
45.36534380912781,0.01683405324357774,0.016675772225394465,0.0168339625661956,0.01667562501564021,0.028435331946778407,0.02570928651837356,0.01006585635043182,0.00027625947394821786,0.002808852800686825,9
45.47171926498413,0.029279849976694892,0.012214936355831214,0.02927331137696721,0.012214908587307796,0.03248187107625915,0.022543600316712438,7.537159226053905e-05,0.0038076390068592808,0.005788544382725256,10
45.56889510154724,0.026252944766045692,0.009087600850600447,0.02623837896722956,0.009040425585185106,0.017488664090666194,0.03086430868591552,0.010021568152386714,0.002420514311189235,0.0016056977200140322,10
45.68596816062927,0.04691675423169486,0.00554885138343396,0.04691279209283045,0.005289285260860147,0.06669427571952659,0.05603591098108705,0.0025519094978146027,0.0002668716815516508,0.007990742309200941,12
45.753443479537964,0.1173702466913292,0.01693120048107942,0.11737024667296604,0.016929989155747876,0.018568825650187967,0.04193434324107723,0.005230881655043255,0.0008447018766942874,0.008260541144244985,7
45.881648540496826,0.12264430963834283,0.009881935429246124,0.12264078814270858,0.00988107953010076,0.027739779421942567,0.004806437832197924,0.002288853953323409,0.0014155789596226934,0.006703081859926492,13
45.98239064216614,0.04650673594246329,0.004461875035489493,0.04649369208526858,0.004458151561988132,0.037684784164918626,0.05760671892744832,0.0025221197253377627,0.0030422741174466364,0.005807129550255649,9
46.08216834068298,0.0011407065996817609,0.0009632204993970572,0.0007187481514720494,0.0002693242719560536,0.04424533603969476,0.022807936861656244,0.005048868367543722,0.0030913579669851164,0.004634300429740569,10
46.181560754776,0.026644972548309113,0.027718631434761894,0.026627690012507577,0.02771622055936085,0.019690251734397902,0.01636334259015053,0.002423210273327987,0.00011359336533884271,0.0038320023562197192,10
46.28819012641907,0.027247181930650777,0.013003937592778682,0.02722805893742303,0.012946015381386311,0.018923519275045417,0.012119386381757628,7.508711250872085e-06,0.0044174265466409455,0.00460549447385075,11
46.35296154022217,0.07508915157323702,0.0019021891823807963,0.07508296292822265,0.001874636783997528,0.027901790213373856,0.031686606739360586,7.463600314091866e-05,0.0014787381255147198,0.007135400682292481,6
46.48789715766907,0.12820135017712492,0.00938628503739288,0.12816430775206653,0.009085910464300895,0.06178039795101146,0.04403705120132667,0.0006074250581397091,0.006352330721685835,0.007919564808094416,15
46.58852767944336,0.08496667219619942,0.023638756400550312,0.0849094424165716,0.023244586167653708,0.020657626160554592,0.036550416281889715,0.008477762755898805,0.007247021045530998,0.002257214437224564,9
46.684945821762085,0.010449716748378659,0.004938545418713242,0.010217191826833243,0.0046356647158259144,0.034874963850971365,0.01521161492540589,0.009136399208229517,0.0038925987113486676,0.0036944836046980028,10
46.784069538116455,0.01680571652773886,0.011662133221159452,0.016534514926533624,0.01103053024103035,0.011117691107809658,0.022046978087246687,0.010012472084231309,0.005299324682966817,0.005730896754646135,10
46.88517498970032,0.013476849593769569,0.018818758772781413,0.013437566649473641,0.01879389275517755,0.01789871072747969,0.03778301609352507,0.009969449698426882,0.006432881396064373,0.005591655595434185,10
46.99242424964905,0.017618960374361853,0.005116150714585624,0.017583936391467565,0.005085173344671435,0.03372264827327961,0.004270754509049837,0.003372075376067188,0.00044790282002487913,0.003971867089292556,10
47.08590269088745,0.02185049578742703,0.002203725618090663,0.021832425300176983,0.0020956081699003873,0.047903988318689875,0.07008135805198255,0.007053321124703896,0.004552978443943951,0.009086927782096276,10
47.18453359603882,0.0038498934088631153,0.014021023041339972,0.0036831245685693638,0.013998424652562728,0.035125400526973466,0.03869231873278614,0.013519993323378976,0.011116399417044056,0.004184808771393205,10
47.28444528579712,0.0027407362808823214,0.002148404185591332,0.0019865240842855706,0.0011287259979479744,0.04059617451971819,0.017714339942404348,0.019904688373048325,0.006969109425430829,0.008191649111011355,10
47.38458514213562,0.0027615969279668933,0.0009201330266052017,0.0027599137590209703,0.000864151185166574,0.03161646404327266,0.030173738221151523,0.009917721608420992,0.002007464671300873,0.010729678497500906,10
47.48593735694885,0.003195236821568269,0.0015002019527450873,0.0030092608843495443,0.0012270890390656992,0.03183147989382584,0.03412672062600904,2.3332368004266142e-05,0.002358648777544354,0.00279606433116492,10
47.585182189941406,0.017322982951078657,0.015657131259604214,0.01732291163210249,0.01563706658568428,0.04123105609493587,0.04269296515826397,0.00011570242532000067,0.0010835774289466068,0.007670608742156659,10
47.682568311691284,0.005166577425066662,0.005563383475209197,0.005163423893968032,0.0055606393454416154,0.061559012332771196,0.043482385970599426,0.009787081906836888,0.005852817519123938,0.008712476956390564,10
47.78379964828491,0.003812493300354609,0.004772939406550396,0.003656727596261599,0.00459444755097411,0.031998821289741554,0.004616976338470886,0.009836127480918775,0.0036401903367237116,0.010520558869087974,10
47.85267376899719,0.05837208418483171,0.012128810507312073,0.0583637734099762,0.012128749316314039,0.0052160614627570255,0.0070107560456938445,0.0025463877754567698,0.0009547272632225844,0.003992691906069133,6
47.98174738883972,0.09354158181069935,0.01042505669748454,0.09353539841618032,0.010380249472748149,0.031455015854864675,0.04288728477527012,0.005071558477871718,0.00535487935291374,0.006139650787655988,14
48.08684158325195,0.05880769996914062,0.027856647191449768,0.058803878299009925,0.027856430980149702,0.03817129274908465,0.041445737615015195,0.00246411468031615,0.004677148440934528,0.006129295181590331,11
48.18142771720886,0.02580543286908884,0.015360346717124492,0.02450952293862524,0.013227370493377019,0.058699434139523415,0.027667755758312606,7.953678288217898e-05,0.004255740188665201,0.010560674769843967,9
48.282222509384155,0.005843169376842732,0.018863878378387215,0.005314943660750971,0.018593192688631695,0.022862303820476073,0.013647705376114979,0.009982077885300356,0.003480770431403647,0.00721076438389358,10
48.38315391540527,0.03325830089187408,0.037437548246363535,0.03308244726444482,0.03722715480822195,0.02078578471259552,0.016929706190614315,0.010040719282522417,0.005243352249070817,0.015855473270408583,10
48.484261989593506,0.012873035373690537,0.016024547620723355,0.012809849789760273,0.01587544067190826,0.014518238626697991,0.0010339698825875875,0.009992704501786132,0.0005940389651104145,0.012243847172508813,10
48.58828854560852,0.0014396166101541326,0.003896461844461179,0.0002933628158201409,0.003800659338752309,0.01796540350321039,0.013720751064885328,4.500765686715924e-05,0.0006653979953854788,0.00477182062891075,11
48.65136504173279,0.024131888399084044,0.00430794573000493,0.024131888387815038,0.004306975036004467,0.02831341337195554,0.028533436599254343,4.959771193714744e-06,0.0006721976781762088,0.003998749236518244,5
48.78232955932617,0.031255708915876396,0.00448026203417528,0.031255613019425435,0.004304987584232329,0.027142190330747874,0.021704865214881765,7.511722284533471e-05,0.0015791472178860251,0.008059338440266288,14
48.881683349609375,0.017428447512112807,0.004983131293734479,0.01739548908024583,0.004942023701727738,0.035436082816390276,0.018499943206474113,9.387088763727067e-05,0.00021690641395251642,0.00932913935896559,9
48.9818069934845,0.004874469287048063,0.003084980861533142,0.0047648918514420924,0.0030610289599096135,0.012183397221402423,0.013585136174369754,3.087006482039452e-05,0.001878757569369089,0.014747289961818764,11
49.08307695388794,0.008105025147788021,0.010610212316231259,0.00810437518915117,0.010608979037854396,0.04145367079950821,0.04702110984471152,0.00011473054340409693,0.002189259434440017,0.010248942831650575,10
49.182544231414795,0.0033933561954706238,0.0028758549011190923,0.0033879020939328167,0.002866926997229271,0.0728138370505329,0.044766072524196725,0.00981022721405434,0.009548764997742817,0.008487332961835022,10
49.293010234832764,0.0013343111362033877,0.00788421353521629,0.0013336446474946993,0.007872022787851513,0.04106777523293449,0.020734529344519203,0.009951221858023438,0.004714843143406683,0.002805435633215021,11
49.35593843460083,0.015567345507621101,0.0016055664239709385,0.015566936644069935,0.0015823197203615426,0.04488986197689688,0.051583218399061936,0.0001138184860169742,0.003235732701677507,0.009436156632349707,6
49.48495268821716,0.021409139666622005,0.00958392959264931,0.02140903134716892,0.009581796906004553,0.06344773616915327,0.026733526914400844,0.00010121210879217302,0.0007792662384070009,0.006686348553132642,13
49.582621335983276,0.01356302037470064,0.0035306996372952834,0.01356283231827309,0.0035070390435565186,0.04635131535029742,0.029128462292185645,5.433094753845288e-05,0.00017943758686595198,0.007484879069700124,10
49.68243479728699,0.0018474958156002928,0.0045788750047488875,0.0018454478315454853,0.004565813618610834,0.03657544082837066,0.015930898369575043,0.010088384406435353,0.005392411231672532,0.006692383144731109,10
49.781038761138916,0.0018734697726830506,0.000803454826480964,0.0018734685519667413,0.0007428858695586242,0.018099738978760053,0.026311942356905826,0.010000077205776049,0.00042321025562387177,0.001102540625784745,9
49.882516860961914,0.00243427625224619,0.005623647072500107,0.0024340290832042563,0.005605454307426556,0.03096580419790276,0.011921240996324613,0.010023877858168842,0.005901496083377911,0.0009091075034738072,11
49.950459480285645,0.005800525118856607,0.006047893687995001,0.005800523059282297,0.006047813321505322,0.022360679766358714,0.01393151848183911,0.019999641376733757,0.01068764408857488,0.001370335843521032,7
50.0828959941864,0.04172175202653016,0.014417274298094345,0.04170910231663873,0.014357339673237001,0.014142135652293759,0.018824695682156757,2.811743453532721e-05,0.003009778635728612,0.0022253698147896876,13
50.18402600288391,0.02090152260858999,0.0074389496146497845,0.02080139482087359,0.007257169683360566,0.029992435976160855,0.013320195797057729,0.009945506409632068,0.002705427836876447,0.002533920713672511,10
50.26264238357544,0.021830679860549564,0.012502880855544088,0.021739452668109276,0.012398970688047623,0.019999999976933143,0.018488217544460176,2.4328177767371723e-06,0.003153649430284275,0.003603989887934454,8
50.383042097091675,0.009276987435317928,0.007039573591596877,0.00922407056298213,0.00697205759981401,0.01433572962173233,0.012221248594866898,0.010004453879951457,0.005994026491309467,0.0036918046483690953,12
50.45024275779724,0.01713886029751549,0.0023166720148353813,0.01713873321618296,0.0023152413982807122,0.03228705500754423,0.026540691620652868,0.0199298556084171,0.007425336712088613,0.004160694724880241,7
50.58102774620056,0.01413232150785448,0.0065678250342991315,0.014132307338223153,0.006567570524885622,0.008362490429661031,0.0211313317565801,2.1715281462791077e-05,0.00024947779243268285,0.0025622846597455257,13
50.68268442153931,0.008189710666592251,0.004227585704432601,0.008189546829475392,0.0042157100460692406,0.0252173676435269,0.026765177836446424,0.00994429820710911,0.0015818908303571264,0.0032970460567929402,10
50.78262495994568,0.0013510268447242137,0.003063919937656404,0.0013506993561474333,0.003062521877348822,0.017315972992932673,0.022217478164421406,0.009974386219918542,0.004456953167034758,0.001475389136235395,10
50.88961696624756,0.0008189800889355707,0.0029931345667894185,0.0008151677872131397,0.002972181161731009,0.03161284049483207,0.008789719621800597,0.009916942821287576,0.0017169031996100731,0.0015277676524389798,11
50.95734262466431,0.008692893721996098,0.0010000378913906226,0.008692893718747383,0.0009899281062996838,0.010000000000735169,0.012940293733590702,0.010000000000737266,0.006102977319499967,0.0029647151454936377,6
51.0824248790741,0.007916236110220196,0.008339258423321807,0.007916236107880972,0.008338705111560232,0.010000000000740606,0.018763694514887182,0.009999999908933736,0.006635549832412713,0.0012798164963016723,13
51.18156862258911,0.004219014722455925,0.00318393303570805,0.004218694046271614,0.0031720599553881563,0.020000000053116276,0.010680414980576921,5.5614110290142585e-05,0.0015464411720744241,0.002515694927199553,10
51.28267240524292,0.0010795723808292373,0.0033812047835315,0.0010792524893885815,0.003379197428302453,0.010000000026558351,0.010308945781634948,2.7754954580611987e-05,0.00391631359100081,0.001217226560469854,10
51.38134765625,0.00330665385823176,0.004206101790564705,0.003306653855477239,0.00420595672267685,0.0011019000836222466,0.0032372542206040803,3.816355195619309e-08,0.0005595474155169569,0.0020748340224221854,10
51.48172378540039,0.001487145303174876,0.003734759791296779,0.0014871451562831527,0.0037292921263966704,0.007796199859293047,0.010639479289016008,2.850476207732484e-07,0.003561164081212339,0.0017311089597983435,10
51.58883810043335,0.0010221912741153515,0.002631963479460549,0.0010218087153779055,0.0026319213216329683,0.013385670805924742,0.01038277991403462,2.7403137880744025e-05,0.0007589137632023449,0.0009985812755554805,11
51.65001177787781,0.008781567151018303,0.0029154012096212732,0.00878152847463397,0.0029141363987397356,0.010000000026554231,0.004265411522812777,2.7719536966901146e-05,0.0016871680226265623,0.0008978834777051336,6
51.783026695251465,0.00815259478658602,0.0031006926437692683,0.008152594786116098,0.003078422480862782,0.0,0.0033566516780875457,0.0,0.0010298704158325706,0.0012394955875931553,13
51.88314127922058,0.004993248031000803,0.003209962528759997,0.004993179922807126,0.0032075015204217506,0.010000000026554778,0.01170951867758769,2.7754271830021846e-05,0.0026118812738604885,0.0013583027762355193,10
51.98884892463684,0.0016178850114660593,0.004351510022202003,0.0016176763361226657,0.004346488303976498,0.010000000026554334,0.0031531932029672124,2.7789005904364984e-05,0.0027713185909872123,0.0007925324763458418,10
52.05008149147034,0.005159560560478508,0.0019733768529487084,0.0051595605598008165,0.0019729642890533717,0.0,0.0031177605067759244,0.0,3.739587419494697e-06,0.0004477191587110045,7
52.18506455421448,0.004070285575288828,0.004700782058746952,0.004070285574908554,0.004697349864755954,0.0,0.0038914805368486178,0.0,0.0027318948371361303,0.0011452223352351317,13
52.28902244567871,0.0030398521350441326,0.0031278230068074275,0.0030398521345097775,0.0031224770280408698,0.0,0.003518497293453003,0.0,0.0017981905081112773,0.0007727579587765434,11
52.35203981399536,0.0035856160802906823,0.002478086031238585,0.0034433545132268933,0.0022489743213328214,0.0,0.002597692298626888,0.0,0.0020061210805801238,0.0007785960826262468,6
52.489099979400635,0.0016609265604122273,0.00541729908760808,0.001326164460768597,0.005064635639632314,0.0,0.00175237233414946,0.0,0.000935512442479385,0.0008521564440752128,13
52.58895182609558,0.007686339727818931,0.00899290819506513,0.007686339724991995,0.008991676191953672,0.010000000000716724,0.01135945671490773,0.010000000000711821,0.011171499905029242,0.0005198591653356219,11
52.69373822212219,0.0018732551685535944,0.004049768686436448,0.0018732551682498102,0.004046133329254939,0.010000000000716719,0.002414263651841585,0.010000000000711821,0.00027810886176618435,0.0008193688873434306,10
52.752280473709106,0.006879078117078117,0.0025280059438417828,0.006879078113801122,0.0025273038621702513,0.0,0.001366392619654834,0.0,0.0007753345633467408,0.0005497749614409874,6
52.88867998123169,0.0007963254919469595,0.004288502309951693,0.0007963254919460689,0.004278864171652256,0.010000000000716724,0.004395245006839252,0.010000000000711821,0.0012737244603287933,0.004463700800883922,14
52.96557688713074,0.0015230213375419157,0.00145262538528405,0.001522795901382705,0.0014484435951120267,0.010000000026561541,0.00996658794798949,2.7754271830021846e-05,0.0018370832308022991,0.0021289192255988403,7
53.08806347846985,0.001067788858953041,0.003205033972776313,0.0010674659483989018,0.0031722173746727284,0.014043060389186832,0.005151582912765295,0.009840399414415968,0.0026601303626251583,0.0019575067578619133,13
53.19022870063782,0.002424129492274458,0.0012622776948272736,0.0024239883925978216,0.0012620521985764427,0.014336106170871487,0.012987532218841519,0.010291481200524304,0.00509925599265256,0.003773963565843087,10
53.264105558395386,0.0010878788409958737,0.002268195707562125,0.001087567183520943,0.002259599851142664,0.01424190451118293,0.0023896526147298915,0.010159565412083009,0.0006025919672685129,0.0020804537798743217,7
53.39281153678894,0.0011080063662701081,0.005112095956867722,0.0011076979420039468,0.005111548142886836,0.010000000026555487,0.015492358582913384,2.768480126411401e-05,0.0026988006937829654,0.0007558822848730332,13
53.45615816116333,0.0010510250478125537,0.0018045629681519995,0.001049717279492338,0.0018021464225597401,0.020000000053111356,0.013594963078303829,5.533486596033001e-05,0.0025068146619436245,0.0024715935859068623,6
53.59818434715271,0.0011121651534567129,0.004639195665127716,0.001111862428722967,0.004626541200880883,0.017398936353979527,0.006791272934388699,0.010027707163031013,0.0036330201611686906,0.004231963563896927,14
53.660640716552734,0.0022030085478999067,0.0004988401906224167,0.0022029631860842106,0.0004986759981546127,0.022876279470151778,0.006970671783482749,0.009985890753132267,5.7729895719563336e-05,0.001729292208118692,7
53.77332949638367,0.0010920221118503259,0.004982656734154068,0.001091690843555141,0.004967358931222022,0.014179886906003516,0.00975917934298502,2.909314904506656e-05,7.137186493275921e-05,0.0025744404190678446,11
53.89943552017212,0.0023711348346823224,0.003981622099741683,0.0023710977354756226,0.003972862708640585,0.0050894787959352705,0.008370179184542983,1.4103459020923063e-05,0.0010517682471650816,0.0005986410990355606,13
53.95616865158081,0.0010472673145936094,0.0008374311611921495,0.0010469527702099658,0.0008360372413141663,0.014142135652304372,0.01686468251385056,2.7325053176870225e-05,0.00048234528704404816,0.002333133153258186,5
54.06078743934631,0.0015245691743457457,0.0023135273439711676,0.001523688710179294,0.002299378093243894,0.022360679811670132,0.01123242760491261,5.3266578807300044e-05,0.0005758235707008824,0.0021182967382741063,11
54.19298696517944,0.0010641883643453135,0.004730534392187319,0.0010638676344999125,0.004728245644512545,0.012823551543054347,0.007075241085318265,0.008010427847063992,0.006025224960156053,0.0006339235647139821,13
54.26071858406067,0.002391607829486008,0.001919144043078141,0.0023914587212434486,0.0019191421750222126,0.021238126258890416,0.015865371129197704,0.016104326584660423,0.0063191058136944965,0.0022630668678721095,7
54.36189579963684,0.001511679435108182,0.0015836098108400708,0.0015107568567509777,0.0015500364200779543,0.028477100676612844,0.014314726769317417,0.018095523818601418,0.008457960277832553,0.0018554507141105283,10
54.49277687072754,0.0015197018726462422,0.00582553535265275,0.0015194765396152503,0.005819239224169213,0.014153776917659434,0.002227843009076796,0.010027773225797969,0.0009292184585194548,0.0015933169728072254,12
54.55687165260315,0.003077705359588927,0.0038754200868914837,0.0022922032934081338,0.0033577300215635137,0.01414213563471056,0.015246124291736282,0.0099996395698231,0.010145639020520646,0.0028052651108951194,8
54.697564125061035,0.009886263651274416,0.011103689844476145,0.007680769180598071,0.010530531826432652,0.02236067980093373,0.010999592143515879,0.00999931101936417,0.001377992011137147,0.004462179160859931,13
54.764079332351685,0.011186336640712077,0.003654284348621116,0.009042300027182789,0.0028132290424960522,0.02236067981164558,0.01770140041991575,2.692988655991585e-05,0.00027751370731596915,0.0033187771284129267,7
54.85947108268738,0.0007595289133053734,0.002418503770807491,0.000241783605537775,0.0018601240080938527,0.02347381050761961,0.014455463744452427,5.318714132446469e-05,0.0003981420999021969,0.0031436811870198295,9
54.9925799369812,0.0028613222927274767,0.0034154090179462815,0.0026904898340073015,0.003006208952359203,0.010998103282560704,0.008614730485958365,2.7958718877279382e-05,0.00026406515549528425,0.004364907706531929,14
55.0469925403595,0.0009503030127113684,0.0006263710041671851,0.0009503029645634891,0.0006260482426674683,0.007004518278394881,0.006987061845609396,2.4325108659326297e-07,0.0008941745654542386,0.0035394429054562,6
55.19294595718384,0.006127921547668729,0.007572180532812058,0.00612792154685128,0.007550638093868772,0.0005689843670198812,0.007930112104560962,2.1439915552245952e-08,0.002496265040274689,0.0018158452881401647,14
55.292240142822266,0.0010233467354776396,0.0023743276483805436,0.0010233466080707208,0.002365270253018894,0.005284492196775484,0.0016649886429535295,2.0449755446587713e-07,0.001132537730627263,0.002366236344262313,10
55.35989022254944,0.0006013904239031676,0.0018412225188029997,0.0006013902017197866,0.0018340214919516473,0.010000000026531548,0.013831350440140652,3.604309141672384e-07,0.0014528853875872222,0.0017226656711937989,6
55.46500873565674,0.006938264554081516,0.003641423051585729,0.0069382122728432576,0.0036353592087683797,0.014142135652304422,0.009680985088983036,2.7394524506111184e-05,0.00019171818096884165,0.0036576954943327994,11
55.56923031806946,0.0023905010377018436,0.004101360891484127,0.0023903554679201417,0.0040992401514818545,0.010000000026549195,0.004690907106175426,2.7754954580611987e-05,0.0012218219258296214,0.003741489424859588,11
55.69472646713257,0.0085944067921574,0.007266570951575476,0.008594366517246713,0.007257191311700755,0.010000000026550236,0.01465440093154312,2.7754954580611987e-05,0.0008162999163018212,0.004542026023668917,12
55.771809577941895,0.005614497230567531,0.004656144760837169,0.0055249602990657684,0.0045329642608647166,0.010000000026531272,0.016018453437682493,3.6247911504878854e-07,0.002286608923560952,0.00247653030851173,8
55.89227223396301,0.01368708437836129,0.006955581102781392,0.013650744559134849,0.006924857334874611,0.01000000002653014,0.00837038522098832,1.3474318639159131e-06,0.0021286221673002463,0.001787833256746,12
55.961212396621704,0.008997163287499868,0.00491521724009483,0.00895354634618295,0.004517812349381259,0.010038087504719961,0.005287802879897017,2.7825360509484985e-05,0.004452472600422346,0.004757816264149388,7
56.06041240692139,0.012917251695731047,0.006441986650632503,0.012890929202378483,0.00621412728555769,0.012889019546030042,0.011472389986599395,0.010000293021372515,0.002498079168412568,0.0027409779559589968,10
56.19554305076599,0.01510701816670482,0.006943707132052616,0.015073629189476625,0.006744602565981412,0.035069953071129055,0.03963574782136799,0.009916835137578503,0.0017715425672662093,0.0064993440026435405,13
56.3041718006134,0.0009840191747784888,0.010406890651676643,0.000981945923085545,0.010387099481636979,0.022365746746816108,0.016939396422820774,5.888756533529709e-05,0.0009787049602757209,0.0030489428166067156,11
56.35024333000183,0.025406146221077577,0.0043436162366866935,0.02538434056755649,0.00432992914629437,0.023009192113015647,0.016047484990896,5.5704820269435546e-05,0.0007861829549996783,0.004163980003582613,5
56.46221661567688,0.03276537662944982,0.009875627316298227,0.032749337019186024,0.009812016877732015,0.016032536052867263,0.008837610357897036,0.010029541770633263,0.0013171925518149505,0.004212024056546042,11
56.561102628707886,0.001334759930218142,0.007471089881675072,0.0013324504057856002,0.0074647676587842274,0.031622980822394293,0.04165839175140106,0.009915979645364057,0.005536544760298656,0.0034851053666367375,10
56.6589617729187,0.002833542010774661,0.004483780230452808,0.002594919499464951,0.004479485387407784,0.051689386511886634,0.026882589456283724,0.009860360079303082,0.006345884827971431,0.00738265676602128,10
56.758044481277466,0.0040556044940036305,0.005648609903917826,0.0039125597205861016,0.005602287760929365,0.024196114785874034,0.008501574556321069,0.009947645421532772,0.005633259100384811,0.005055166165766068,9
56.858057498931885,0.020115130184405285,0.023426404788667764,0.019345109428919604,0.02262328963717252,0.05281609457242253,0.06219541510976875,0.05176315205361334,0.055762136066044694,0.003928132822582688,10
56.958192586898804,0.10332715401905185,0.10605937940808853,0.10015704540362812,0.10288427067932886,0.06142597604868107,0.04837471519701046,0.0434437673478216,0.012236298416953742,0.006761447378009769,10
57.05993962287903,0.03724688875955923,0.03689384944430306,0.03605823666960394,0.03548110979428133,0.03650873286378309,0.01024273980657359,0.0013856835582277715,0.009683377036124896,0.005241128153412485,11
57.19552946090698,0.02984640313191789,0.038562447671162174,0.028652343319776622,0.03557983692872663,0.024269691459818894,0.03164296123612959,0.009464907014698652,0.0003192618958434633,0.0026880241669667492,13
57.259207248687744,0.08418559203331394,0.009363335740922626,0.08343356698012921,0.00859828110845858,0.044721990494806144,0.02432801391155391,0.00018675070420713346,0.00014606865198497302,0.004268070308038468,7
57.3590292930603,0.04114996150127689,0.0043104795365284405,0.04114978366806365,0.003966560263708484,0.03717446888040817,0.0171355574994736,0.00909977372297696,0.004191209382028245,0.0033783520353755023,10
57.45883083343506,0.0051061244282043766,0.006731892770251072,0.005003745434198706,0.006691559422068202,0.01626644522450417,0.005902945270431403,0.00805060501890113,0.005750453043972907,0.0020835438773759347,10
57.559226751327515,0.005933151192312846,0.004726473267644496,0.0056936405483385055,0.004427479684471472,0.030017640695006387,0.040233714743000054,0.0010715008137133254,0.0015550096460534926,0.005970133701862505,10
57.692925453186035,0.031215444673913066,0.006886900165556478,0.03121263768380044,0.006809037874689261,0.020000000053060515,0.011777661460796798,5.547791033846245e-05,0.004627285033779622,0.004396020314775792,13
57.745928049087524,0.08552843730913587,0.0024666308657088623,0.08549962903558896,0.002458411301951424,0.014152005259394794,0.00826211897037465,0.01002775632328717,0.006224849459572272,0.003039295755015101,5
57.86010122299194,0.056345108745919005,0.004600042931248477,0.05633035776427953,0.004598851356371974,0.03162277664947293,0.05573047744145598,8.345503791001602e-05,0.007791416525764289,0.005451096780864804,12
57.99169325828552,0.015990874944888007,0.039606134392240214,0.0158141798670361,0.039584337340118236,0.08054466142629571,0.07836701896885659,0.009884058016064103,0.0043191021610489355,0.009225979778054953,13
58.05910778045654,0.07598831773255084,0.03421951497998988,0.07591109299861733,0.034147120332823945,0.09294464017311818,0.07417064959246195,0.010142881996795453,5.6398724937622936e-05,0.013085543507735152,7
58.191935777664185,0.037733990095459836,0.06591615292096605,0.037705230961957645,0.0659121331978313,0.06957092201422871,0.07616217784465884,0.06875354298200645,0.0058934737492877505,0.012854416584821046,13
58.25927519798279,0.004075042291783498,0.00996445628632475,0.004057970657147782,0.009920131504466603,0.09862452240761817,0.08252385087565446,0.007136430761881614,5.025126177842529e-05,0.04080223603300767,7
58.35907459259033,0.016779425850674167,0.029220361848426312,0.016630911761269695,0.029124876946492323,0.14374475178019286,0.24997945718152403,0.0009586625802469545,0.009316646824690298,0.018527656370796782,10
58.45868396759033,0.019228460381252113,0.018852652938094357,0.0191081051209268,0.018841378592235954,0.3378651886123545,0.18870639618503185,0.07087635327507215,0.0017522774468140558,0.05360372915672355,10
58.55972218513489,0.009241570138232758,0.012893860658308076,0.009201607729343773,0.012691307853770612,0.10103170466703026,0.2844573783683232,0.035779254866751396,0.005921377732116629,0.018473561738484374,9
58.6926486492157,0.004185361985751795,0.01100942791557772,0.0038030548452373495,0.010809036848327559,0.4806135054131386,0.39005851605974357,0.04768933914032576,0.010745513850433338,0.03600299180299686,14
58.76179075241089,0.0012567876819536614,0.001374142674286896,0.0012473437540695058,0.0013701807452307074,0.34081102203424424,0.028243738102572982,0.09343346646855286,0.0021524576449856903,0.02880538854686684,7
58.85936188697815,0.003362462138504604,0.005768321638106056,0.003335065210768448,0.005758463235261311,0.1749511702198398,0.2664149329131453,0.04715089232204519,0.008134637704241617,0.02527738721649962,10
58.9587299823761,0.005159477545027182,0.006843424377795398,0.0048397552504271255,0.006724541072278516,0.3032696123464224,0.1364218681011433,0.005642856087124553,0.011078936143155076,0.0334001475400627,10
59.05882692337036,0.0022397313255489207,0.003247307567490425,0.0022389111865710977,0.0032357178759670814,0.10409309725439565,0.12361909472112727,0.07346388693830694,0.0028139561260366263,0.012450779737190406,10
59.19280242919922,0.0039041263278501792,0.0061819623012800565,0.002898959507351109,0.005078725835135547,0.24583994539291196,0.22379114780280954,0.01866714117932138,0.005114777478187665,0.007428705678545538,13
59.25914120674133,0.0019248660651399918,0.001875369595668133,0.0011445061183923075,0.0017811181215615253,0.2226457040144429,0.06770792325448793,0.07545121134353051,0.004550973362351106,0.025129518414765288,7
59.36002206802368,0.0014681837710367432,0.002895569856401173,0.0011867214444654286,0.0027762502350091598,0.04281954815692257,0.1316712579469975,0.008554991530524502,0.005969815461462345,0.003339679136739587,10
59.45883774757385,0.0012219751583961264,0.001713659745611955,0.0011312386821947565,0.001705781509392739,0.18326309097906573,0.11235405179528032,0.044673918853445606,0.00014929147351559836,0.018197037943509062,10
59.558709144592285,0.0005113079594654866,0.002742813006215186,0.0004376977402615411,0.0027393201569091445,0.09226346372863713,0.022001893102650827,0.01973259794095464,0.002310644371166773,0.014371756766305019,10
59.69916296005249,0.002944464211942267,0.006466274985947295,0.002269190953030421,0.006266835661386989,0.0675468598082517,0.07561928511008542,0.04745186041705578,0.00043697182911241975,0.011116928004242198,14
59.762075662612915,0.002666980185834879,0.0010977425211524563,0.0020015848995950615,0.0009536210098237726,0.09063148261785749,0.06444926351986666,0.004890259797270795,0.0010394436244147366,0.012451973775371446,6
59.8622043132782,0.005882121738863619,0.005798534844482837,0.004994028044761656,0.004761094156381835,0.04404245378120489,0.008676029638909977,0.012557721610971784,0.003164371912428482,0.009824409904261448,10
59.95872116088867,0.003944383379466129,0.003965970946808695,0.0033303857251376972,0.0033946853044851855,0.04627427807903945,0.06144183890230665,0.016051399082217827,0.0001460683503920559,0.007936418802183905,9
60.058520793914795,0.0031809277950366885,0.005735056511563379,0.0029313798193977034,0.005385909898245622,0.0943449484130264,0.06710941328193112,0.022089588808851184,0.0077667685735789095,0.011244982554207894,10
60.19428038597107,0.005140747396311128,0.009962416692734073,0.004300011895833507,0.00907449157001942,0.07229766816095415,0.029884106938398648,0.012862562439817501,0.001237604860618318,0.010589717039263213,14
60.29278087615967,0.0011279521805802723,0.002787424768873538,0.0005098326838213373,0.0025315686305096012,0.029955192192139,0.023559238036331184,0.029792610141875352,0.003927401977692014,0.006613089343731886,10
60.35990023612976,0.001525762566741251,0.0011861071200447084,0.0015180869704761746,0.0011668520872160422,0.05983692514024677,0.05319966078550218,0.0029031923232592867,0.002487698758333907,0.009259722516912774,7
60.46051836013794,0.0015523417322462721,0.004317422107067262,0.001547072211000617,0.0043105437046513624,0.05135926003029198,0.010012619664653326,0.008012465531835877,0.0006594232816365833,0.007534950451514331,10
60.59447169303894,0.0018100783630092473,0.005687444496514188,0.001526764922547083,0.005489406222258156,0.015954855169432923,0.031464746994718996,0.010029437987607342,0.0031105272978068175,0.004882837463656018,13
60.64579892158508,0.002416835863476004,0.0007633035030823866,0.0022342644769313105,0.0006568225438243509,0.03423092102735219,0.014120429347532082,0.010082129132192228,0.0017942986106708632,0.006792626676701333,5
60.760459661483765,0.0014699619074263514,0.004752635877242721,0.0010881199135802486,0.00458521672635766,0.014857771427649992,0.007483027730995459,0.0099858149914292,0.0006076749650076954,0.005557697159445549,12
60.8587327003479,0.004872508580778726,0.0031485363578967755,0.0036451912312459502,0.0013504823431324628,0.03005925426176095,0.02183063403776118,0.020057978795419137,0.006189863254339202,0.0019209840981987663,10
60.95846366882324,0.005238483526603474,0.0035965136829560125,0.003872522409172708,0.001219732522168979,0.04443234942568266,0.033775487173662515,0.00012028679956310565,0.003743342228692675,0.003374140123595035,10
61.058242321014404,0.0034211822313060373,0.005784274394135908,0.002968782143096574,0.005419941062382053,0.05115337071441817,0.019850577390111045,0.019869055692672586,0.006335715230553056,0.004509548355197025,10
61.19352674484253,0.004822428712455662,0.010090843536455433,0.0026210421970658954,0.008397315943906311,0.021050550282352615,0.006990992272958073,0.00994831571419556,0.004418270306934172,0.004344459463808748,13
61.264897108078,0.0011067400917712383,0.0019365669119334262,0.0011056413219318832,0.0019227884712379516,0.01884438392549863,0.024052933093008447,5.266127426565212e-05,0.002863900303810223,0.0027623165072809194,7
61.3590247631073,0.0015316422812715732,0.0035428776223578916,0.0015284659692418308,0.0035428120947957427,0.03770788775101079,0.02046178717907114,0.00010547946712506817,0.004289000123927135,0.003874242823372997,10
61.45893716812134,0.0013776735293880365,0.0016371783159410643,0.0011464413814160548,0.0014363237160479527,0.01623664301825586,0.00969064100115106,4.5224283072514105e-05,0.002773865112372479,0.0018736232257846324,10
61.558922290802,0.0007081533421063318,0.0025782508068121416,0.0005829766177075416,0.002574572506626784,0.01561880402077653,0.020949545338694364,4.338770586724918e-05,0.004066508699184068,0.0014823470501182405,10
61.65987420082092,0.0013233368780832724,0.003899939712884516,0.0011461044657123448,0.0038257998822101473,0.02278629348533697,0.014473384904674588,6.369267233785057e-05,0.004528363284956671,0.003164440744972571,10
61.75957465171814,0.0014748493356062313,0.0016757481030809413,0.0011078331560510563,0.0014956616664524218,0.010000000026537073,0.004182484618245026,2.7895252918721336e-05,0.0017586667246195747,0.0019157034436112648,10
61.86233711242676,0.0016995571091189263,0.002134423503226434,0.00168896780390108,0.002133998622884612,0.010000000026537158,0.013937080202591377,2.7929983379954357e-05,0.0034756891113180035,0.0005258927792995341,10
61.99468374252319,0.0025760492323056174,0.004289848933215869,0.0020019689032301203,0.004083313368481725,0.02000000005307443,0.014756361783640703,5.58946963814753e-05,0.00045561138013149467,0.0012139277507901768,13
62.04835367202759,0.0029893180880691994,0.00142192111421032,0.002704111104467783,0.0013948742452816682,0.010000000026537073,0.002850287098668508,2.7895252918721336e-05,0.0012491059343808827,0.001694829622559187,5
62.192835092544556,0.0015339268853989502,0.008712795476255844,0.001071121216311761,0.008428984002293612,0.010000000026537158,0.009897297750975113,2.7929983379954357e-05,0.0013047526919707198,0.0019244695304175686,15
62.29202961921692,0.002036107172317584,0.003987632690658,0.0019492859532049907,0.0039835538891264365,0.02000000005307443,0.012578970632244585,5.58946963814753e-05,0.0026143015781646644,0.0004397156502403606,10
62.39262795448303,0.001581356862853759,0.001963741971900979,0.0015153430556152268,0.0018653605774947297,0.020000000053074483,0.01146868883712025,5.582523629867569e-05,0.0013102354970869145,0.0014261242247964065,10
62.46509671211243,0.0011186674466926551,0.002506948143097618,0.001108464318929984,0.0024828242782285476,0.019190574696791696,0.009112863218642764,5.363526453308755e-05,0.002378032487929361,0.0011897310355640726,7
62.565730571746826,0.0005783614610146574,0.0023364802698291063,9.250963242013035e-07,0.0022574082792232186,0.008381149313972693,0.007280518918008917,2.33817840533521e-05,0.001080385596196354,0.0006679144071348234,10
62.66854405403137,0.0011070667456118898,0.0015869738569210955,0.0011070647118736397,0.0015826205981334085,0.000809425356282516,0.005347393750422402,2.2592043242280542e-06,0.0014487352569683323,0.0013756857333949901,10
62.76507616043091,0.0010057278489295158,0.0026618488383240635,0.00010721757099913831,0.002379761388967984,0.0,0.0018518450003049216,0.0,0.0018456559683021959,0.0010981655916221526,10
62.86645841598511,0.001314066122386041,0.0029836297350942656,0.0008524793347645524,0.0028537058498106136,0.010000000000732267,0.008908455789539945,0.010000000000737266,0.008151356659861405,0.0007649735174890065,11
62.963176012039185,0.0025657304601941627,0.004324366108480031,0.0015740866270942155,0.003741428337868397,0.014152005259391129,0.012258832292214644,0.010027929984117221,0.0003955915879640271,0.002322692487573759,9
63.06085968017578,0.0010815571157294223,0.0026177421900264557,0.0010684994297424396,0.002617643788930812,0.022348187756078164,0.014043783716377701,0.00994410530435579,0.00840732226454875,0.001863394772146475,10
63.196000814437866,0.0014341845564117873,0.0038316545326012694,0.0012421047804777048,0.0036401836804703137,0.028264518231948574,0.013758172301075577,0.019944174564750023,0.0068979802956986936,0.0012202093123370391,14
63.262354135513306,0.001586366198006264,0.0018784724330922849,0.0011014677130013325,0.001819959860131365,0.014132259115975607,0.003908652340550761,0.009972035184354997,0.00024321393371980679,0.0006888420903769442,6
63.36068272590637,0.0012701299528529004,0.001589195280970748,0.0012698923165871698,0.0015824447075866457,0.01371540781500254,0.012381124796152455,0.009973742620099086,0.008777637562335969,0.0014170432145888478,10
63.465731620788574,0.0014104616527036101,0.00328674645604411,0.0009425721611821915,0.0030587154516662986,0.021283201950600312,0.01077728689716922,0.009947515752582963,1.3898173961118056e-05,0.0014723367824210488,10
63.574925661087036,0.0014853881899894626,0.004291384338773131,0.0014851852379319725,0.004289250775415129,0.01373453496549798,0.00893800755025613,0.01002628807365179,0.00848818220560685,0.0006527292353919104,11
63.662482023239136,0.0018244787621474812,0.001599674101925868,0.001525643981010686,0.001431551252565143,0.014142135634721248,0.012041229175122821,0.00999970425100799,5.326704566183841e-05,0.000785994437278898,9
63.760764837265015,0.0014631196453714353,0.002877451688514788,0.001067526842414137,0.0026230935419218637,0.014142135633318079,0.008885046931875983,0.010000330480138998,0.008830529552460659,0.0009571179560433151,10
63.860595703125,0.001546255915964,0.00296641004264136,0.0011797413176752641,0.002843363580998402,0.021975381318784386,0.014161474590514655,0.01999972928098038,0.009456955650360654,0.00074361437303499,10
63.959651470184326,0.0024204600785421495,0.002719565084706825,0.002204001394633812,0.0025870149179706625,0.012939613774484516,0.0013727541901597448,0.009999780985248346,0.0007168308728450569,0.00043318404600441445,10
64.09468960762024,7.146125457308523e-05,0.005183658533947667,7.146123248439445e-05,0.005138188912471121,0.0008941016714396459,0.0026737196367852384,2.4751610864335574e-08,0.001142816067927865,0.000734755227601858,13
64.14899468421936,0.002483072128658041,0.00149061521529704,0.0022727733683828785,0.0014222152120559714,0.0,0.0005449111632585058,0.0,0.000128572991909863,0.0007041179414740147,6
64.26443481445312,0.0,0.0034373144869945644,0.0,0.0034290627996139355,0.0,0.0015276183605810781,0.0,0.0011288298343309477,0.00045776071993078906,11
64.36074352264404,1.1428115249359428e-06,0.0023692709562627818,1.0165450510411346e-06,0.002364871650672208,0.010000000026511533,0.008253300610454007,2.95749729276499e-07,0.00043404885546850016,0.00048174342639956195,10
64.4613425731659,2.718149340655279e-05,0.0025998221381919777,2.7176474093627324e-05,0.00259467332547242,0.014142135633308755,0.0088853710562383,0.010000330480113555,0.00883975611042887,0.0002936600827747268,10
64.56327271461487,0.00112579581557038,0.0038273851871075673,0.001125795815459656,0.0038228738920607023,0.010000000000732836,0.0005253526914333752,0.010000000000737266,0.00022207061585815985,0.0006939484105086669,10
64.69458746910095,0.0011365600227782322,0.0030134524165864344,0.0011070098419600062,0.0029684508685270078,0.0,0.0019722496502060792,0.0,0.0009079751244264058,0.00036167436200546497,13
64.7597508430481,0.0004850000745140289,0.0012893951243921093,1.5815230718382824e-08,0.0010932561867903836,0.0,0.0010232666996568742,0.0,0.0006054248405818609,0.0003583113214925966,7
64.86171102523804,0.001284636533487348,0.002999998768318329,0.0010483466998614216,0.0028309241592573736,0.0,0.0010179139962048888,0.0,0.0009578427705228134,0.00043050015661753594,10
64.96153497695923,0.0014487876517399788,0.0030325094252728864,0.001048354291899286,0.002798874835843318,0.0,0.0007840166197386134,0.0,0.00031182401417134784,0.00016407641476860955,10
65.06298446655273,0.0010016332209829611,0.00277597918896308,5.714503499792057e-05,0.0026443369402305876,0.0,0.0008609206050597379,0.0,0.0007819968196112389,0.0004914547043340932,10
65.1949520111084,0.003582449897969064,0.0038733151960502685,0.0029719046197552255,0.0031288031421417375,0.010000000026517976,0.010298227417899559,2.9574975472093647e-07,0.0004037396135804226,0.0004999568483753721,13
65.25059700012207,0.0031721981001094435,0.001921135152537304,0.0030103241664519343,0.0019101401680531552,0.010000000026518279,0.0004022496632385307,2.61020133154351e-07,0.00028092631949076883,0.00030157414371759976,6
65.39460825920105,0.0010668446784690177,0.005686081232895473,0.0010668446780141255,0.005544273254659294,0.0100000000007378,0.008997962313386126,0.010000000000737266,0.008971014017164299,0.00033433913598671447,14
65.45207691192627,0.0014760407732331159,0.0009853874944327104,0.001085706433474282,0.0009234746327767234,0.020000000001465085,0.00975814282129546,0.020000000001474533,0.009737886176936487,0.0004601124995517345,6
65.5930483341217,2.718157770992086e-05,0.005167430056412211,2.7176561821903414e-05,0.005158040762956465,0.01414213563332636,0.010691121363759905,0.010000295750491987,9.02419578981424e-05,0.0003214591028593351,13
65.69647145271301,0.00100052295285888,0.002999988499354803,1.0063149541102786e-06,0.0027553389214453492,0.010000000026517531,0.0009037034037464244,3.3047940173195937e-07,0.00015197821929743897,0.0001274143946367268,11
65.74913573265076,0.0014487877123308625,0.0013738095799876184,0.001048295135357253,0.0012916589640344092,0.0,0.0011345911128211245,0.0,0.00021205506794422607,0.00027154398238632687,6
65.85921287536621,0.00104832486692172,0.003718948558235697,0.0010483248664494994,0.0037128868327532937,0.0,0.0006704591372390142,0.0,0.00019043447378252378,0.0003602458017450692,10
65.9653639793396,0.0011070063270217437,0.004015801733729105,0.001107006326923714,0.00401055039046692,0.0,0.0014733866063763772,0.0,0.0005663144669870991,0.0002507185370653906,11
66.11215710639954,1.0669651856264907e-09,0.005157169153688811,1.441454649706196e-10,0.005144195754181066,0.0,0.0005697891170598891,0.0,0.0005521148845810375,0.0002949512096353072,15
66.17285919189453,0.0014917981902412378,0.0011667131355069323,0.0011070199666361005,0.0004848175614367609,0.0,0.0009313568591678398,0.0,0.0004955828344042777,0.0005993631771943104,6
66.27989649772644,0.0010000001067731695,0.0033451178177875585,3.2662382551846704e-08,0.00295702991697934,0.0,0.0006826208339441106,0.0,0.00016997545144637174,0.00046369382079006617,11
66.37508177757263,0.0010000001067660615,0.0026203529364446777,3.266240842307501e-08,0.002352594802282906,0.0,0.0009552262594311879,0.0,0.0009383751575633095,0.0003223956227586419,9
66.4871597290039,0.002323321153839141,0.0038814387695892275,0.0020973769050307792,0.0037594115815640255,0.010000000026517976,0.0093900521361878,2.9574975472093647e-07,0.00025965994436549653,0.0004646821960493572,11
66.57435917854309,0.0010002709301833094,0.0021721359425918327,1.0067399751861864e-06,0.001984663892131412,0.010000000026518279,0.00037174480296302064,2.61020133154351e-07,9.759109420686947e-05,0.0003426947690396698,9
66.6741259098053,0.002258092656057403,0.0037510999891178444,0.0010483836694598861,0.0029557428276225186,0.0,0.0007226061736601875,0.0,0.0005052773945822043,0.0002016799793063452,10
66.76933217048645,0.0014487864815923592,0.0027068201982271153,0.0010482939497695038,0.002583410030691073,0.0,0.0010587795250458125,0.0,0.0006462593181136868,0.00031305623317262854,9
66.86837983131409,0.0,0.0025280997385912496,0.0,0.002523613003790225,0.0,0.0015546463109607932,0.0,0.001443927566159489,0.00036585527838819515,10
66.98931097984314,0.0014487874933969758,0.004065319905647933,0.0010482946954756783,0.0038686338669636413,0.0,0.0003765544336187713,0.0,5.456789351889004e-05,0.0002650114327987005,12
67.05993676185608,0.0014487874933969758,0.0015321997739612468,0.0010482946954756783,0.0014494081630001359,0.0,0.000608043446516472,0.0,0.0002637748402144031,0.0005677054995580629,8
67.19904899597168,0.0,0.004993692588915382,0.0,0.00498339458988183,0.0,0.0007700103153768774,0.0,0.0003670715899865561,0.00017532315017662996,13
67.25944137573242,0.0,0.0009382473088120041,0.0,0.0009363534994425091,0.0,0.0003477797567151977,0.0,7.866195928182353e-05,0.0005504048014303856,7
67.39897227287292,0.0,0.0050193392664588535,0.0,0.005009250221753788,0.0,0.0009979117858626432,0.0,0.0008537299443616042,0.0004752669649534066,13
67.47520709037781,0.0,0.0015058567917447876,0.0,0.0015026162013444674,0.0,0.00036025993232144827,0.0,0.00025702087672677506,0.000338701346894352,8
67.57436919212341,0.0014487864815972613,0.0029234792849289486,0.0010482939497695038,0.002687815527680453,0.0,0.0016336974222032662,0.0,0.0015638754097100811,0.00022826346900589007,9
67.66860055923462,0.002904622224972942,0.003644562978586121,0.0021063195420600992,0.0031682292422034624,0.00528828343420044,0.005044909293412905,0.005288283434207881,0.005020055577854606,0.00014200607788212506,11
67.77813339233398,0.0014925249972532,0.0020874756930224516,0.0011079700842322137,0.001986694201093929,0.0005765668676566068,0.004379870452993331,0.0005765668676530512,0.00432874431255571,0.0005373280825102457,10
67.9054787158966,0.0010755898996324203,0.004473591264416757,0.0010755898991363616,0.004433677193938359,0.014711716567280141,0.008983662465290924,0.014711716567266652,0.00897707345160269,0.0003953437223934762,13
67.9661271572113,0.0022950839228401336,0.0018002874140203434,0.0011257665982791635,0.0014845038261378028,0.010000000000725083,0.0004815835118113047,0.010000000000737266,0.00036303348514454554,0.00046189366479904503,6
68.08314895629883,0.0001084373577716407,0.003539148424269753,0.00010843735772368214,0.0035306593068162658,0.001052652190160641,0.003946873626386835,0.0010526521901535976,0.001356338756800865,0.0016788110574099072,12
68.17996406555176,0.0008314946427205306,0.0028864577763926176,0.0008314946423687381,0.0028836085758188633,0.002105304380333739,0.003570405795919365,0.0021053043803326396,0.0001185584624604271,0.0015316330376874373,10
68.28290748596191,0.0010058625057923784,0.0030754643286123352,0.0001084066336367405,0.002850874744668116,0.0010526521901606412,0.006603820820388359,0.0010526521901535976,0.0005839479338046699,0.0009359171187672618,10
68.37977886199951,0.004027193903950629,0.003662926231372066,0.003900933637747272,0.003596632032975623,0.014142135633326745,0.01536959274896263,0.010000295750466542,0.007723836578018976,0.0016885709257086186,10
68.48244500160217,0.0028864397765949973,0.0033559376247447683,0.0028864397626050613,0.0033413861746902354,0.02236067979916865,0.01729260876376028,0.010000629127379035,0.00012992055694996453,0.0010592653464546382,10
68.58241844177246,0.004523464621401931,0.004835305734459695,0.004523464610602629,0.00483039645225901,0.022360679800939948,0.017362528069917563,0.009999443230874835,0.006366285272708904,0.0026304706946686024,10
68.67875504493713,0.001568623200082548,0.0035045059337416545,0.0012093867489200156,0.0032790568870647834,0.022360679800937658,0.009296553032023093,0.009999376669066128,0.0037702342453548874,0.0017703302242736856,10
68.77843880653381,0.006025899704784839,0.005200905020542201,0.004588058258407544,0.003604955304446101,0.01414213563469712,0.010026749096416555,0.009999738980578668,0.008740197860657288,0.0009361779857010225,9
68.88030743598938,0.005938948165429346,0.005226225411926632,0.005936104892008701,0.005223833990842038,0.02236067976454686,0.01662120989668525,0.020000295751178364,0.008656195317891517,0.0011727779841756093,11
68.94995999336243,0.0050386247032588585,0.0022199368976101824,0.004888203982482178,0.0021961331148868815,0.017312948940040252,0.011002429811763042,0.00997240407836895,0.0015342799161235153,0.0012266992522073606,7
69.08617925643921,0.021790772355030685,0.009208298257781333,0.021778714083828667,0.008693117812663251,0.019687528287773225,0.011379163806803793,4.762170084309115e-05,0.0020313175752454168,0.002059450397725227,13
69.1859962940216,0.00645807120100826,0.00450712017766306,0.006358522529670953,0.00442180345582994,0.02436587980201225,0.01951247838409363,3.822277945669374e-05,0.0012896140320932945,0.0013064113688362835,10
69.25228333473206,0.0051097670500221985,0.005805495568277597,0.005109751128972692,0.005804853796942949,0.012182939901006433,0.0017594592001795434,2.0958618751184422e-05,0.00045756810024540816,0.0027346676267500005,7
69.3931474685669,0.03354136888186736,0.010166221329566976,0.03354132664865471,0.010093517693478014,0.024484207191861573,0.03629079034972839,0.00994381023877655,0.0016122095556160422,0.0017185977930108459,14
69.45260119438171,0.03486625322395206,0.0015849439967544215,0.03486618761382751,0.0015849001430150386,0.03268499439421051,0.015989813889329612,0.009920679243266386,0.0059855315727971835,0.004460170224145347,6
69.597407579422,0.0540593161929073,0.015631782613325887,0.054059316138725125,0.01562814951935501,0.010053898630485102,0.021641413096078584,3.197195419890246e-06,0.0010523594731722654,0.0052407640192818645,15
69.65657162666321,0.0504159155823946,0.0029192956862063167,0.05041587728172108,0.002873810021356953,0.03497096060664109,0.029557457374698042,8.257167286645241e-05,0.0014565488875894054,0.0056977501007437715,4
69.7591347694397,0.03769321836189394,0.013417195197927166,0.037678196132889044,0.013376220532030272,0.02990418194591403,0.008835980453979765,0.01007081228770859,0.004740441749544578,0.0038741171472387176,12
69.89216780662537,0.023704290720239968,0.005826226315597831,0.023680121159582925,0.005672812084811373,0.028561106023893335,0.029390377551134068,7.451800290834793e-05,0.002033417638378825,0.006169433542665134,13
69.96255159378052,0.03888791517383472,0.004058409249196624,0.038873415281306264,0.0040092451941196785,0.022234395511581476,0.009439170197451802,0.00994893621522392,0.0034765363999659264,0.0015150478536665236,7
70.09236526489258,0.048299925621440795,0.007187562600926736,0.048299916386379135,0.0071838353250007324,0.01818126074145271,0.02295503262745634,0.010032294184411613,0.005213006849161343,0.0019449339982489358,13
70.19109034538269,0.016031410812424093,0.007300212695165441,0.015996212728817835,0.007169052565432066,0.03742590188628896,0.028608184553018747,0.01008644026940998,0.005271621837983439,0.005901523770792614,10
70.2902615070343,0.0013027682019257766,0.0054571878628827475,0.0008079500457694124,0.005426222982207628,0.018243309070180683,0.013971764003719547,0.01003631704460059,0.004100867780786932,0.0023994256600701805,10
70.39416217803955,0.018268706225315453,0.012567015135947913,0.018245415400964228,0.01255479694620072,0.03441219576030489,0.03779465348816646,0.00991105433944965,0.0030812483841654702,0.004203274540436888,10
70.4601378440857,0.043354693850190355,0.00671544384316615,0.04335467966919094,0.006691928173547613,0.021257370656272274,0.016176437957663745,4.662384135243777e-05,0.000820915144749669,0.0012228721749566692,7
70.58989953994751,0.07857488040247175,0.018925553644503365,0.07856930506860135,0.01891392637071622,0.01999999997685697,0.014860138978844101,5.415074204286652e-05,0.0004205079150989836,0.0035827867264479154,13
70.65782332420349,0.06639451968944439,0.0023120075921501926,0.06636528737006632,0.0019602480885836195,0.02236067981153397,0.010600897409502947,5.4447862667544044e-05,0.0009952997851056242,0.006030821983657729,6
70.79036116600037,0.07454027895997203,0.00709903304928417,0.07451236113436173,0.006944487488868969,0.02267012807013336,0.03860855033503415,4.456676779199271e-05,0.0003076395762067753,0.00809488154948591,14
70.89565372467041,0.02283002103780342,0.0060341191480016015,0.022829903800576156,0.006031864387968126,0.025141890550944426,0.019813366578276106,2.6281080834000864e-05,0.002639047658578742,0.004277709229876083,10
70.99280977249146,0.009195230765864499,0.0013607960463080764,0.009157630015052747,0.0013530896988662587,0.035648597182433954,0.028788500418412546,0.010095671402746047,0.006475269367262262,0.0070543083236929965,10
71.09177279472351,0.00965245124704463,0.007164951024541445,0.00961525487255151,0.007075851778135445,0.02998719775923045,0.05646595539904076,0.009947038217538423,0.005820038976512261,0.0068970009064453055,10
71.14667916297913,0.057934959554576164,0.00330663345769785,0.05792570198347586,0.0033013679175667174,0.03000000028261577,0.020556324347353983,7.733574464374329e-05,0.003436153829637683,0.008154785479093587,6
71.29570603370667,0.12512035310149858,0.01015590514598471,0.1251202976762048,0.010100297842052696,0.050970377228094686,0.05846369185427096,0.009861731714933679,0.004663183955741523,0.007500677841074601,14
71.34590554237366,0.12787050889940596,0.0018961661446640415,0.1278674227001582,0.0015764460645790199,0.04330864585091458,0.024017584177442142,0.00992381793737002,0.0015548785442001892,0.00924505720432519,5
71.5078227519989,0.16265059001491497,0.015413125586598799,0.16264757619968748,0.015019292238665579,0.022474006937751586,0.009194085103066324,0.010013810839643832,0.002826269853860521,0.010093755984154013,17
71.58204936981201,0.12846377418076493,0.008217228975564938,0.12844770599344887,0.007896973838087224,0.02168267794862009,0.02192602183422433,3.5543144504565576e-05,0.00520108165631978,0.009548692231750242,7
71.68439841270447,0.0445690998353113,0.005428650903992253,0.044567412874033305,0.0054286378015042155,0.048810349159076345,0.02906708699119846,0.010046704260328382,0.005290100811498645,0.009577914846305937,10
71.7847945690155,0.00688905178680057,0.009402185265521387,0.006833233323756665,0.009382783799576877,0.032983400474325825,0.030451598332066298,0.009967039425057838,0.008988112595343314,0.001754555645871916,10
71.88300275802612,0.0033169627999193162,0.0026756032398694437,0.0029987760753694167,0.002383357420218964,0.051193944710528246,0.04561063151001755,0.009860117472189756,0.0005604673807553507,0.015019315230664248,10
71.98223328590393,0.004704739141483595,0.009152443594415798,0.004703776741128722,0.009145818436737986,0.03895807202003314,0.009603560380155416,0.00010720174277752366,0.004345348926522256,0.01356863669730311,10
72.0812292098999,0.005456742056502737,0.004169294681100527,0.0053360617912140895,0.004044397239636226,0.060054859702094836,0.10131290608107295,0.009854415626852646,0.005886741794653296,0.009156666086082142,10
72.182382106781,0.004523900733143768,0.010080037456835616,0.004523438309561315,0.010036455080624142,0.05850655600574535,0.018116968037681723,0.009827605822821729,0.002860296472107975,0.013565349641467165,10
72.2815809249878,0.02255254824269313,0.023803317953196845,0.022520332743738034,0.023761153336754055,0.08168479456727182,0.08945573556896176,0.009777613588851562,0.0028368588035206483,0.018644404959588166,10
72.38473057746887,0.010307633968523864,0.01924473209427623,0.010246003900154654,0.019236355632292097,0.06090337960333585,0.044894543202658815,0.00015435743157301933,0.007101285575554125,0.004148992060027551,10
72.4892373085022,0.009097737017228972,0.006017146827086768,0.009039233547740657,0.0057952410058093986,0.030910475895157108,0.006922065577144601,0.019975536245108644,0.006730380609239183,0.005831212441612065,11
72.55121994018555,0.06911932636790978,0.004720801014814165,0.06911924463930863,0.004718967805922629,0.044733243733283204,0.04801005406719918,0.019998005699086836,0.006217703433231059,0.006167285572332763,6
72.68365359306335,0.09981631499439493,0.009185944016414632,0.09974544583810761,0.008217410186725125,0.05388656095200922,0.03057740711411886,0.010050659637569128,0.006993042380425373,0.009248413671293693,13
72.78517651557922,0.03075668338470128,0.01274636638621507,0.03049454690010884,0.012376450870176275,0.06600762657186539,0.06114302764011217,0.01017881636100128,0.0034010440043609202,0.005588800324398404,10
72.85019302368164,0.07958745232834327,0.022674239487405518,0.07958064638818399,0.02265572233605653,0.013331874778259388,0.05358113877017134,3.0339745672027724e-05,0.0029113717908214854,0.0066395553564897215,6
72.97974038124084,0.1272644274434415,0.04310322256032835,0.12726119856522336,0.043073518754965234,0.036907692905398505,0.008529258567915183,0.009909489488735263,0.002948341331762488,0.00832864944099872,13
73.08222603797913,0.05982005643238524,0.017908549346116853,0.059820047713775644,0.017907954070442867,0.021793248733146402,0.01731233883972274,0.008651280641441744,0.008298340494395642,0.00695585867017958,11
73.18192291259766,0.007446162801860584,0.009901023873564035,0.007446159675670958,0.009876630340701692,0.031618713724181506,0.016314198178007864,0.023882864846230964,0.005741262964651449,0.005098736250816342,10
73.28669571876526,0.007929168872288908,0.017596909522736497,0.007929101089135084,0.017596487701641385,0.01872020076224549,0.008757230904309254,0.0018373847378444377,0.0005274649607062003,0.0037587060633474862,10
73.39333987236023,0.006256798396275622,0.0029665685002472787,0.006188479422327106,0.0027249719682274965,0.02764442939074081,0.037748124922510874,0.006690410832187383,0.0014655428864526407,0.003798423383499431,11
73.4671733379364,0.03828192753276581,0.00944528009145981,0.0382701076951799,0.009414944549602735,0.01726027069613764,0.02219672198645845,4.800748571429052e-05,0.003897284807821817,0.003282922387185176,7
73.58872151374817,0.06279109282877537,0.01640492838898384,0.06275623011028116,0.016267768940768805,0.03817873030012821,0.03481501229696774,0.009901707366419085,4.7122382433982384e-05,0.006799498468917614,13
73.68862199783325,0.02419284457632521,0.006734001006264244,0.024192676570681537,0.006679369243454858,0.03893920683359957,0.030843390625899046,0.009941717288661075,0.0005707480978741874,0.004853807875746753,9
73.7891697883606,0.02101288434446681,0.02295662613194851,0.02092003946261512,0.022844879320355158,0.03162277664924634,0.022792894664240972,2.859515214370572e-05,0.003950848105129905,0.0022688166815615905,10
73.8935899734497,0.01892355102715111,0.012028995459037444,0.018897280273052798,0.012024579121646407,0.010737782620667774,0.006728531165027038,1.9339739496424263e-05,0.0027310518487508035,0.006441190375415729,11
73.94520878791809,0.07827043722145796,0.0020316186698580985,0.07826400108909128,0.0019503713962522563,0.0052542924370150195,0.01398557826594554,2.4586773656303422e-06,0.006296457698850737,0.004569153898541441,5
74.09206581115723,0.12610183449760384,0.01685308875275047,0.12610183232146058,0.016851694123912898,0.011276099173671703,0.011975818003541144,0.010013185711061075,0.006068887225854068,0.004769601780835607,15
74.158931016922,0.10978643989368576,0.0007890521462354127,0.1097864314710792,0.0007890132342348792,0.020479340883289072,0.02677592557537401,0.019988641774921156,0.008242631907408019,0.009452336199500354,7
74.28658366203308,0.07910828005945439,0.006754106980839921,0.079102770504969,0.006750020174532523,0.034921840473891595,0.03651719075948838,0.009918058898535297,0.0077469841849810185,0.007884426541783045,12
74.40073919296265,0.017090039251728525,0.002135842624296805,0.01706257898329683,0.002099074652322178,0.026612591079605546,0.007462793963535876,5.8340356118460974e-05,0.0025941928469816887,0.006819490121120257,12
74.47214841842651,0.058273943852737056,0.001996250716926251,0.05827393818273606,0.001983042799079354,0.014142135634678999,0.00801419338714825,0.009999882029842132,0.0036524797881625003,0.0032004684400904005,7
74.5717830657959,0.03321962387718459,0.006621333351527056,0.03308390379617672,0.005988464307994569,0.010000000026479923,0.01131703877890708,1.5270547836623757e-07,0.00020670660528488853,0.00561229596155049,10
74.66541743278503,0.008825987518636436,0.0025498387395500714,0.008824331962083584,0.00248321428870157,0.020951278830613984,0.0218353388251951,0.016194996495656287,0.018782491964067907,0.004609601741139456,9
74.76574945449829,0.005642342334096119,0.005576077223426737,0.00520090746080827,0.00503664064897381,0.03544312930183502,0.022034069002244885,0.022361889219270337,0.0022499580301292665,0.005985704425749725,10
74.90000510215759,0.04084123432347377,0.004636137239441218,0.04083071000003914,0.0044650199796082545,0.015522672225061799,0.04715807895346737,0.0037497762193465724,0.0010995520342145166,0.0026256055570891505,14
74.95864987373352,0.0900854714142579,0.0035620004040133528,0.09007192169491601,0.003558036410158525,0.03710437631225803,0.018198817556203433,0.00991137738726909,0.00708233957315527,0.0024686083069288224,6
75.06839179992676,0.04928887162543482,0.01966604203579787,0.04928015313048643,0.019662517199487004,0.014172998013761559,0.01461446092480832,0.009972084986141754,0.007681217996963576,0.005306268304271987,10
75.17639017105103,0.004429973158468121,0.005145995072921194,0.004283515255879336,0.0049751534495426864,0.027033975906696303,0.01807064256689563,0.009945816434962977,0.005986403050377681,0.01070740391250546,10
75.26541948318481,0.005660854856789554,0.01458887227877227,0.00546810926489197,0.014486907223089294,0.01044670926978905,0.0137659093727362,0.009999240215764186,0.0005921390219941196,0.01326429512742169,10
75.36437916755676,0.004908144278837081,0.019458022877719795,0.004890790232366952,0.019457815912539783,0.02072935575093844,0.018872498524375458,5.691219091195472e-05,0.0006611348889707484,0.004008519206980248,10
75.46502137184143,0.0011937237691981692,0.0042810924542296385,0.00015775641565458158,0.004036678895562694,0.013201594303738353,0.0030566266208231674,2.9966375421749858e-05,0.0019399509881477938,0.012793116987834564,10
75.56517553329468,0.003716208218243523,0.0023231886709792838,0.003660418650416796,0.0023048255739041472,0.01648214002058124,0.027563099907331943,0.010027655961164084,0.007961196654335118,0.01772595101671608,10
75.66389107704163,0.013047527031994473,0.012901020047354052,0.013027392325022698,0.012900840849873729,0.04068458002678023,0.04088929299540766,0.030055344764328078,0.025361096136897087,0.006940340870567862,10
75.76474785804749,0.0012746484627265112,0.005131883018811088,0.0011891499989882086,0.005102146372070654,0.033197028589974954,0.039129697303505226,0.029968187169687834,0.0022774095013728384,0.010925173852538274,10
75.8655686378479,0.01152797501644854,0.009629935141293058,0.011522622240175499,0.009622817246198933,0.020829788163676737,0.016098978133996515,0.009976235612011174,0.005586655059435598,0.017095501789415882,10
75.96510124206543,0.010792314771715198,0.01199624881260845,0.01078955319226125,0.011994737063119666,0.01711764586093593,0.013313726559621309,4.100561730157041e-05,9.197085495655594e-05,0.007836950087503557,10
76.06736493110657,0.0021549171649570204,0.003212070212578887,0.002136741003809995,0.0032102119591311926,0.021423602111797526,0.039515841832391624,5.8062821222289716e-05,0.0034773695859835027,0.005560496033294014,10
76.16408610343933,0.007467319863144157,0.003938961123917996,0.007467319845666909,0.0039338577094595,0.026502889252383185,0.030510741580449755,0.019979815872825612,0.005122176847159253,0.009292890785064086,10
76.26501035690308,0.008364620529892886,0.002650891693020243,0.00836411737186311,0.002609204672611408,0.032656016933427644,0.021090790705829678,0.008112799656192453,0.0043913906246411255,0.010318902152621932,10
76.36454939842224,0.0017300937187098974,0.002587061140231913,0.0014095913079373984,0.0022081585842429244,0.01490056065151372,0.01790479079820764,0.003911723854266179,0.0027831618240388547,0.0018396685150841657,10
76.46350312232971,0.0146514175300789,0.016029647012389944,0.014598199251476715,0.016007835298446946,0.00808015915759936,0.0027153618029460568,0.008031624888539876,0.0015975765881828627,0.006766826768682331,10
76.56497192382812,0.02105957974451647,0.016875599048291723,0.01994779618172435,0.01553738749993907,0.01621359708475003,0.013832937617236293,0.01000009042693475,0.00299324508934809,0.006432413452777123,10
76.66509342193604,0.013216131687834243,0.013705557437511735,0.013167194700257593,0.013659697653131112,0.007254403537428607,0.00819771217934928,0.005736384197198361,0.004450430076322014,0.002436937312522647,10
76.76428508758545,0.006108750901734261,0.006144861842156551,0.0034927666230168673,0.003749004239525854,0.011173614332044982,0.014552702735730122,0.008527240936128137,0.007493003711920891,0.0024254073707669233,10
76.86721920967102,0.003545404963985389,0.002322804066998067,0.0035416035186691197,0.0023226527744122176,0.00019536278616531902,0.013954537414780728,0.00019536201234454127,0.003770940849112807,0.0050253495587973904,10
76.96517610549927,0.008357850858577062,0.005910038115683635,0.008239837305321452,0.00575405686070042,0.010855795954889214,0.008706567177844418,0.008125392983372396,0.00015667120345258425,0.004396324626911956,10
77.08705377578735,0.005402107827841061,0.03340763180914585,0.005264033433189621,0.03339388150558269,0.031093857904783334,0.041864521857975574,0.0058979983787449414,0.001709730967024951,0.003264522498458929,12
77.15907216072083,0.05062614224027894,0.017638761297672362,0.050600812849850726,0.017616545858528006,0.030533851426175564,0.0027234232585791134,0.009961788196255223,0.0015691342524298262,0.0013387703314142406,8
77.294757604599,0.009904999950082054,0.050565763878661935,0.00990499993140761,0.05056573348439047,0.014142135634660482,0.012478550557663443,0.009999878587133412,0.0017290237318406184,0.001697356000230908,13
77.36687850952148,0.03266056606720426,0.021565283269484793,0.03266055854831451,0.021564640993369313,0.024485632832671873,0.016120899561937387,0.009971790395457493,0.0015116940853187495,0.0012839352319858133,7
77.46389722824097,0.008228919737255529,0.008359761768070358,0.008228443442709194,0.00834104341026161,0.042479316856921766,0.03423633584993199,8.242046265589745e-05,0.00312924376300931,0.011943897565202564,10
77.57188940048218,0.011270587958179727,0.019537476982935825,0.011030543117218024,0.01933695573915872,0.009850444823550037,0.051641210787706136,6.752721290191655e-06,0.005758982644983659,0.004005319565137943,11
77.6939115524292,0.011225115027921449,0.009958679907527744,0.011223727968475686,0.00991899827582452,0.12369211870395506,0.11392467424752034,0.06017952625808052,0.05556221530953711,0.006260559743055778,12
77.76170611381531,0.010381713943414788,0.008498329295103234,0.010263583556623709,0.008497292478263314,0.10774995192781513,0.022251926602919556,0.0600702116671031,0.0026373688254611254,0.002107283141502743,7
77.86222910881042,0.006560315024423588,0.00835659498218993,0.006559464141589324,0.008354957454203844,0.04472135948698147,0.07623119351101627,0.00011199885793671792,0.00317699421100113,0.0069211830814006215,10
77.96372151374817,0.004441351387605844,0.008902490328628743,0.0042999096489768395,0.008705074063854406,0.07211102468665088,0.020435254822730176,0.000140732353954959,0.0016911467981903224,0.004833283084846735,10
78.06031775474548,0.00694440318168158,0.005435711445540669,0.00694397515914625,0.005413612593139198,0.030590414419753003,0.044215291564208004,8.350058327494352e-05,0.005317630437596405,0.008015744224598711,10
78.1607313156128,0.004618688233664431,0.006177882150027121,0.00453104485400128,0.006103776257056345,0.04207061742913114,0.015044773555292736,0.009895432082568573,0.004423733906130978,0.0036824317204523765,10
78.26015186309814,0.004480103971257195,0.005577471727755897,0.004360913601685611,0.005529700716123384,0.020728415675682295,0.03855569148048842,0.010029018640556255,0.001390981565025642,0.004370916901387372,10
78.36020803451538,0.003050971334270727,0.004199291725050906,0.0030499303700100514,0.004198119271476824,0.03050743799496948,0.021866169281475098,8.683022442154564e-05,0.0018682605212003718,0.008961531445964482,10
78.4598798751831,0.0036540772580593425,0.002500164472026297,0.0036539810401088773,0.002496825331806887,0.012856178939210738,0.030962351119784688,2.734319847032791e-05,0.003395499425366702,0.002411895543670459,9
78.55972528457642,0.005814751781754842,0.004886858632261682,0.005813810376202086,0.004885976265750562,0.04020348669229179,0.023471249474487973,0.0001103163508204442,0.0012542148918837086,0.005184996249159322,10
78.66099309921265,0.0023597993584172027,0.0045416291364959805,0.0021119279632247005,0.004437109002044706,0.020000000053087826,0.0035815929786241355,5.562096194281514e-05,0.0022418729165205814,0.0016292294420714498,10
78.76052737236023,0.004771540088226303,0.0015694152235630767,0.004676464244270012,0.001397351232461579,0.03608744693382647,0.03799849787037163,0.030055759892106213,0.028451806653785026,0.003222208368019069,10
78.86476445198059,0.0011875406105412622,0.004661748136659951,0.001184979576005606,0.004657119492730529,0.04246711355834094,0.009726303166765522,0.03008379447688153,0.0023608189962333707,0.003555654382200212,10
79.00474619865417,0.011522660944602319,0.008326590810985059,0.011522631217348436,0.00831222993075812,0.01000000002656389,0.005104401357124168,2.786257938581191e-05,0.0006840517180147701,0.0016279811677581111,15
79.0671637058258,0.018409615335069813,0.005414261088827662,0.01840959627459474,0.005414161253265579,0.014152154872989984,0.017514369780116303,0.0005248307280958167,0.002071586547152435,0.0024351516322042278,6
79.17506647109985,0.013991501472381051,0.02424604187217108,0.013991480073105012,0.024241907990798593,0.016718232583858662,0.037554526457425456,0.00892033311280295,0.008172533367873097,0.006657636390120377,11
79.26961946487427,0.0057166486431957896,0.008425985331806534,0.005614580718525247,0.008399088576989481,0.08002940530836658,0.08137405995327446,0.019372762806789116,0.009172547400719468,0.009934631769909861,9
79.36823153495789,0.013602295185715808,0.015163162899471422,0.01355770810388095,0.015138724501917776,0.07051656848266068,0.012547016249592107,0.009882646321041959,0.0018199570459684262,0.01410463365659845,10
79.47248721122742,0.0057923094846232615,0.0039042480218819176,0.005791611339413039,0.003804575047812306,0.04910345919120088,0.07924386195321337,9.541565729628681e-05,0.0016143551509341593,0.005300187588363599,11
79.56871271133423,0.009402457227590911,0.010904447865314559,0.009400835181358353,0.010896637725765445,0.10598611468760699,0.055027546204502786,0.00015799588206086442,0.00202035342720307,0.012769336114249514,9
79.66966462135315,0.004620266937276558,0.006166828892774459,0.004620266316697973,0.006164976830332757,0.0347528849358638,0.037971941694160405,1.7378128452743832e-05,0.00019762939631752136,0.004702584217206257,10
79.76697278022766,0.009426819027630694,0.00811296175941453,0.009109495153852296,0.00753818690908507,0.06677710263157885,0.045948702994881706,0.010176679599788291,0.008118512570165186,0.007810054871358091,10
79.86706376075745,0.002412334035994586,0.0011011300270913592,0.002371333176023042,0.0010160512488459126,0.02342913095863048,0.027691592894873093,0.010031888131671983,0.0015709403174290321,0.0027987340853058962,10
79.96946787834167,0.003319925443676657,0.005591532006369565,0.0031997756516955796,0.005530081136446457,0.055744548274698234,0.041269192107657386,0.00015480895532892985,0.0013313885463772203,0.0051482596841171055,11
80.06907916069031,0.0014674709556327743,0.00475326466144529,0.0011647155873729545,0.0047026425346742996,0.04136856913084066,0.00835443850311733,0.00011503757501882845,0.0007071855056702776,0.0019202128304794755,10
80.16875529289246,0.006193412742533177,0.005466383809986525,0.006118187698907345,0.005306976243003233,0.014320113672460015,0.026168937801425506,3.996507741331329e-05,0.001739490042849005,0.011898309812705846,9
80.26873421669006,0.0024668906372033554,0.0033181533577647856,0.0024656495893858174,0.003311039792707854,0.030000503085589922,0.013973136070226886,8.384417249051703e-05,0.00040946391024947204,0.006155344617274736,11
80.365802526474,0.0019479653681764159,0.002874485232335246,0.0017892232964724837,0.0027647180165558775,0.02358387464716207,0.0374666459990052,0.007713448974187181,0.004729055195953429,0.001265118958252524,9
80.46711730957031,0.0027535791336786362,0.0030323143288377478,0.002709008583846223,0.0030248767505296607,0.0403141318560301,0.02546727177460352,0.005486566038113552,0.0011278224262044742,0.006467976852790211,10
80.56865191459656,0.0050929246731712275,0.0048729333825048736,0.005086653870070529,0.004863443026044267,0.02453271746278525,0.010242308848930433,0.0022607784062352366,0.0007093341641169974,0.012366233393858152,11
80.66850924491882,0.0017268203786227872,0.0034139495578175538,0.0014096084846602608,0.003076055618322986,0.021225587221107435,0.010005852510905352,0.0071085492364658985,0.005755757048482685,0.005971048153825336,10
80.76846027374268,0.009738572950231955,0.009815921525221505,0.009671950825658313,0.009677545183904202,0.014824307731972847,0.031062117394463233,0.004185398861743114,0.001376515174513017,0.00498992607139396,9
80.86940932273865,0.0017993027708713839,0.0030814782353154424,0.0017485529234316777,0.003003407586248876,0.030562296200222765,0.017182052401615324,0.002922088847677295,0.0010399747903285374,0.004935832525328043,11
80.96837306022644,0.008796649339237454,0.008088706673115894,0.008709590306883072,0.007987768892274852,0.016154667255416064,0.011249443548387543,0.01002480994841957,0.005437402648678376,0.009029010673064794,10
81.06729912757874,0.004808532567153686,0.006891712057618597,0.004638660465252495,0.006748356663593871,0.033184924037185405,0.024854413385985544,0.01008364048951365,0.0035917253871986985,0.004723619675637491,9
81.16708207130432,0.007988077937276537,0.007421335544243162,0.007932401360519132,0.007319063066982043,0.02000000005312679,0.0056729305779429015,5.952699824645462e-05,0.0006797112241246411,0.001278415555167828,11
81.26666641235352,0.0024162378553496526,0.0027309212045869297,0.0021882133117652287,0.0026598904401397188,0.030810898852836426,0.022320320978148837,1.9066234668367668e-05,0.0029189391451904636,0.004152417634228075,9
81.36542296409607,0.0074382553853148264,0.008205508078771798,0.007437958391533194,0.008204016045344193,0.027978341955191558,0.014030290480988482,5.2063106990487155e-05,0.0036735416425025353,0.006419863217128746,10
81.4660325050354,0.001963009271824526,0.0038125312116441224,0.0017072683540702912,0.003512015736127329,0.01546276169596187,0.004927456931140279,0.010032996355392306,0.002892012610604404,0.001443633677901931,10
81.57724809646606,0.014487702403348925,0.009094658295007359,0.014450070607905624,0.009092708833968611,0.0241858181244744,0.031157608438591666,4.7545320534860054e-05,0.004957314196826984,0.0020438726464675947,11
81.66765308380127,0.009692571618269296,0.003904339701206549,0.009692372711977315,0.0038902675668429166,0.03926545036962212,0.017191904668304808,0.010040339757822498,0.0008544601516773703,0.0015934477266246454,9
81.76673293113708,0.010501991602660727,0.004642882493641835,0.010455822278842845,0.004257520363164293,0.027143680173720652,0.011672427864784684,4.1223505093023004e-07,0.005437875399074564,0.0044053150226264215,10
81.86749196052551,0.008670987836115395,0.006671442498512247,0.008611447342613689,0.00655826039253497,0.017334106228415205,0.010353683450653772,0.010028020789869377,0.0022433129841005943,0.0016250048351399218,10
81.96758890151978,0.003256034616730122,0.00444274647306476,0.0032556191694394546,0.004440350763434019,0.02236146026288033,0.017090685559658272,5.570983094072516e-05,0.001963797381115238,0.0027857608119675127,10
82.07722282409668,0.017836731528522567,0.009230036874556539,0.017836726186179486,0.00920121339218311,0.014142135633279257,0.01322334627815115,0.009998413456299064,0.002104034924321294,0.001364889323455962,11
82.16798424720764,0.018111178231044005,0.0040090955043219235,0.01808774830842965,0.003894529576398983,0.03164263956423777,0.029020574397779355,0.010083902373078345,0.0007506132092263122,0.0044855250094633725,9
82.267329454422,0.011806956057432696,0.004222949833002659,0.011766779216695984,0.004178647960090499,0.014156937486129883,0.0165013723396688,0.010027862610300182,0.006434240635750266,0.0040472518557034595,10
82.3668463230133,0.003780926982863943,0.005362625741732804,0.0036363799084356664,0.005196596128467734,0.016721793174720785,0.0037309557968586266,0.009962590773581434,0.001690906764272956,0.002620653298023303,10
82.46727728843689,0.018729248203326734,0.016296641559461304,0.01870297150310201,0.016259082393644635,0.010491810053391096,0.010593548536610462,0.01000880199931049,0.0027953330353040276,0.002133051923139159,11
82.56581044197083,0.014474195509732191,0.014849391760075124,0.014440854435830564,0.014795315384148532,0.01393735313437669,0.011039769314682368,0.0071463920013918065,0.004811895882272172,0.002143350667269499,10
82.6679379940033,0.01431786889598014,0.008801335787114298,0.014283542434471087,0.008790271022348636,0.015258141894822995,0.014211868524265484,0.005716138299709415,0.0018244201004467616,0.002987644817336223,10
82.76746559143066,0.0042133976685497865,0.006746186597726605,0.0040932068208656604,0.006706962033922519,0.012278501117173232,0.021254336390085348,0.007128061201039102,0.0036719493282582525,0.004353215120062669,9
82.86697149276733,0.003625884265630805,0.005951535901021108,0.003497881463663995,0.00585567007387713,0.027346735573724128,0.05188186646117304,0.010069631225494839,0.0012680702970278028,0.005740835235736762,11
82.96822214126587,0.008867229752915795,0.00493335480497677,0.008867086400496367,0.004925947918429195,0.01475330995369847,0.03603874766138098,0.009963156766899774,0.0011226169187405158,0.0071353388068031084,9
83.06784272193909,0.010790250392165053,0.011471179222529852,0.010742328984834402,0.011390674176721679,0.02018200043238561,0.05612681498020067,0.00996320819478964,0.008065222700893843,0.009315574720562577,10
83.1668210029602,0.018679940458860636,0.016745864846235733,0.018648999493068242,0.016744710695223326,0.029830930697929324,0.012860076039647339,0.009920498871007957,0.0016043050112311767,0.008297386003030614,10
83.26766848564148,0.006631048084998728,0.0034319689393684585,0.006289306210342164,0.0032074100262040155,0.04140750090549569,0.04809017277367681,0.00011627291413610567,0.001593699300098767,0.010912450052074479,11
83.37078309059143,0.011599835341486389,0.01756279011097657,0.011509098632099082,0.01754128323314769,0.005452811515065619,0.03495458121103414,0.005338717120974727,0.004461207122535669,0.0020286909140337962,10
83.4695520401001,0.002924950387793693,0.006185212386623342,0.002788548517731281,0.0061818660244522565,0.03146494970305766,0.011276795109244647,0.0006001888801210495,0.0021046747240140175,0.016863244033916872,10
83.5691032409668,0.01319561608615923,0.011304662518989988,0.013195590205473517,0.011302914333384808,0.00946763170564963,0.01723786125174419,0.00534090426130876,0.0031731322811540353,0.01986242363474697,10
83.66835689544678,0.006605848206046264,0.008357258589866905,0.0065982402411217216,0.008328399126201362,0.013440866914466216,0.03168904979509346,0.01000034932385682,0.0024004171311193066,0.01174459317487921,9
83.77307915687561,0.010552638115565218,0.0015554128075950808,0.010552637595331489,0.0011014989804633717,0.023493819960897184,0.02806725075850799,0.010058205334879724,0.006059914880028994,0.020046090229957396,11
83.88820481300354,0.01882692767858993,0.002549457909446987,0.01871868836062346,0.002451385746984581,0.018353198029343678,0.0455471264948849,2.0150140147484674e-05,0.0043662956342233805,0.0155745062936809,12
83.95603609085083,0.0741193111454695,0.007647090324729593,0.07409354790672977,0.007384878751079536,0.06367449284710129,0.0760365217759015,0.010053066362762257,0.003105957872247049,0.013229977297076749,6
84.08822226524353,0.09901799591430759,0.012459371910529418,0.0990135758758227,0.012440016167492596,0.09163073539327317,0.035410928284497045,1.9797357932993168e-05,0.001074090896484398,0.012933410647360363,14
84.18857789039612,0.03192047409757366,0.012130462307449083,0.03190926135638996,0.012108369301718427,0.038373507060016555,0.012011124019889255,5.530373451299678e-05,0.0026924782865035135,0.01110604978834744,10
84.28753781318665,0.01802075800846326,0.017641938720748145,0.01802067210209181,0.017640721358721016,0.020731154382697535,0.013851351554713332,5.5807537860428535e-05,0.00013108540380539247,0.017637816661055766,9
84.38819098472595,0.012012240846640772,0.008257215640176589,0.012012167147462395,0.008256448307093146,0.02359805205476502,0.03517178499579038,5.614701174357748e-05,0.001723755837211361,0.0034432366375002185,10
84.48929524421692,0.007668079402603095,0.010470273137905727,0.007599607365031038,0.010373898450897636,0.020961107215417524,0.012715327218669862,6.225567294988327e-05,0.002847378531359688,0.006171140673312257,11
84.58518838882446,0.008701060107630571,0.005542548130584715,0.008679436877576947,0.0055303046384603755,0.026197634206676347,0.03587304553275051,0.009939369094706859,2.1550003811546638e-05,0.00994014045499781,9
84.68614315986633,0.014608020494670968,0.008686034529768747,0.014290682414510881,0.008264649880410093,0.025859046663736177,0.010943781351258857,0.01006496568593893,0.009401829058138307,0.006471859855485578,10
84.78633689880371,0.005163290739258928,0.004891230745579641,0.004861547399430383,0.004390241779738236,0.030876369810522043,0.02982619203146222,0.010060256883638576,0.004995529344682665,0.007634111653431946,10
84.89230847358704,0.0027403349335804036,0.00805574027550195,0.0026868407792481927,0.007993174428618072,0.01894899979620224,0.043300586923199595,0.010023321048256865,0.00592874126789051,0.007561710043386976,11
84.9883873462677,0.005971536620125975,0.01636157609692336,0.005971237312110007,0.016358707593380952,0.026564373865493342,0.015411566279233535,0.010062686574421173,0.004638927150359092,0.00524818413402654,10
85.0889208316803,0.009836615386687762,0.0179482263534782,0.009836603688109635,0.017947772495659098,0.029594044959404483,0.018897867744383852,0.009987559166294749,0.0001534538034700245,0.008484609557521564,10
85.15658712387085,0.050082013379036235,0.004255597923121684,0.05007000379144033,0.00423662060378584,0.03287905754107845,0.026147619969091165,5.851557796475029e-05,0.003045299935827403,0.009357133356632567,6
85.2883574962616,0.10852720514474319,0.019086468943763542,0.10852291708444471,0.019085166638406807,0.023862018411943214,0.06614115437859391,0.010046860166716978,0.0001607455965151775,0.000460763917426222,13
85.38751292228699,0.06075963190150941,0.013544829123172026,0.06075932256416826,0.013533898128884472,0.05595475943123684,0.020909094229519604,0.00015086798544111318,0.0034668258474247282,0.01465892605896741,11
85.48540258407593,0.002374643670522532,0.0032065926744495646,0.002177584258257284,0.0031366535398303402,0.028937834808223924,0.05221583327932618,0.010077013477026466,0.0019274115295644908,0.010229322310940163,9
85.58622336387634,0.006797727399549589,0.00456471515620061,0.006749367879107604,0.00452213841244117,0.07130791904634272,0.04803780696623182,0.00019515400760515035,0.0037751111380109345,0.005223821794736878,10
85.68610215187073,0.00695054533642953,0.005858048473490861,0.006950545335828242,0.005832675597826477,0.04112169832076907,0.07900373496385668,0.020024326222666443,0.0020455109027471977,0.004504161967677314,10
85.7881350517273,0.00518234063222894,0.0009937596126725812,0.005181651453912225,0.0009552587553017557,0.06507379159960447,0.022279669207352203,0.00013503874742491968,0.0025111854855268626,0.012814352975418988,10
85.85289883613586,0.06341304817085064,0.011541062039647125,0.0634058995711929,0.011532031761587338,0.014774678617133838,0.042797004855866565,0.01001490203014528,0.002140189229532009,0.007740945639469361,6
85.9900393486023,0.11038483493215373,0.017302788825224825,0.11038483261530523,0.017286237939090714,0.041596452250820926,0.024674804620261788,0.009986905380023758,0.0022853895531436195,0.004895014600304863,14
86.05957794189453,0.09518015805012033,0.001616588835861746,0.0951799019109259,0.001616064672479632,0.06470441098534065,0.05957015788792341,0.010169376846220927,0.00267954076249483,0.012021945408189396,8
86.18741512298584,0.07554679285923072,0.00756063768159186,0.07554676619400018,0.007552835182565279,0.03442698597046293,0.04307016020642845,0.00992883569765802,0.0031088550080825136,0.005487484180996339,12
86.29240345954895,0.038200031965305796,0.01054380683200988,0.03819961645324278,0.010543672972501283,0.05571640124153183,0.036778475663512604,0.010137095838490515,0.0020287197243384794,0.005266596235334384,11
86.35215878486633,0.050136022541209906,0.0064447057545204585,0.05012453709939916,0.006358640493904643,0.030043294717094486,0.006419197179826194,0.009929215523263858,0.0022882139147583067,0.0035413620933310527,6
86.48578548431396,0.07496729891191048,0.030775397236961124,0.07496067910170842,0.030704107658174343,0.02383664438891335,0.028206635081399138,3.7960224133405746e-05,0.006542448719463668,0.0041007263499439105,13
86.58762741088867,0.023694344243763283,0.013494882263515372,0.023171916519252215,0.012494488055297891,0.043467603893755924,0.025976338227110148,0.009911658846766182,0.0013329052682257226,0.009455035455576525,10
86.69231724739075,0.003977500984585869,0.010259523007304299,0.003963531190975667,0.010254069483673984,0.022010297164264565,0.04562706118898903,0.00996535967764525,0.006441857398942109,0.005752150934842063,10
86.75305795669556,0.05986779800347853,0.006135409130837356,0.05978310661238692,0.005940101507146325,0.042176300205301255,0.02231471593251985,0.00988047301749479,4.033842807137432e-05,0.008307298708379693,7
86.89571404457092,0.10853407423567059,0.009540687004353104,0.10852156869960171,0.009539554426558829,0.0668742396847349,0.061946594929343804,0.009824570617097432,0.0056746385872583,0.01821594687830318,14
86.96875596046448,0.0991875075125286,0.012801640141945356,0.09916717572769435,0.012737192463886396,0.06259333646248613,0.06013691953829754,0.019953295936253477,0.004626089625584927,0.0068217124893783345,7
87.09250926971436,0.06512105489146428,0.0064296069011739254,0.0651208709352636,0.006404777903134223,0.1009177022185476,0.06893223991216722,0.014714029229310744,6.465445230319724e-05,0.011670354322896327,12
87.15195870399475,0.0720437661952685,0.0035222719270582206,0.07203969295779225,0.0034494353882827647,0.05241480643307683,0.07560201286688624,0.0010131872186547322,0.006072484727845389,0.0053132195957214705,6
87.30198192596436,0.09386740951191481,0.02178837101099109,0.09386508254336821,0.021784611234205747,0.1048824115922127,0.0926370130693342,0.014268332810168493,0.0029762616342718807,0.03610479993919772,15
87.35781717300415,0.10671501205842307,0.0026112292101228064,0.10671481451501334,0.002227192308657133,0.09952640491618524,0.06615858760026914,0.019884356687679287,0.0001948536176501491,0.03604685726868409,6
87.45973706245422,0.06281242641920189,0.010857072431963913,0.06281239473599946,0.01042241833536624,0.07599379775949829,0.04638927860160625,0.009975788587569694,0.004203251706963617,0.03236273274264614,11
87.5963978767395,0.021953540935440503,0.025699473463432133,0.021933099907564268,0.025630479813197302,0.045893490717092124,0.04419241783134092,0.00647246110503015,0.001141947516534008,0.0384295612942911,14
87.66926074028015,0.07843486025425227,0.012197248976468775,0.07843478046281331,0.012152048634209857,0.07760072093147084,0.06851375963407193,0.012848612336634764,0.007044697207651843,0.03610226493699158,7
87.79386329650879,0.07502503490990627,0.025311060528062874,0.075024998909755,0.025290311505385445,0.02719940024889588,0.04568796865259775,0.006484211432476547,0.005907611046051819,0.03615888393747392,12
87.85058164596558,0.0902970820821515,0.013226150108575275,0.09027323006822778,0.013224909544946513,0.09727095975873438,0.08408757036602962,0.010084850980407534,0.004853690418554929,0.029326287715556378,6
88.00026154518127,0.1009578894213364,0.012793651463642619,0.10095124976903326,0.012729867363553521,0.07250763647255491,0.016691772336996754,0.0009318208545916989,0.00460792041913959,0.006631209088411335,14
88.06252241134644,0.08673346840424419,0.0016326907543858936,0.08673317455995924,0.0013922844910062258,0.03609212500795672,0.05855796428779423,0.0004353447485811357,0.002282411364790541,0.0075845289546766885,7
88.19607067108154,0.0718553273409621,0.007897471176277511,0.07184888746850716,0.007664955798043339,0.07094880315154846,0.029271325752046495,0.026374715072594285,0.006734180383109137,0.00959828633863285,13
88.26194953918457,0.07820165675492055,0.00918640117452873,0.07819425918341408,0.009180472105544119,0.03913267735312502,0.01707027223182813,0.02772486039584714,0.0003020792850943199,0.011540343379100896,7
88.39717626571655,0.07535957878152107,0.009547095838103594,0.07535282982420567,0.009524754332479386,0.011697825363628065,0.014352946714167831,0.009989345372673855,0.002189648758403466,0.008548623889193708,13
88.4607286453247,0.07167064549687044,0.0015063520785480434,0.07164292336536708,0.001211051457793166,0.02327965494097238,0.019306609510458955,0.020023743440955605,0.00997113825386405,0.008925555230323587,7
88.56781554222107,0.04325680816187482,0.006393711650395067,0.04320826363460857,0.0060707769265815215,0.03681877802343354,0.015351230534965558,0.030056782516006283,0.008184963196604085,0.005880111268107677,10
88.66471648216248,0.017223410647783904,0.009260382398031286,0.017223329583292833,0.00924684359769643,0.03466681585533859,0.05404381582701538,0.012691639132187177,0.0004798992638841624,0.010181211821928339,10
88.76872038841248,0.008437260288983074,0.0021659490256036125,0.008367535668389329,0.0015521218699532527,0.036086468506769005,0.008348911555969944,0.005441448268636765,0.0038107698360872987,0.007976675100387312,11
88.8685245513916,0.004625741333185301,0.0025066727271946163,0.004625125675626597,0.002506412590992918,0.03051614965351374,0.03977679564120719,0.0028517754039402115,0.0030504540942283623,0.007975212460304835,9
88.96871423721313,0.0019114106774416964,0.0020937152793654976,0.0019112378147372482,0.002088531281876017,0.01826630432076179,0.03524240176098511,0.009991689996519053,0.005427919127234562,0.005139530301802483,11
89.06673836708069,0.007143182496694946,0.007620668633627903,0.007074987571689188,0.00757654054348479,0.013131595862061272,0.028482586391236072,0.00998383887010984,0.0005164965787857947,0.0107249371553969,10
89.16738486289978,0.00719502533208124,0.0036878027843679786,0.007194752030514815,0.0036811882096732685,0.020346307984380738,0.005191053668226704,0.002047812946573097,0.0004235152090641744,0.009767743924973604,10
89.26881408691406,0.005195515544558505,0.008280648482311926,0.005195415598510082,0.008272805261282302,0.013279008737860969,0.018837720286378645,0.005755098880552343,0.005088181959193968,0.006465858024500993,10
89.36736631393433,0.001120921253125164,0.0024079351463800547,0.0011208588300319674,0.0024059479088008318,0.0188152731390904,0.007589880544323502,0.00786068442252949,7.904776455946174e-05,0.006553661972260321,10
89.46951079368591,0.0022451058656597573,0.007824470278164599,0.0020323179828322245,0.007697191295974024,0.02180441773076853,0.027746712764385693,5.717011287951608e-05,0.0011944088427614994,0.009496078928162777,10
89.56523251533508,0.005192867783309851,0.008806930011320723,0.0048110533234391245,0.008677038349870289,0.016709482533856367,0.017202010370724437,0.01002387552481215,0.000976647132847483,0.003196363242389849,9
89.66553831100464,0.004254514264583394,0.0030843167317077787,0.0042545095847823095,0.003084069537472353,0.010638348511682284,0.015152731614818159,0.010000839996780416,0.005758702423612893,0.00777922010133948,10
89.7675199508667,0.003575515220186397,0.006626564460671119,0.003424879357465788,0.006459720458806458,0.014142135633066471,0.008004464737110716,0.010028722605187723,0.007673515138599171,0.00861061663717509,10
89.86599040031433,0.016369592800636504,0.015352377515428011,0.01636950879342772,0.015351614617995548,0.022360679798596465,0.023283696614160555,0.010057411509956553,0.004333266001933598,0.00552754566105364,10
89.96793556213379,0.019161260419997644,0.014819399642506541,0.01916124385328923,0.014818779582482533,0.019759778306957864,0.03752795523874868,0.01701397343847373,0.006454742071139317,0.00390636285777015,10
90.0811698436737,0.009004210993307112,0.005035645524318616,0.009003574714374962,0.005011193010631903,0.04020806138208704,0.017355545339582473,0.003970990377653774,0.004107504832326023,0.002568765649468368,12
90.19816780090332,0.003684434209055519,0.009026374704815305,0.003684078361013371,0.009022271216458143,0.020217479166672575,0.04127148944166913,0.0029000986345132838,0.00045056193836375685,0.003226905294564368,12
90.26560497283936,0.0398795299243807,0.0017169457911742412,0.03987943083128692,0.0017148469775492968,0.03450937268787505,0.00924984618700498,0.009905032873480712,0.004307460465269573,0.0023336192939853568,6
90.3661937713623,0.02638868022835473,0.006053728934112467,0.026388049636242965,0.00603458212087955,0.01394254624766842,0.02393667797576251,3.996007597835447e-05,0.0022142788068903207,0.0041627290433157195,10
90.4763503074646,0.006615319410677984,0.004418049106468997,0.0066152880823079465,0.004417307341868878,0.01845593925823638,0.013180333900160131,0.017108612323327162,0.0026934306994808787,0.0031436334119777677,11
90.57594442367554,0.0073403026594090455,0.013627890956277817,0.005358157349887815,0.012791339632395392,0.015640142871821673,0.00792032468117313,0.0041342678243679164,0.002633483237757755,0.0027090260171998594,10
90.66885614395142,0.0179992008806589,0.01308741220559496,0.017970753216055745,0.01306184905009969,0.010553412635105591,0.00602680027025976,0.002940349285229448,3.9472632895315416e-06,0.0025797709237781402,10
90.76692461967468,0.009216598849878112,0.004816143411170696,0.008393821373054416,0.0027409685016168235,0.011148348343992972,0.01804347609344397,0.009985917964711344,0.006179901508790038,0.0026075584243793657,9
90.86864233016968,0.001620064042444269,0.004336537195623871,0.0015706805962826017,0.004261957251606227,0.022362240554001548,0.01798437491738823,5.768603810961645e-05,0.0005926013163804035,0.004673241661773076,11
90.97633028030396,0.005587543804409734,0.005933174543464739,0.005587533266033597,0.005932865711476414,0.014506665306582265,0.004203770227526832,0.0005246752757886498,0.0030427590069513773,0.0038438626758680906,10
91.06686115264893,0.008481891539664709,0.005097105191401882,0.008481891456018633,0.005097100454847893,0.005023599590162711,0.007593855517268353,0.0009942622116316628,0.004331730301486311,0.002408741678918491,10
91.16890215873718,0.011156254094944276,0.002579180349035476,0.011156239556255911,0.0025181820160227815,0.014558607718874489,0.013699737722554318,0.01046857580239583,0.0021256303011117045,0.003068075203029356,9
91.26849508285522,0.011333619350270038,0.010791856082922557,0.011333463016393734,0.010791116047043164,0.02041252636142617,0.008900334320892465,5.775129382990485e-05,0.003478126325868088,0.0030377948905562545,11
91.36647367477417,0.0025786499642662082,0.0017446273765111308,0.002578517234915038,0.0017004147521792704,0.014142135633048924,0.004113696347096373,0.010028584511940896,0.002453887770472859,0.005310875749341214,9
91.46873068809509,0.010843161292383316,0.0062192914479635986,0.010843129457769132,0.006209803448778132,0.010000000026347551,0.012940705546529027,2.8618974091158886e-05,0.0012997268454659418,0.004610642891418419,11
91.56940340995789,0.005611623649286308,0.007940998862783426,0.005492857813156554,0.007843072235875133,0.014139667168326955,0.010424970907889968,2.8101171697685516e-05,0.003270482491395772,0.0026402729675890665,10
91.66929316520691,0.004823381636012911,0.007330094441367385,0.004479116968104015,0.0071796740098259764,0.022360679935091297,0.02383447637142588,0.010057196861470987,0.0011392275769059564,0.005689842423229862,10
91.77647113800049,0.008412822357870456,0.002181748907239113,0.008365038850868776,0.0017411498732541508,0.017332082977382566,0.03224945692177767,0.006195145056109193,0.001686526751889132,0.004549617448848876,10
91.86776828765869,0.007875847180701405,0.006011757474462805,0.007813268031100135,0.005971797291429014,0.0033707429819295263,0.026484928272631537,0.0023840164404771618,0.004186721353503773,0.0020957531028485145,9
91.96629238128662,0.005726782891315922,0.012030488656142622,0.005358115469290401,0.011795013576334917,0.012361824661336637,0.01750483485431974,0.006160954456630027,0.00045362199732400216,0.004649491754905772,10
92.06974291801453,0.012316727828543851,0.006265349135237812,0.012316727815330823,0.006259172330399525,0.01000000002635217,0.016315308155046546,5.122718159933043e-07,0.0005436487974407195,0.0031035578624902796,10
92.16962122917175,0.010104242340855994,0.009189962696027329,0.010104143584377171,0.00918907529741504,0.025850556035778557,0.05197764565248513,6.96453025541485e-05,0.001357892539668404,0.004506567338083992,10
92.26863837242126,0.007294104399360565,0.007100023247533742,0.007293732599540231,0.00709852600389536,0.029427254435250308,0.010553534512993354,7.844659850467646e-05,0.000974199057542828,0.0026861399391025467,11
92.36726927757263,0.0012380229340037835,0.0023849445314644275,0.0012329543449758702,0.0023006088767601185,0.037519178151706196,0.04070052590576467,0.00010068992578257022,0.0014020393114489327,0.005410717717164675,9
92.46962761878967,0.0029492018688947468,0.003842925205631413,0.0029487300889832774,0.003832584917471401,0.020000000052746516,0.009707741677678402,5.679070631811936e-05,0.0012532067724834305,0.0024693062730913483,11
92.57575726509094,0.011052455840813937,0.00975601058287248,0.011004775998952603,0.009706145240715702,0.017316980893557217,0.016919900738052277,0.00997206483946518,0.0016601113511420455,0.002844572707235873,10
92.66967606544495,0.015587804371354494,0.00500450454842423,0.015587803565095256,0.004989848585208404,0.01225486340759849,0.003304604048889751,0.004727869904263509,0.001847040561130899,0.004355020592982461,10
92.77038621902466,0.008668226786682935,0.0011939408338497255,0.0086679547089816,0.0011903570187358527,0.02650099116606367,0.04741982684994176,0.0006499740812784482,0.0022508163592203775,0.0044435903482929135,10
92.87808179855347,0.013412564529605903,0.0045180762802873005,0.013367003412678049,0.004419042773257957,0.04039057066916569,0.009347728503409355,0.004602546499167915,0.0011722705391039648,0.003883603992051048,10
92.98124861717224,0.013810774322162706,0.01059424942798491,0.013780023741640982,0.010583949980862758,0.030427164463622747,0.03690111301770313,6.539836724986283e-05,9.01937078658471e-05,0.003608940075444351,11
93.06810712814331,0.009285779718591137,0.005607240925041381,0.00928551055567983,0.005603000704049511,0.024502021674959455,0.01675993151538766,0.01006165261067322,0.0063331648635209575,0.003248404791387557,8
93.17135787010193,0.007557481360805884,0.013520810901382848,0.007490938401121657,0.013483454596552185,0.014143369713206979,0.018324108217836352,0.01000040939758842,0.0010143758839462808,0.001994345315595903,11
93.2650990486145,0.0015532544408738342,0.006708514391195637,0.001181345419159129,0.006642602036919179,0.01413596361790192,0.014812658300883854,0.009973295853893201,0.004335746660163521,0.0022041416977127957,9
93.36906147003174,0.012508252711006777,0.0031044712665299263,0.012508249597785967,0.003067733206666867,0.017326049360870937,0.016735761424863063,0.010028751811661586,0.0033666463083561137,0.001231146654161935,11
93.46691513061523,0.013005134391947079,0.008525499075891972,0.013005107849758727,0.008500703153427283,0.010000000026386752,0.002153335504251537,2.8380035938491437e-05,0.0007799482582837877,0.0012763754093074733,9
93.56727242469788,0.009980183285874937,0.005575165848493107,0.009646858864295211,0.004650407302122004,0.020000000052772925,0.020873744186554067,5.6864226824247505e-05,0.003620104689243281,0.0039538111092751954,10
93.6689932346344,0.00606946422370018,0.009296476055745446,0.005786533108398665,0.00912602275822959,0.0237206165183694,0.01010888492089762,0.010056731441057452,0.007173185910231759,0.005024884140628965,11
93.76460933685303,0.0033557845813282534,0.006055325181706388,0.003071834790138836,0.005826099532473787,0.032451523180359196,0.03720768761867724,0.009942324979331178,1.622940787466178e-05,0.0046381885213108215,9
93.86771631240845,0.0027209206897331538,0.01213553966617862,0.0018461911761330422,0.011956723092818235,0.02733698907237603,0.01693469506819768,0.010034730223148798,0.008988064874428096,0.004316399779264019,10
93.97292971611023,0.021219568074399443,0.01728017737812944,0.021192743893991454,0.017222569635312428,0.022359437002592977,0.015723874202323775,0.009944604678717219,0.0011297995035985707,0.0056471458375302415,11
94.06922769546509,0.01718266859994841,0.008646672185577471,0.017182666535448043,0.008642798751487256,0.012015049502788101,0.006721642704034656,2.7168761839378354e-05,0.0028778797275596786,0.0015960897238910155,10
94.1678581237793,0.0018962844600066244,0.007043745253312881,0.001896144060878708,0.007041568710449319,0.010138450161941443,0.014613060377155453,2.843400089321614e-05,0.003371026517527217,0.004018443944084308,9
94.27302694320679,0.006697931100987784,0.004012231070123057,0.0066264370922812545,0.0036872998434016773,0.013106106848181425,0.027662402550086604,0.009287983482624666,0.00235712078225795,0.0047035481326486855,11
94.36619210243225,0.011225460903779304,0.0029299408046440795,0.011054574279676462,0.0024136304611851855,0.018580474513127047,0.008187757473736486,0.0014241277394799522,0.0028623240789488517,0.00402540262688793,9
94.46790361404419,0.008416572018198051,0.003445657444655618,0.008161831762801964,0.0031276715571698422,0.026578717119698007,0.03590617299812542,0.009202604119873278,0.0005538308368582308,0.009531656927572019,10
94.5680639743805,0.0030573974258500452,0.00366849214931195,0.002365823779433083,0.0034684576555492615,0.02292868749034019,0.05420596844554725,4.606219618312455e-05,3.2650956263629887e-05,0.006989508333463654,10
94.6672682762146,0.006274660817261321,0.00888502004643523,0.006219911480856003,0.008874085431649302,0.029944066901893374,0.013921190954450886,8.618073856581757e-05,0.0010804545817658393,0.0055201782911391915,10
94.77151083946228,0.0202888799536198,0.012186850150205875,0.020242664571073942,0.012137521069373982,0.04236470042551268,0.04644167685276518,0.00901416266559536,0.005731358451377222,0.00783907726360541,11
94.86974120140076,0.02400134822670636,0.018253112553494398,0.02399960233803607,0.01823085889270594,0.009346641672123485,0.04183682790733251,0.008235600899007753,0.0012997980833770306,0.005923497793783801,10
94.9759840965271,0.016006793258858117,0.006028466603580778,0.015983731899204986,0.005935740733568959,0.051685725119709154,0.02215911519833642,0.010746899171812619,0.004726928762306824,0.006757910021625109,10
95.0687620639801,0.018208581454440525,0.005251038107167518,0.018181779870554474,0.0051429730421696535,0.011643517652291045,0.02679445800768123,0.009998101432333038,0.0015051566270481763,0.004857925354317444,10
95.17054748535156,0.016984379581362532,0.0063363646690554115,0.016984360563718746,0.006237116449291396,0.014252170137326967,0.021027446434050356,0.0017410721686316438,0.0019286123333284813,0.003548251780933687,10
95.26558589935303,0.018579192451737805,0.012756978502711664,0.018550458410356782,0.012667520870280068,0.022618489172912846,0.01317899135245012,0.003370279315744455,0.005612595411085129,0.002797398246582328,9
95.36773586273193,0.014763603401668827,0.0056135865190249925,0.014627436322189253,0.0053716014084180886,0.028287143016871737,0.018089604749347454,0.02828714275555147,0.00844223978132703,0.004780846661185666,10
95.46525526046753,0.012377836696529348,0.008700721436723525,0.012343436351619554,0.008699573666428272,0.03162222462661394,0.029782754503283174,8.497932077666241e-05,0.0041159636224087906,0.006217482113218617,10
95.57719898223877,0.023751979123544514,0.006932271675554993,0.023751973313958286,0.006929969718591875,0.014137199101377076,0.029064851378272995,0.009996814523625823,0.002955807935166488,0.0051493506343484674,11
95.6717689037323,0.023278402748929467,0.006696092550584591,0.023263738060533404,0.006617963132046655,0.06813747163587525,0.06514366950439239,0.010189595852857931,0.0012945059563560996,0.009023071073915452,10
95.77417731285095,0.01384675684824581,0.005987570966585093,0.01353851474939922,0.00542583370567335,0.02328156490861415,0.044308513126761824,5.7643763932456624e-05,0.0035512914147812487,0.004298989249540226,10
95.87184429168701,0.003534642938392792,0.0016491176617345125,0.0034047524631002335,0.0009880158916672082,0.014659236053070252,0.018806134851912158,0.010006622861811814,0.0064176175774672325,0.005615813104038307,10
95.96953678131104,0.006352521745884901,0.008168769936209153,0.006175066298420756,0.007974447917631402,0.030658974861858205,0.009169841382483834,0.009918187809215424,0.001099187958995351,0.0033515276940465012,10
96.0797049999237,0.020922403608786656,0.005464171892346511,0.020922336715757436,0.005419677309154557,0.02236471112441749,0.023559710077546495,0.01999838635484289,0.009836661729527952,0.0025932137282256183,11
96.15220904350281,0.04891848134264688,0.0070113043295362935,0.04889589697856057,0.0069628182855474875,0.019269797080055624,0.007123934868130771,0.009964473952273891,0.0025251427429729655,0.004232865144524687,7
96.28436350822449,0.061263537069606626,0.00978037492707844,0.061263431769272084,0.009776772586374336,0.04603141294839222,0.05868290322286231,0.010123309553313425,0.001758569703096683,0.006842741168362441,13
96.38455867767334,0.03370808824846583,0.004323616362684211,0.033707873172526874,0.004274254344763282,0.04117071551527762,0.022962456545104742,9.495056593021608e-05,0.0021834486201698557,0.003656963108062276,10
96.44540143013,0.044115217355849876,0.003229286562074395,0.04411521560035904,0.003228862155810188,0.027631266593735465,0.019947859610742875,2.9914152011546534e-05,0.0009855080409929616,0.004026376236944149,6
96.58385419845581,0.09256833012874503,0.010871024033983342,0.09256830303359098,0.010870432288026354,0.029000794560012096,0.018800161627699905,0.012720055394948825,0.00010736107441995775,0.004229547259903505,14
96.68672728538513,0.04400498028862152,0.00709980861612849,0.04392967784083833,0.006747390038856137,0.014687226296916968,0.018061895048900174,0.005524487312996217,0.0029401999793823696,0.004775469143311894,10
96.75015902519226,0.0429429182141446,0.0027231757400317798,0.042936381520856604,0.002257295992948267,0.028210255920064962,0.009440303958539276,0.01719721004704662,0.005304923314775402,0.0027088803852171497,7
96.88018870353699,0.07144545930172942,0.004850525181356563,0.07141923070891687,0.004671175078747509,0.030015122331337764,0.025266704208597796,0.010056100548215503,0.002331076958080968,0.0030119784176616156,13
96.98576378822327,0.027324033239865163,0.007286055445185683,0.026822567071999582,0.005917879858973762,0.01414336994388798,0.017477804639777973,2.4526557410407835e-05,0.003773969386740604,0.002837497355917062,10
97.05425643920898,0.04199231664657264,0.003686952606014693,0.04199230862306931,0.003686467231116478,0.014159402952484171,0.006134476401377167,0.010028072853692067,0.006078084948073871,0.0026949334607803957,7
97.18126773834229,0.06537221746967103,0.003404265218114694,0.0653721969236946,0.0033410456664750544,0.0223926337887838,0.029374310061951115,0.010056106597579618,7.677662340995865e-05,0.004334834356442354,13
97.24904799461365,0.07047851487389746,0.008287729147562364,0.07047786944455271,0.008284465366767193,0.016595177449172587,0.015154397932357892,0.010027778171356944,0.0012236883700717893,0.0025808711884505895,6
97.3855242729187,0.08555201433708437,0.01594232958215543,0.08555138003396885,0.01594224873842083,0.009328940341638215,0.016800832125200504,1.645999691862376e-06,0.0002030192979658038,0.0033065489033227502,14
97.48473477363586,0.05004427013778067,0.010592290645242544,0.050038669135695726,0.010549947661286304,0.03165247995011315,0.03033959598520096,0.00991608520771949,0.007906115649282909,0.004370274371339818,10
97.58145475387573,0.0010187105126848006,0.0017562325507072055,0.00021137036853787847,0.0017417413105148317,0.011810690179930645,0.027532666311357448,0.010000657581308215,0.004606845751696045,0.0042492047824947594,10
97.68452429771423,0.012162135377630598,0.009581141307202126,0.012162117642604782,0.00958114078999922,0.06669416468187908,0.06003340515196989,0.000183097477193016,0.0015444242840590462,0.008295645624207103,10
97.78642535209656,0.006766006597492614,0.008320943632707705,0.006759219396382661,0.00830871195740027,0.019092397480462465,0.03882914032071246,4.8022373712643387e-05,0.0011261874786856853,0.0031811934145182744,10
97.85301089286804,0.03978560245690697,0.0018795586198718625,0.03976553332004192,0.001717332186730264,0.02460210917203996,0.00507669972948715,6.06655401081118e-05,0.002961978386204479,0.003948105560044073,7
97.99924063682556,0.08111372614750155,0.01831073046569786,0.08111372414302426,0.018309892726298703,0.011783926529666353,0.019048870031796578,1.7280458427474767e-05,0.00286432349953603,0.002811406785264154,15
98.06425857543945,0.09477591692744952,0.010418137411559877,0.09477590587177506,0.010418136670423125,0.02151960076917223,0.021640238191784688,2.2432704399070642e-05,0.0007549703499869774,0.003080508613490349,6
98.20861148834229,0.09843598436072559,0.02254879667300738,0.09843598416895365,0.02254664536104135,0.019118293127864467,0.0223164803948862,0.009998745661571544,0.008993496502765578,0.005290430976507744,14
98.28560638427734,0.07814525526647316,0.0060923067371953235,0.07814524635880248,0.0060923060530027676,0.03172064043714137,0.024141093151203188,0.009945414926345432,0.0061916344910433125,0.007670055132826498,8
98.38008546829224,0.017864628233372978,0.0036570107641219992,0.01783691025469752,0.003630559535543614,0.02517544729757453,0.0033491913847253237,0.00996929232954291,0.001301294318789385,0.00790473550877772,10
98.48866152763367,0.01682212947896483,0.0012154437666374444,0.01679191247268788,0.00034777332339144243,0.010035324991769203,0.01030943525708502,0.00999999717525971,0.003283950380022032,0.004086535051409068,11
98.58947372436523,0.006141590756963969,0.0022412719475319097,0.006141569271169385,0.002233159365114016,0.01837923010333707,0.021802406721592855,2.7787646255405317e-05,0.0015075142819821255,0.0050761881300398545,9
98.68081545829773,0.017261620153052867,0.008978178008941165,0.017261618438715064,0.008965593902595537,0.010000000026224382,0.01043350734827393,2.9541192663489075e-05,0.0006747728972992551,0.004393424243004586,10
98.78089165687561,0.022217749246328668,0.012001087097948109,0.022195753309675915,0.011960493949542721,0.024484207200322624,0.020868535667412404,0.009972103674597619,0.005059566662180243,0.0031557471988194253,10
98.87990045547485,0.011915240127212475,0.0127571755515482,0.011915019278156042,0.012755976818913535,0.041260189390927036,0.04124519537788077,0.00990519651706474,0.00738283725379803,0.006327196555760398,10
98.98995089530945,0.020013690188458468,0.007929350067969718,0.019988283526538454,0.0078319894118841,0.013727690775150176,0.022382184639245854,3.0402841566687473e-05,0.0008131620404149619,0.0018799029978825233,11
99.04703187942505,0.06405169605398667,0.006837704590162773,0.06405166426220937,0.006834658114672459,0.025505993389394025,0.012568943116745616,6.653786747625664e-05,0.0032310954940701444,0.00516211206263354,5
99.18504858016968,0.08882331422294042,0.007506649815005266,0.08879935425142754,0.007365524863334313,0.030030120392250413,0.02079383564793381,0.009925255413663079,0.002981033707371957,0.0033591539570512574,14
99.28554034233093,0.04034742773574377,0.00351866267684808,0.04033566984570589,0.003450878686851642,0.018884605120741485,0.040275879080291566,0.01003155823461709,0.001524517381054603,0.00490346666187634,10
99.38519215583801,0.003251849260514165,0.005364726767774591,0.0030773139944223152,0.005207478782461191,0.02610038623710376,0.018478908983375054,7.703947236205484e-05,0.002402089524784137,0.0016556520128452159,10
99.44756269454956,0.034583678011126995,0.0036644639558147418,0.03456854161544611,0.003490957981326934,0.010239306559384986,0.006718713961231563,5.3007339326767435e-06,0.0019040713320523763,0.002543591884115318,7
99.59577655792236,0.08108306428442245,0.016177510558647135,0.08107531268818782,0.01589619094971701,0.04610038622129102,0.05661943063420477,0.00012720728073663734,0.0004186512971423375,0.005497368750734578,14
99.65209937095642,0.08462421039251347,0.006594570432621848,0.08462419294248984,0.00659277794014837,0.02040003641748847,0.02619101387373551,5.558491435027743e-05,0.0013054893631659317,0.0034982408481450305,6
99.78494691848755,0.06831092224351161,0.022750169667595427,0.06830192709270103,0.02271459733034374,0.0408000728350121,0.02377140109912148,0.00011231030668034662,0.0035492628811521825,0.003322329330882011,13
99.88554549217224,0.028179633861534104,0.0027108687907514578,0.028176535296985643,0.0027025841396633395,0.004020134811322012,0.03322568685588124,1.4258501952535803e-06,0.0006319498454314923,0.001478274012410564,10
99.99551033973694,0.004305246372593822,0.007492198131982004,0.004300074210276508,0.007479148897517915,0.014142135651847645,0.012955867077309467,2.747223990941981e-05,0.0016130441360905684,0.001521753336894108,11
100.05279302597046,0.058206241197037475,0.007054656610644103,0.05820475708577658,0.007046685654471733,0.014142135651818974,0.0027988748951270487,2.941049865907356e-05,0.0018035301091854947,0.0018411710131266607,5
100.18746995925903,0.10253921888653218,0.03172179944296108,0.10253921560265904,0.031720146847364156,0.014142135651819099,0.01848960722677813,2.766517612217413e-05,0.004680874713356238,0.002520717624313538,14
100.28495597839355,0.05137752793712381,0.011154848318334786,0.051377521533669944,0.011154437597173952,0.014140901449213634,0.012307826672611388,0.009998106788590677,0.007179953474305539,0.00160262621147105,10
100.38705134391785,0.002996484060141264,0.004686465635587842,0.0029963637275718298,0.004665136316568519,0.014156937485982226,0.009616292384883785,0.010027480995059837,0.009108977853429224,0.0017150350053678778,10
100.49374556541443,0.002485495005721318,0.006759014967244531,0.0024854949338190793,0.006758316422921219,0.014142135633119524,0.01289451477214173,0.010000147890092513,0.0039007426695190695,0.004055863166662081,11
100.55997443199158,0.03009598550738242,0.00873129899965778,0.030095980211678596,0.008731199717491398,0.02236067976444247,0.007106298409754257,0.02000018423197479,0.005197119630956417,0.0017343010510434765,7
100.69422030448914,0.06697343319528273,0.012558656349283043,0.0669734280528809,0.012543780621273289,0.017309924361481356,0.020026127079709542,0.009972337577118002,0.0034174034301812945,0.004531943640299184,13
100.75176453590393,0.08582395089321482,0.0059386570421806175,0.0858239498412587,0.005936552687900196,0.014723612906505206,0.006905514549057777,0.009986758739074392,0.00023200645749422104,0.005281773455095978,6
100.88830733299255,0.08629386804318856,0.00831603427680235,0.08629386540490544,0.008315928420324756,0.015588051131680306,0.022654671441482362,0.009977270827269229,0.0009280623394368505,0.0037526735527569047,14
100.98809599876404,0.03978092882493519,0.003462595178377605,0.03976861057839822,0.0032549406811869523,0.008461901822072461,0.01812578117493991,1.3568355682204406e-05,0.002819373964481342,0.003614565312464788,9
101.05674338340759,0.026678367301240503,0.0043642548895845784,0.02665952934635162,0.004295427983531855,0.003974402819303949,0.00818585661541687,0.003753139556332692,0.002475460886561054,0.00474402487865028,8
101.18308568000793,0.0540760885680645,0.011900843790536039,0.05406532591277088,0.011842064122577305,0.030936377428250256,0.02389498162723586,0.007588815645720494,0.003983471711116829,0.004884721046440421,12
101.28421068191528,0.026379176414595702,0.0027024115352068064,0.026359196489532624,0.0026590971606550535,0.010686717847052215,0.010906652377877276,0.003780840572649794,0.001402744749266395,0.0036192663364470984,10
101.3862247467041,0.0011069376287724782,0.003143123458865214,0.00024923097281563813,0.002926917637386436,0.029999999672763168,0.02141771732657173,8.22286466090575e-05,0.0006791161621395116,0.005010083955442254,10
101.48505902290344,0.0034474283016509436,0.005062255939093274,0.00328286657092283,0.004876210019576086,0.02237472501151952,0.006070741720670953,0.010054646907681998,0.004889100969373379,0.006602574835795691,10
101.58895611763,0.002529984872494572,0.009670810569248036,0.0023665264421152475,0.00965810856945548,0.016938488581927126,0.01434900685823132,0.010769645260055674,0.006046540111682697,0.005448067138649034,11
101.6848714351654,0.00592352374285135,0.0028330489460943703,0.005515621313567795,0.0012738508174225435,0.022325122915884715,0.01786454124510044,0.018393054221084212,0.005736180372089488,0.005393214304134917,9
101.78388118743896,0.0027034251825763162,0.007140851762400788,0.001754482501722981,0.006756676419253691,0.017054373087783646,0.01423870281749769,0.010825200166228755,0.003244951145338282,0.004415055687938245,10
101.88490915298462,0.0021266560047377976,0.005118144386565069,0.0018362948082765102,0.0050884283710254125,0.025217491236977776,0.029821810040220526,6.835448283334088e-05,0.0018718971157200602,0.006231772601231764,10
101.98645234107971,0.0055548868556768586,0.0049182771383557275,0.004609672214149369,0.0039273906309741455,0.010059835282792796,0.026431293291582884,6.88540746683745e-06,0.0019295493265441956,0.0036032378881744724,10
102.09031534194946,0.003947754576336768,0.0003885428103864745,0.003933218547792496,0.00021078173207278632,0.028215090436452765,0.012866701133697063,7.561925709191932e-05,0.0020751585317316575,0.002026679282566873,10
102.1525309085846,0.03816765909801433,0.003914483964088564,0.038157649578579686,0.003914121843728904,0.008792805752705931,0.014393553935116295,2.5742504787569923e-06,0.0016576024586193265,0.003914836589179889,7
102.28658127784729,0.06589698796833063,0.017315591743167713,0.06589550953641957,0.017314126663313938,0.023572312613818664,0.024111542070561456,0.0029356539568528356,0.006411657340967137,0.004858405669267566,13
102.35661625862122,0.060212667743760974,0.0036519905465751505,0.060203592912854,0.0036202896917321473,0.016870962410133104,0.019704299763552712,0.0006799960364861457,0.0013768508767926467,0.006120591104489589,8
102.48395419120789,0.054330221790658176,0.009823944109090453,0.05433018936800371,0.00980691013771318,0.025784086579074272,0.00762719678388309,0.0127149184895049,0.0009839843613121493,0.003745142493608479,11
102.58408403396606,0.02456021407907563,0.005571367118993325,0.024367992883218892,0.004597577816302279,0.030810050996813453,0.039182988517139895,0.005024944433976254,0.0027330090491539186,0.006755372524912751,11
102.68371438980103,0.01109884382647693,0.012350416061305462,0.011097164693524664,0.012350404190776293,0.016083191179433465,0.036666176719211956,0.009974098414655084,0.002500989099670405,0.005785993493859959,10
102.78473401069641,0.01877685828272436,0.015472031091191501,0.018716227353270116,0.015407130924902332,0.017753443179744855,0.015267953790088577,4.076743627358378e-05,0.00021572099254685395,0.0019417384733437808,10
102.88401103019714,0.016698641792959927,0.01701174443760309,0.01659782149190326,0.016974364195561253,0.020297411785648055,0.010443700617327387,4.946438679978835e-05,0.002484912748509124,0.004751458418907448,10
102.98311877250671,0.006570216664385342,0.004457330437436219,0.006494370000160517,0.004258400701573438,0.00817225876080156,0.021386615125311998,5.304551539738686e-06,0.0008876142405730607,0.004005105254251114,10
103.08267188072205,0.010638677833338325,0.009348489930880931,0.010638677747485047,0.00934838856514757,0.012928564595528798,0.023494525288670104,0.009981961257566186,0.001105534019474747,0.0014623849749683328,10
103.18918538093567,0.009827070983918924,0.019400174255278534,0.009779689088091967,0.019384397637596654,0.016077511956537217,0.030621777243007808,0.01037095336758835,0.0006705249778295733,0.0052333213189377946,11
103.28289866447449,0.0011977183987881704,0.01137804946967694,0.0006798599641033912,0.011323492283927842,0.03295195310777467,0.012201474295082596,0.009330387852711603,0.004837687571869781,0.003185797804637443,9
103.38303470611572,0.0073654771814395765,0.0017185855703483494,0.007302337344120837,0.0014156084903153682,0.009622339410655333,0.015588439837528037,0.009622338938945282,0.0035413097756513295,0.004169586769386231,10
103.48235535621643,0.009605639987726946,0.010463489780336331,0.009605604220918548,0.010463083505291657,0.010000654827872373,0.008986126814154251,2.7375952687548497e-05,0.001909662728328061,0.002380272906772979,10
103.58767509460449,0.008214901563059268,0.00946926488388269,0.007880278550254211,0.00917094018521518,0.010285848560064797,0.013101678300234386,0.0032021128258411594,0.00147021388628305,0.004680570091340461,10
103.68265843391418,0.003447192715741795,0.006023218674887489,0.0033996772826867055,0.006003392917105929,0.01187211059538853,0.015160323842112085,0.006377694091556823,0.00210035864284029,0.0063046270142483535,10
103.78404211997986,0.004879385718207673,0.006859646192115038,0.004753972702813966,0.006706237257709992,0.010498632000570662,0.017950506306631867,0.003201272508409321,0.0026140025498178447,0.001654870892647924,10
103.88215041160583,0.005410500797950249,0.004330977199505225,0.005127102562622385,0.003976698820369177,0.02236380172069827,0.012737724874020459,0.010054844354531956,0.0027805042652404373,0.005118445895874982,9
103.9827229976654,0.010085318005016051,0.005733042587016302,0.010035562791120044,0.005467192569182976,0.01000000000078229,0.016769713914621277,0.010000000000788156,0.007891682365571074,0.00212948089945216,11
104.08216905593872,0.003484508862786168,0.004133128441026516,0.0033543702206132848,0.004050705347214207,0.025536184480274057,0.02141620011667145,0.00994136788691821,0.004066061691561361,0.0053798065097732444,10
104.18193674087524,0.002035524404944749,0.0029671625046528943,0.0017517208592063888,0.002922808139540003,0.012480695824018423,0.025828479440395683,2.2036755772775628e-05,0.0014101789582629644,0.0013229298750204537,9
104.28179240226746,0.002966523055358319,0.002363368082165865,0.0027937181023947495,0.0022817623314756214,0.010079832963203833,0.02745897020733336,3.0237185785658064e-06,0.0016419292681829141,0.002746315516308702,11
104.38205099105835,0.0045236688953453775,0.007495921721922744,0.0044217307274327785,0.007403424868066901,0.014142135651953608,0.019075900082931023,3.0571865529680116e-05,0.0012036360157472086,0.0025574987480281976,10
104.487797498703,0.012677270381780719,0.005113301412294464,0.012633473060809598,0.005018956542621628,0.020000000052602582,0.016309392648097065,5.5122350685512034e-05,8.884480714544597e-05,0.00390313418113196,10
104.58717656135559,0.01667602044119921,0.011922049365424039,0.016408638341439404,0.011402541422439932,0.010000000026301623,0.02558853763129111,2.7474324699402417e-05,0.0014393406033265399,0.0032726476587479213,10
104.68291592597961,0.0051479416345712094,0.007419663420182569,0.0051476687219422215,0.0074017993411892745,0.022360679811113594,0.011598859382553011,5.434980675193659e-05,0.0030991975524081675,0.003772749019005593,10
104.78159189224243,0.00416740732116597,0.008514350634532118,0.003646435884002558,0.00819563407893485,0.013592986393941034,0.008280999598074558,0.009206493981529696,0.006239522652371063,0.006394767167523187,10
104.88207578659058,0.02660778156375158,0.03893334728459914,0.02657853332095625,0.03892019020615674,0.07401436152308047,0.09454909906001831,0.001469489579074329,0.002659453509165063,0.023941145792075177,10
104.98472929000854,0.07486554159225202,0.08623760457556309,0.0748653878876222,0.08623505428469327,0.042020871471082424,0.09194509101192704,0.009115526512875496,0.004892609793174627,0.007368891836879355,10
105.08208394050598,0.03561790383231746,0.03768994730391852,0.034636515463284154,0.03706206126999027,0.24739636503909673,0.2513739627193427,0.02952475307934495,0.008479315346032894,0.03432664206209851,10
105.1818687915802,0.01129088368825238,0.011848119347355834,0.009826460722831542,0.011846522237495914,0.17494942734490257,0.08227668146530186,0.02048611655790126,0.008982790458949298,0.035020981562534755,10
105.28225374221802,0.004902417427670463,0.009420365700625667,0.000887288153369877,0.0020522622947163195,0.21633274009012862,0.21719914516691513,0.028149239702129174,0.015058712520250582,0.032829248918671325,10
105.38354682922363,0.013259683860776144,0.01711740359462371,0.01038814385526444,0.016579729239417196,0.2806233798979499,0.13165708363785436,0.013012809865173714,0.011121278335840657,0.051026420482845884,10
105.48170852661133,0.028258902792007146,0.02906991086285364,0.027396723929974828,0.028764661613409036,0.16039056796017082,0.14083152736070914,0.00025574058115607516,0.0038262529607488347,0.03807781878169905,10
105.58196353912354,0.0024945694437904825,0.0032887273694522847,0.001007392840644384,0.003282706592113043,0.25588483001253237,0.22460930241809393,0.022691870737176018,0.005288838321919829,0.0550234950114042,10
105.68253564834595,0.014214622244804053,0.017873711585275332,0.01381787285979975,0.016657488022905387,0.29726720438091303,0.23339680808481628,0.0010739431575057781,0.0005434885219623225,0.019445763920363467,10
105.7820086479187,0.008522713600161621,0.006935669489413108,0.007205616672347997,0.006904193974939117,0.2683874400844973,0.2087500219565429,0.020662256260492215,0.003028849294014208,0.023100269603599236,10
105.88157653808594,0.00346088121667503,0.0016997014888500612,0.002450540889824531,0.0016169877611227636,0.22527799342360222,0.12578748137643417,0.0005636628190587239,0.0026986604899963858,0.035641231279969834,10
105.9825611114502,0.0014555757641405585,0.001737125007739323,0.0011469967794346231,0.0015812187758907732,0.1408857808744996,0.18369162135568703,0.010185160737542361,0.007961293444975185,0.037358563171370915,10
106.13535261154175,0.004131441472054214,0.008288923691200746,0.003377642686392953,0.006657604115027659,0.25976903021916714,0.19886142338884338,0.0092551856586254,0.004986238661261521,0.01549956803322308,15
106.19911456108093,0.007272175118154503,0.001999050410673487,0.006822100611583084,0.0013404920413640894,0.1893570533502035,0.050180871673938136,0.00962065158756434,0.0004745697565165044,0.033841287053460255,7
106.26289677619934,0.0022374132753199736,0.0028059285159412555,0.0008499170765317732,0.0021081298112033903,0.06420101783289854,0.13951813934441926,8.210899808582866e-05,0.003263148822582461,0.021675028964477077,6
106.38584685325623,0.008966270055962641,0.014628988321890439,0.008960281053877424,0.01449646254678059,0.15396772396365963,0.09755172705077833,0.010407126292122395,5.807187353891303e-05,0.03415945509196935,12
106.48750138282776,0.004193199412727527,0.005922685633041048,0.00419309268623795,0.005909023002158476,0.08097326497885682,0.08637572941785061,0.010002392894105198,0.0008371002772421654,0.007097420891629853,11
106.60770535469055,0.009241237165410851,0.007783626641730049,0.009234504208124947,0.007760189260796333,0.14626655639762476,0.13187517701537887,0.010394582493557729,0.00022769478431483798,0.017978104031726075,11
106.71389532089233,0.003288190012057645,0.004694188218019479,0.003222163903738178,0.004689846910416733,0.13432138851336012,0.05825525920751467,0.020333005095317262,0.006671267006004673,0.012455879841874636,11
106.76852512359619,0.003770823316886997,0.0025664199355837523,0.0031953091726586503,0.001998699061778268,0.016029302577221995,0.06066762369823552,0.009991667104998344,0.0031850051008194356,0.010424837979332243,5
106.88589715957642,0.0037525927901142673,0.005284690128305647,0.003075787782465407,0.003468006855513607,0.08250217614730776,0.05135305933260591,0.009703123844713559,0.005087301080606277,0.013260458791420996,12
106.94894123077393,0.003525053260151456,0.001729915563549103,0.003159928653400427,0.0015656800114023579,0.015437208223641648,0.04142710015226696,0.008982671975806749,0.004846022938212691,0.009564084242675928,7
107.08405923843384,0.00404412925938689,0.007786876631095206,0.0040441264731003075,0.00777872468801078,0.0885168363530969,0.07525778809240462,0.0007489575581285467,0.00428324412555002,0.011063920777040057,13
107.19540238380432,0.003973923724102344,0.005399350882689897,0.003665450328925038,0.005269612496665166,0.07813763927381126,0.028894661156796796,0.00979666668373254,0.004229808515553508,0.013036934305123437,11
107.25254082679749,0.001783417656428903,0.0028932605553426455,0.0015118945052410761,0.002807386909615129,0.03741657354903256,0.044261956615468986,0.010057152650768581,0.003076275427206268,0.008432269384289674,6
107.38303303718567,0.014576998934807439,0.006008301707703437,0.014575978072673842,0.005985436319069838,0.06622697281675208,0.03683775755332668,0.009814396387035774,0.006289542718764582,0.010294491523319908,13
107.48130679130554,0.001803222014664514,0.004190314464210229,0.0018002437789496322,0.004172608769183171,0.04347629377889096,0.013172672072366116,0.010578578632150438,0.0023425735778456456,0.005659309111264246,10
107.60049676895142,0.009034629709314906,0.005846015496733683,0.008995117002562553,0.005558894866745421,0.03558759636276848,0.0647510885999368,0.008510056330000763,0.006187052562646758,0.010155007923281778,11
107.65251064300537,0.014511559133612814,0.0020243981895433196,0.01451126433275907,0.0019150609820913404,0.05725010778210174,0.02950019888803577,0.009149445485402424,0.000520647357627173,0.007347250147986345,6
107.78489971160889,0.03744681290946604,0.01375787188839697,0.037245003608956335,0.01351609862518085,0.010356439727959998,0.027505443258202217,0.010000441793344406,0.0033082743586684464,0.0037363601653037084,13
107.85465168952942,0.021390242315246433,0.003009167497906381,0.02131184099826664,0.002970620621546393,0.043772269538511537,0.03277297971375656,0.009908556080793452,8.671771016235612e-06,0.008389906888366562,7
107.99191117286682,0.028903971863699102,0.01220361275341743,0.028758650125258873,0.010968768022167381,0.057254375896444255,0.029245698115933787,0.010140900619927538,0.0014022148830290149,0.009777544393382001,14
108.05217623710632,0.030068851273322407,0.002880480903641295,0.030068730251844283,0.002877797410458939,0.03599209576862802,0.015972714266728246,0.010073530876593234,0.000618968526558845,0.004757640455690414,6
108.18191814422607,0.03983702447194811,0.00931283024396878,0.03982319583597673,0.009184397049620012,0.024723158141949905,0.03055833574731658,0.010057026087185143,0.0006408528635611757,0.002786612878637306,13
108.28318858146667,0.010719019295709092,0.005336333965296498,0.010718496576106766,0.005300509956495616,0.04582499521549644,0.03390934285566144,0.020110663989440662,0.006484858650571343,0.007012063385108741,10
108.37242126464844,0.0028681161169721893,0.004611652593879166,0.0027040167172816838,0.004522228100202521,0.029998836392134406,0.019466733004089916,0.010059497009050185,0.007179487830718842,0.0024020818264673376,9
108.49683403968811,0.024849815676961134,0.0063624038061785545,0.02482822864766312,0.006062284329775625,0.014142135651936838,0.023627369424147397,2.694360749825612e-05,0.0021707718324107386,0.00740811770843743,12
108.57450294494629,0.024071207334018872,0.0059126926331518,0.023983505735543587,0.0057560370597380785,0.0200000000525785,0.01398749202371798,5.498067254644856e-05,0.0019433569416150902,0.005028633133408988,8
108.67105507850647,0.009816105714536626,0.007198521894905958,0.0098161056822964,0.007197371987317045,0.014142135634483697,0.025638575678801147,0.00999947132163556,0.0060955090143974345,0.003395127078706871,10
108.77284979820251,0.02614164767443495,0.02108981532989071,0.026141391689892955,0.02107355773809052,0.04472057891004958,0.038554657720994805,0.00010705123424822031,0.003888864538759907,0.0036139302623514036,10
108.87313437461853,0.008284107881197336,0.009419736466478907,0.008240081907477275,0.009393041680180292,0.05385197204743971,0.02327708430915306,0.00014184746011572356,0.0008603112227879125,0.0041499152826500315,10
108.97332620620728,0.002189249947054401,0.005467012163946652,0.0018965245929389704,0.0054052063322631684,0.03177399088359152,0.010670583044187968,0.010078673670745095,0.0014304937203076513,0.003443125429749014,10
109.0805242061615,0.023193998670746604,0.015626336923621642,0.02317282742233104,0.015620134440854602,0.01382061504706423,0.01945669907928098,5.29777614404517e-07,0.0025582467254356483,0.0016707024709218328,11
109.17330813407898,0.01600131645701477,0.00355703242731539,0.01600118120136585,0.0035567124643221546,0.021160159546909873,0.014107036729448111,5.5894085714976455e-05,0.005868702817698725,0.0025280191396629677,9
109.27766633033752,0.016682560322373318,0.006383630077586108,0.016650942651293462,0.006250807038986445,0.01414090144652705,0.01002884442763701,0.009972526355964122,0.007192764982447743,0.0027796341677078463,11
109.3826949596405,0.0016810919835246957,0.0045247998896422986,0.001351333023845044,0.004522907237033177,0.010000000000744061,0.007448963199564904,0.010000000000737266,0.004609642901019211,0.004127535319141779,10
109.4819507598877,0.0033986058658938634,0.0029839823536001874,0.003398202488491576,0.0029824487670904636,0.020000000052526525,0.03275979435105606,5.4912547711393104e-05,0.0035711287166643756,0.0058108927794158875,10
109.56864047050476,0.006630824745544365,0.008015353114918067,0.0056166658737466756,0.007179522880699988,0.017322019516866852,0.018548764039543014,0.010027862673834941,0.008370637459279717,0.0008120705156120647,9
109.66255688667297,0.003434244130480173,0.008267797616093092,0.0025660835786472116,0.007975111421041979,0.024492759727526268,0.00869594655006168,0.019974828822675948,0.007623292833532009,0.004023916148383304,9
109.77676844596863,0.04459053771977277,0.02034461870264118,0.04451487577674143,0.02002890855199862,0.02449275975987795,0.03014774017227891,0.009944802655142254,0.0028324257307572953,0.006048713805187406,11
109.8730399608612,0.03769325447389911,0.01607716941335049,0.03765861978958743,0.016037175989552507,0.01414460390140889,0.01728974374064993,0.010030755160004795,0.00018556955179285334,0.004746715705693116,10
109.96508932113647,0.017297853791738104,0.02114687555466455,0.01728933957546218,0.02114658966483827,0.026053215836679355,0.016293962108122936,0.01342866200931977,0.0032738436786831494,0.006124056083288959,9
110.10197591781616,0.05427631134339403,0.013251607985362334,0.05427631134326963,0.013251448370212115,0.003783858447465121,0.017032636722066712,0.003256509564857976,0.0032278793427224636,0.0048629913980151535,14
110.16355729103088,0.10594045318231587,0.005845720391620941,0.10593577129519709,0.005841340349807215,0.0268886583658314,0.005441073091855103,0.02662844052933983,0.00494248465373594,0.007194352362948235,6
110.2713692188263,0.07534102743146932,0.016057395916467623,0.07534102253850587,0.016040664931421707,0.014268782845062326,0.017850314191209693,2.6402005522990108e-05,0.002503388085556218,0.005302631920130358,11
110.36749219894409,0.022152006651096675,0.008060991599071395,0.022151995073906507,0.008060483068812583,0.010331853637211468,0.015226434178566905,0.009999767789025196,0.002656413439558435,0.009371136473677433,9
110.48351240158081,0.032829865898718044,0.003796895056695883,0.03281288289086255,0.0037301744422247106,0.011616417016111177,0.01857082618534751,3.160452718399125e-05,0.001495619670377381,0.008619099538087724,12
110.57274198532104,0.037259227358719664,0.0016809667239924986,0.03724630132949213,0.0015222547479165293,0.022574843502436305,0.020704536086576995,0.020006914454631833,0.007757012349799152,0.012015892803253261,9
110.66978478431702,0.013137100511198017,0.006784666691756188,0.012974087591878793,0.006294106038739053,0.027209856308898408,0.027243100065022986,5.160998321201634e-05,0.0031868450402526656,0.006512026563233317,10
110.77720141410828,0.012996661963686755,0.0037802988138185257,0.012996659527978443,0.003780286446702829,0.03162222462598743,0.0042151021925815,3.2488803723637704e-05,0.0011718547742480046,0.004455812827195569,10
110.87389540672302,0.019748149787967222,0.006272458060953218,0.01963989027028945,0.0059321265303420015,0.022363801720714616,0.036555230934011154,0.010054911245159129,0.0016274123877641647,0.005960659950958932,10
110.9693374633789,0.018082149313831584,0.018042034178534595,0.018082060942912946,0.018041446416449634,0.03316019545489855,0.033539112974490325,0.009921349763020778,0.004731625574374028,0.008403867991506183,10
111.07454562187195,0.007221223572813434,0.024640442908748495,0.007221102155647742,0.024639814010695663,0.037367267796055835,0.06706474310579248,0.00010233210621348222,0.003179066282683453,0.008032772692036477,10
111.16883683204651,0.012567234944108727,0.026325802994720763,0.012515690067273941,0.02628763001516706,0.04434158830264346,0.01207099608291471,0.010106001391109676,0.0009456045338767273,0.008303768660988305,9
111.29588985443115,0.021867494415471384,0.033932412070059,0.02186731217688175,0.03393028149913681,0.033991682193089755,0.0459872593952059,9.29032598531978e-05,0.003852868940683353,0.006124627033562945,13
111.3440945148468,0.10669866037124284,0.0025375373528366894,0.10669317998593734,0.0024890875549665272,0.03317808611631995,0.017154024699776928,0.010082678826261937,0.006110216212185658,0.005360420584432835,5
111.46038961410522,0.10604147309993,0.006079772460232207,0.10604147066859794,0.006009481491852901,0.012274069026065926,0.009677435213037272,0.0055715550010343425,0.00228328949390321,0.006533739652706494,12
111.59312701225281,0.023104610292819395,0.0052387692934980044,0.02308816840098401,0.005129449169075435,0.05063199746133033,0.0588704980264766,0.008967847570838182,0.002754407798710589,0.007548165456339617,13
111.6745035648346,0.08246945973661403,0.007160080114073713,0.08246269607050619,0.006986360357149633,0.0346991217494065,0.019565572518019124,0.004504044773709198,0.004915143661425561,0.005420340826875538,8
111.79565286636353,0.05947529177541515,0.005501736352671769,0.05946697428754868,0.00484401892866215,0.01562781073499564,0.011486019662886562,0.010026019388890743,0.004020698942557345,0.005405883360158611,12
111.8623354434967,0.08524906051256238,0.007043482423306081,0.08524905990659243,0.007039061241185817,0.004752887884887874,0.010038874653512055,0.003449693629383958,0.002502060246672473,0.004923308520888662,7
112.00048518180847,0.11094625881044179,0.01060238434969449,0.11094116100795663,0.010481845211919347,0.020512852453608024,0.03652163141327552,0.0030451464207833703,0.007394020417303853,0.0016098278689646354,14
112.06267166137695,0.1115235345721108,0.0014972577742566548,0.11152353306293301,0.0014231037373305037,0.021148524516339584,0.007861910847034298,0.006498319746550581,0.004010037619349997,0.0046555533221115586,6
112.16326022148132,0.06065613336092757,0.0033790609281037836,0.060622693248160026,0.0028779823810089764,0.011473408797615433,0.018819876851436056,2.7725994612459765e-05,0.005581046736756788,0.0014371722398390547,10
112.26586294174194,0.00955139050629522,0.014498613906193523,0.009046470103392022,0.014352368802806232,0.03004343488117792,0.017042683368842935,0.019938734808517777,0.0028581248602851193,0.007957616807964973,10
112.36551976203918,0.005046752368068716,0.00687349702068743,0.004959529107247064,0.00686278076921451,0.030166832385240788,0.0479602407095757,0.01639433433071218,0.00600628164639457,0.007852041458392219,10
112.46448874473572,0.012356104956422136,0.01390901702640724,0.01235547358465552,0.013898690457828261,0.04779576433061525,0.01081725882384956,0.0027963823856340855,0.002392337304457613,0.005277074144970344,10
112.60165858268738,0.051927520889720975,0.00484681941127467,0.051888791670514474,0.00455203560126296,0.014526989299810205,0.025267923888169442,0.013535780860532073,0.008621086503903922,0.004497791633577837,14
112.66837167739868,0.09174584429106704,0.004613591635569258,0.09173119155918635,0.003953819199539486,0.029159621274582086,0.019279710589953918,0.0033760708040483714,0.0047458488343303604,0.0060126419734489725,6
112.77968883514404,0.04024651808808785,0.026409049968385685,0.04022395447723602,0.026248087139261585,0.01720181436074738,0.02107990172573144,0.016646978077401006,0.0043586819948451235,0.013307568731415375,12
112.88494300842285,0.061262804996642835,0.06595737634698838,0.06116627266860169,0.06595575830001177,0.05471138401886961,0.09363741243514409,0.0066008680589072,0.001983322385199303,0.017881552491917113,10
112.96113777160645,0.07373548115750796,0.05773054385014053,0.0737085263730375,0.057729230523601516,0.11697278283231062,0.06346099680207375,0.009968113879022553,0.0009422331615372606,0.022690683288805243,8
113.0769293308258,0.049739408994769,0.05609479590686481,0.049462413771684366,0.056048153587375395,0.09741055561661344,0.13169186134920824,0.029733791900876782,0.008973854160894872,0.030016864299752234,11
113.19606709480286,0.030698213418632582,0.04637850405583399,0.029318866751189412,0.0462833245997694,0.05962164897380486,0.09285360543757991,0.013259974575958086,0.0025560369972602677,0.004720987404076187,12
113.26645088195801,0.039516213898262695,0.03160407304880251,0.03948114334448804,0.031474880237617374,0.14084833622931858,0.09867777860422222,0.02139763585659475,0.004605707254184042,0.03235430995028232,7
113.36130690574646,0.007340617889805965,0.009186161103317029,0.0026054824529510145,0.007707747377723027,0.056198507700383496,0.1440791020065312,0.01566985337034999,0.0023706459182731435,0.018931830031026504,10
113.46045899391174,0.03206331270868568,0.038236714890193715,0.031119195423518847,0.038226919318579064,0.1276914987976496,0.026227219494452936,0.0041517725348767616,0.0007722712544957221,0.02211853347569908,10
113.60771584510803,0.015870117006699755,0.01904033590183113,0.015672284405512427,0.017693757587740652,0.14876037185343885,0.23840620867345988,0.029623012430710503,0.0105578213859188,0.00901631961491973,15
113.65651154518127,0.0281110710842426,0.011970851964944705,0.02810821141553592,0.011873853717761992,0.21134152903551678,0.051712515761337875,0.01931492182434508,0.004646975257654281,0.018262232946798556,4
113.79577732086182,0.017927915136366976,0.009375305680663918,0.01761819539962875,0.009004172877490684,0.12188465092450537,0.22607458940611788,0.009647575306214507,0.00569003061309865,0.007649897064407059,14
113.84809112548828,0.024028981272381646,0.011171200934360132,0.023985623809264195,0.011147486097674214,0.18604751389988186,0.029700781816833405,0.00037596017211287354,0.0020261391890073386,0.008940140136242905,5
113.96173119544983,0.01231730912568291,0.014197088702672138,0.012188470590455473,0.013641335364119546,0.09256141398590038,0.16298062190124296,0.015177526350769494,0.006162355184463518,0.011868482153326624,12
114.06563687324524,0.011356149697964389,0.010528216291427202,0.01126422302619945,0.010496370197338975,0.13411230168843596,0.02263305619227489,0.0004203769221733169,0.006078841003426756,0.00924902524914896,10
114.19662714004517,0.011072450131654366,0.015364483900150654,0.010867234338649742,0.014541605707445084,0.05636945284189361,0.10337708361026453,0.004457107078426792,0.00291840409182462,0.0034985521077176124,13
114.26047706604004,0.006626600057344552,0.004942478687824757,0.0065120959844882885,0.004895805608783155,0.07579913872656853,0.017092014500679757,0.010169308891990825,0.004811276778881317,0.004397276961225622,7
114.3601930141449,0.006330129900928231,0.00704220619285651,0.006186840579947046,0.007020110060123437,0.04545874308239867,0.06473960859108575,0.018449195772273403,0.00924259071964212,0.008757676216454107,10
114.46985745429993,0.00750020011740736,0.006730132945609059,0.006950590082671502,0.006528982984505671,0.04489755289348718,0.010767193893467034,0.006944894741787933,0.008359550179243433,0.007188066739723335,11
114.56748986244202,0.009280238783463795,0.006528657849957073,0.009036580612470141,0.006397914677790063,0.04914862552946544,0.06281894050347106,0.0013319691949282,0.001182797782593717,0.00825849825297322,9
114.66393613815308,0.0032914689448565603,0.005434517048878746,0.0031833341859454347,0.0051894198175817,0.06966172304776891,0.019778561946764278,0.010175715355732732,0.0034243550166961666,0.009530227764166071,10
114.76041460037231,0.005648835375420976,0.00801550559821312,0.004749011243783032,0.007529613965117956,0.026199853443901338,0.05085982235792785,0.010324823510549488,0.00015617910508071347,0.005757132868618875,10
114.86563491821289,0.004701751730172376,0.0047254701371746205,0.00416431396776747,0.004332615238005875,0.07143597529681023,0.036748431853554635,0.009428839216402383,0.002790090402573828,0.008873315347705744,10
114.99934363365173,0.004581140590675673,0.00815950104330494,0.004458768485574738,0.00814733557362107,0.02892284690119445,0.014390549092360547,0.009668155928051574,0.001838445504203025,0.0062472245043950925,13
115.05462837219238,0.0015873840323935965,0.0025191102376118492,0.0015854680120974667,0.002487434335390558,0.035159123003210994,0.021747017959622892,0.010084174408591917,0.005808613061419597,0.007653218499678654,6
115.20422291755676,0.0034789248237550867,0.005725659655396544,0.003314063856527187,0.0057256023030658265,0.030582544051291828,0.006635444131291556,0.020058848923884674,0.005723401901310205,0.004219143148609521,15
115.27573776245117,0.0031220766893355198,0.0012705348563778276,0.0024304291321308293,0.000924963849350168,0.018455148571727507,0.023918233910786624,0.009957038374341143,0.0024074560311881828,0.003980775518870051,7
115.37579393386841,0.001771697674545012,0.0036478356881623104,0.0015257808650919204,0.0036200957516162764,0.03905060678863981,0.029164505833029986,0.00010495378212120558,0.0032612965777103907,0.00520823943265775,10
115.49145293235779,0.0014751130859432587,0.0029894647995257323,0.0011087624820808706,0.0029720685515455926,0.014142135651953006,0.013379554451583045,3.1396932939709755e-05,0.00340787650742263,0.002269213217054596,12
115.58409881591797,0.005110750066595832,0.006476105536890769,0.004079463268699334,0.005754288790082655,0.030000000078964802,0.02610699566391213,8.295634698617926e-05,0.0037484399956046873,0.005087600680946848,8
115.72431325912476,0.002894097236716413,0.006293989503768496,0.002752563171093476,0.006287415504863634,0.04000000010528528,0.0223168150654549,0.00011081687878177611,0.000248866919630343,0.003176088152303987,15
115.77278733253479,0.005099493988124655,0.0005282797710491718,0.004162430312254134,0.000407083130718627,0.02234818775570261,0.010299523155602182,0.009944799981389878,0.007735054959857676,0.0012370126574838482,5
115.8877489566803,5.9568016104154925e-05,0.002948459143799895,2.7517129511302847e-05,0.0026246527196600988,0.02450700740673721,0.03422966915966274,0.010055595193189942,0.0013315217247510643,0.003800311301885572,11
115.98181462287903,0.0015573674260190467,0.0010885179590461838,0.0011224800537025304,0.000958841038004729,0.03315229971499323,0.012311310496184509,0.009920100968757754,0.00683029245788992,0.0025681191945719013,9
116.08022165298462,0.0018459525239603793,0.003769385086665274,0.00155187973652182,0.0036153263414565023,0.014140901446730572,0.027374109989859917,0.010000254660448057,0.0006181671075397607,0.0008767496161246049,11
116.18700528144836,0.001398591941592267,0.0035197657245181727,0.0010293219650527,0.003410704905705171,0.02448349434293454,0.018827154120285503,0.009942696276037914,0.008449694307605128,0.0027675702896414064,11
116.28991389274597,0.001487909451158077,0.001878147629589912,0.0011251931214265618,0.0014243131519652609,0.014132259115825068,0.0033347873990815795,0.009972313044074857,0.0009278887485535573,0.0021047560155504318,10
116.3925712108612,0.001496555482537036,0.003730488468398567,0.0010893675289739304,0.0035716760866869434,0.014132259115825422,0.018030942021933692,0.00997234788481228,0.007240615582162594,0.0007817218897381179,10
116.46650862693787,0.001838299593927134,0.0015217630111559475,0.0015250893576861536,0.0009667100891142424,0.014132259115829665,0.004765077142334992,0.009972382422557345,0.00034550411650769943,0.0015661129499546552,7
116.59466028213501,0.002983388834274905,0.005258670535624667,0.00024002717394383717,0.0039850317175769276,0.01025972437058014,0.013607534375023819,2.771380397892115e-05,0.0026438577947506914,0.0008118162687833277,13
116.69888401031494,0.0015649716031695072,0.0036839611720212097,0.0012455759325585769,0.003613964432216513,0.020519448741160514,0.013242253452696338,5.506047223085104e-05,0.0013451425451330723,0.0010050351675128296,11
116.75800013542175,0.0017129193940463242,0.000854926704143385,0.0013712872851874846,0.0005102698631874514,0.01025972437058075,0.0004089018560442516,2.8080938942579292e-05,0.0002247122197220732,0.0007281065342234933,5
116.9075231552124,0.0010264901101976912,0.005823077106295762,2.6169249865096248e-05,0.005691360646209985,0.01413225911582058,0.013890197121393026,0.00997234788481228,0.008654905825505235,0.0009249974059983723,15
116.96638369560242,0.0014809476133785416,0.001250896689134374,0.0010679699774633208,0.0012148096046693414,0.014399685121384617,0.0015370921932114205,0.00997238708039062,0.0002852611232922395,0.0007862665549623184,6
117.11557269096375,0.0015241027490503674,0.006932160990844045,0.001524102735046551,0.006923864520663129,0.01142372344741212,0.00832990927374923,0.009999854576948011,0.007457890212823582,0.0012678308485356905,15
117.17035222053528,0.0017562072207082708,0.0003540512402006354,0.0017562071696556388,0.00034845496370071205,0.013993502746823018,0.00968801632514642,0.009999740785810616,6.302452807613916e-05,0.0011198436934749035,6
117.27058482170105,0.0010220912036138722,0.0028600542389681963,0.00023519203591665602,0.0025988004384206605,0.012370821222048528,0.007585971796047166,5.459866879498783e-06,0.0011535252542339482,0.0007548009910479239,10
117.37055230140686,0.0015533562109494403,0.0037002050398362942,0.0011746164449045293,0.0035789671468368397,0.011922499054662198,0.012260471868927121,0.009503331832072377,0.009041632862291007,0.0009368781398970421,10
117.47091603279114,0.0015673391935939192,0.0019327758385450657,0.0011655801954070554,0.0014820519976229982,0.02635922699858837,0.01265906197191816,0.01902294638651254,0.007648091151554287,0.0006027712254294286,10
117.57553672790527,0.003123591392499696,0.0035167577386201127,0.0023771148328658688,0.0029606222261705385,0.01379325884492981,0.0004117446425219583,0.009513944344019473,3.1546562160143644e-05,0.0006332072030884753,10
117.67266941070557,0.005866771059994915,0.004576714204118477,0.0055152832383939514,0.004139259478765778,0.010000000000762671,0.008563369522789315,0.010000000000762711,0.00784820536807381,0.0007477928409155345,10
117.77938556671143,0.0035770569974929987,0.007001176160292103,0.003434406760233692,0.006823776557795098,0.020000000001529572,0.008582938096497666,0.020000000001525423,0.008076760392102566,0.0008407093326110727,10
117.87110733985901,0.0012168416135387953,0.0009449331694958244,0.001195147904331543,0.0009434045908292948,0.012631161843438739,0.010069689820052711,0.009999799750953522,0.0010326900977317662,0.0004237678978825958,10
117.9831211566925,0.006390995102518401,0.00972802666193372,0.005319158739749877,0.00878845556617211,0.016409891236332703,0.012056158707335637,0.005577075257131023,0.0039002257182674735,0.0006063196768970826,11
118.07964611053467,0.0017360863645433278,0.0018563306661865387,0.0015555316142565063,0.0018180951671866864,0.017791644516608463,0.008010558725247622,0.011153774040299286,0.005389461198098382,0.0007662961233285885,10
118.17073726654053,0.0015400356171245948,0.0033060702823956758,0.0015400356088450618,0.003302102029986511,0.00814787892238493,0.002351971929078188,0.005576837604558557,0.0008188998253075267,0.0006585259269398116,9
118.26879501342773,0.0009884198972351342,0.0013631725809864809,0.0009820420794720338,0.001346358554279114,0.006554184761910508,0.008077989916880048,1.7140731800430521e-07,0.0012465850972977798,0.0005103400373921864,9
118.36977767944336,0.0008864135799878392,0.003448023933040688,0.0008574736386783011,0.0034454580023648373,0.006349591153154582,0.002237235174823728,1.8028712134170193e-07,0.0009330979463515015,0.00012743201860451425,11
118.4690306186676,0.00016769945527307078,0.002551451377982178,0.00012419203578730942,0.002534865084230153,0.004317325625029342,0.006030810579332038,1.1458548728696179e-07,7.412970181128452e-05,0.0006943101583150703,10
118.58199214935303,0.0038121388968084475,0.003856830749363156,0.0036784861254021296,0.003738312033826738,0.008634651250058774,0.006412986989785212,2.2269635757552447e-07,0.001338017764642687,0.0006345357952106627,11
118.66895484924316,0.00331759686308735,0.004074792008498741,0.00316336196277953,0.003978867413612461,0.0043173256250291555,0.000526794813422868,1.2106007884092345e-07,0.00018349113187605254,0.0005610332274720062,9
118.77442765235901,0.0033670680041555205,0.0057894537633579905,0.0032151140092611117,0.005610924470735223,0.0,0.0014934889693679016,0.0,0.00023178012029209053,0.00025513855915853894,10
118.87243604660034,0.001121518746310378,0.001993863873014095,0.0011215187457932342,0.0019898923567789,0.0,0.0014575943217806696,0.0,0.0010227641343133237,0.0005556768583189339,9
118.97996759414673,0.006873456220975623,0.008899892788260309,0.006800292681860999,0.008809915131525252,0.0,0.00808165783732084,0.0,0.007462577071255855,0.0023430249018698054,12
119.08027625083923,0.0022634309953568684,0.0030417217653800717,0.0020039044849224225,0.0029251369547185118,0.025590318929661852,0.022342082047409,0.01593715397667154,0.004344761000226054,0.004525327253598154,10
119.17707300186157,0.00020128503121547342,0.0021929097265977306,0.00019418151794279263,0.002090869913564519,0.02330165652887218,0.005216754711088721,0.011929715274833856,0.004113399796287058,0.0071331807744993625,9
119.27958559989929,0.0015442391672894986,0.0010505780859068994,0.0015440162089059744,0.0009115391623314055,0.010978698285920895,0.012303606629084215,0.003979901660594741,0.0061204659240106825,0.009754595275930767,11
119.38312458992004,0.0011282174338660736,0.0036208867855587698,0.001127002446717892,0.0036157110590973283,0.02239682240437045,0.01826771049914895,0.010054870471949334,0.0032821975824182978,0.0045291388895715495,10
119.4704270362854,0.001528249472229918,0.0014064577483024515,0.001528020547600356,0.0014052851953265473,0.022426931079113435,0.0066332878928742145,0.020027068204785215,0.004047653784538069,0.009180079311034378,9
119.58562421798706,0.0010592041256325202,0.0035284686090150557,0.0002628931179808355,0.003433321761119733,0.014274130204884512,0.015256816058108762,0.009972425946310828,0.005376459264854956,0.01177761559548713,11
119.67165088653564,0.0004884953764118274,0.0016641062164675228,0.0004855975425558,0.0016598390202694627,0.025224871669893654,0.020541401288239947,5.51791814981158e-05,0.004609427977275721,0.004681623149506471,9
119.77288675308228,0.0011211502807823475,0.001240354367089145,0.0011208426397916176,0.00124033156733688,0.014385071632739575,0.01275547852036089,0.009970120605852723,0.005666859664198467,0.006124468676847054,10
119.87090253829956,0.001763005052812407,0.003778885879980522,0.0014701461203017125,0.0037429214381042497,0.030008725367073056,0.01753579954489631,0.020028232766891942,0.006535887010252425,0.010848418502809445,9
119.97576522827148,0.0014176246153295457,0.003282060138986494,0.0010303908395847368,0.003007499827293971,0.014903939698961952,0.00830966319065191,0.01002601999932824,0.0039122697668090385,0.007771504183608542,11
120.0730128288269,2.5699602951187516e-05,0.0024164091281067292,1.1633454440529947e-06,0.0023780356567165515,0.01276806605003815,0.016588814907866904,2.744284804738628e-05,0.002046520939920171,0.0020761311991757984,10
120.17426943778992,0.000948406863499271,0.0027587288837442187,2.7568044086295803e-05,0.002633337448608518,0.025291129688233657,0.015311506976274354,0.009947326006721,0.006696016592687676,0.007355646303695303,10
120.27058696746826,0.0009508371206551729,0.0024268929640722235,5.1318843852875975e-05,0.0022281860596600066,0.029867574978323413,0.013338635964123508,0.01994733775624915,0.0073549517856140645,0.007274628209527617,10
120.37558484077454,0.0011252858226564286,0.003699370894983029,0.0011250857730870393,0.0036982269092382756,0.012862856155025118,0.015028313087972015,0.009976055218201307,0.002712819425651507,0.0029319259364479367,10
120.47314620018005,0.0023608353182054667,0.0022593682801646518,0.0018689659535967395,0.0017763217415624406,0.010500252295628634,0.005020334372335027,9.29327689631991e-06,0.0021671294019039874,0.0028755557441279517,10
120.57178330421448,0.007003895406862585,0.005914412824703528,0.004788589539419464,0.0032178109658409274,0.011399848623166512,0.006229574468867899,0.009984841386670436,0.00407551890276985,0.0048231345452735466,10
120.68370389938354,0.0007799821744579765,0.004465739578468435,0.0005158573358101607,0.004167069031648434,0.012639121527365611,0.0022836015573294774,0.009978590236054623,0.00031729702997278854,0.004150240921480521,11
120.77341818809509,0.006163785903487427,0.006158526657229761,0.003642063902134613,0.004504596202558591,0.014142135633197663,0.01444023123062034,0.010000254854003894,0.007181995986904985,0.0012594924714723877,9
120.87949681282043,0.0012525968573804836,0.0037924561442704494,0.0012525967511754564,0.0037785998405772446,0.015551054476020293,0.0034767168501582996,0.011909680608184526,0.002960613893590807,0.0013239933366728856,10
120.97647666931152,0.002655759218493854,0.004593035084064503,0.0020941374828490305,0.004225803905512604,0.006181075158888198,0.004673052658469602,0.006181075158911935,0.004513609875311925,0.0020819350705315776,10
121.07319569587708,0.0007965407252160456,0.0021746214645019927,0.00031050458568164995,0.0020120981217392857,0.008090537579794098,0.0024812573448658027,0.008090537579799157,0.001453630347358823,0.0017513946465518035,10
121.17114758491516,0.001414133556249355,0.003252553459135745,0.0007017201708861329,0.00303012496119237,0.010000000026309729,0.012761317267178522,2.548532666269303e-07,0.0030103815929954604,0.0013631163535551222,10
121.27182006835938,0.0013378543871687381,0.0015264292191310561,0.0011265674295337117,0.0012928292889959501,0.014142135633206739,0.008656985801913418,0.010000289591258791,0.008632368026165047,0.0001844435818977683,10
121.37211656570435,0.0024049742705058393,0.002520615042615249,0.0015239348308167609,0.0018965897212245828,0.020000000001460797,0.008751179052121364,0.020000000001449088,0.00867006077475885,0.0011263283206490579,10
121.47580170631409,0.0010003419832316,0.0029256649871959306,2.6156786411275474e-05,0.002655863144096527,0.010000000000740878,0.0015276533909270214,0.010000000000737266,0.0010480816119353678,0.0012674343776011999,10
121.57265973091125,0.0065100991100732,0.006235699824009654,0.004169823416803731,0.00406217807645896,0.014142135633197663,0.01346958956396339,0.010000254854003894,0.007780533781347348,0.0006125441714826696,9
121.67782187461853,0.001187833470480686,0.003999173538781573,0.001187833462979455,0.003959716350423412,0.0141421356331976,0.0016869584882477698,0.010000218187246415,0.0013231340744147455,0.00029016647020580345,11
121.77356791496277,0.0046258943258307645,0.004333343685036308,0.0035212963133796175,0.0033067107318428633,0.0,0.0020335445043518324,0.0,0.0018888857601383991,0.0010156907922879693,10
121.84555721282959,0.0011077112399106872,0.0021230244834221333,0.0011077111265330325,0.002113546964441307,0.010000000026315514,0.010106773505992744,2.5485329207136773e-07,0.001477499176289768,0.0003766454218555274,7
121.98014211654663,0.0031440750091041953,0.006388193062495146,0.003144074954623957,0.0062848733646885206,0.01517095206242619,0.005877206172444728,4.257109847822786e-07,0.001619127264948891,0.0010541554447886195,14
122.08303928375244,0.0014478674177550326,0.0027581131756909353,0.0010476665415577058,0.0026063444867500444,0.010341904072221788,0.004833873928874906,2.6295266362324566e-07,0.00033401977515986947,0.0009744150926479982,10
122.18852233886719,0.0010491429515759707,0.0028497026290497064,0.0010491427019738199,0.0028458010804309763,0.01211500847494893,0.0076150247541634485,3.2606603861152315e-07,0.0004934427859480806,0.0009312124627303572,11
122.25411772727966,4.302003253528138e-07,0.0010655420042697018,3.793490806350922e-07,0.0010642945434503834,0.0038881128513600155,0.0037011734056260825,8.971097978973447e-08,0.0001626347098936709,0.000644870609806682,6
122.37916827201843,0.001047445224772353,0.0039719888646680915,0.0010474450194833433,0.00396125477955554,0.01305594361379343,0.010103472758461962,3.258052585720806e-07,0.00046549527554905413,0.0010889874474851063,12
122.47797966003418,0.0010469776330765993,0.0025896841122561775,0.001046977253108799,0.0025835503811051123,0.02000000005263119,0.009857934326984872,5.444437881516815e-07,0.0005831312140021238,0.0003957439463435865,10
122.57809448242188,0.0011063021062247915,0.001386378535212611,0.0011063019731552411,0.0013748586779005535,0.010000000026315625,0.0012177619956537705,2.2011606261798422e-07,0.001183219395293848,8.499231818366674e-05,10
122.67820596694946,0.0011070066479533477,0.0036059351517562553,0.0011070066477591035,0.0036014485572975364,0.0,0.0007462376351680437,0.0,0.0006909559901402009,0.0002070437623145187,11
122.78011393547058,0.0020909400148459403,0.004167313037270818,0.0011076791247656972,0.0036875630559558407,0.010000000026315514,0.009922904784287732,2.5485329207136773e-07,0.0006731681223287299,0.0005123572161692549,10
122.88122940063477,0.001235703658460654,0.0014513798291746164,0.0011079253151883891,0.0014035383580654566,0.01000000002631555,0.0009648730862186264,2.895904960803138e-07,2.214434045209769e-05,0.00018017989599861432,10
122.97907137870789,0.0015412837722417487,0.003567977784646762,0.0015246222102314536,0.003567614706760062,0.0,0.00016554869734481162,0.0,4.3269124687282555e-05,0.00038431672346157656,10
123.0754041671753,0.001823308443310217,0.0019012409164607695,0.0015245845908495898,0.001699397438179422,0.0,0.0005891997798239447,0.0,2.269752511695828e-05,0.0001853793942278695,9
123.1806845664978,0.0011616826539077407,0.00306311900402925,0.00016583644326483252,0.0029049560881563015,0.0,0.0005390088697212123,0.0,0.00029502996542652945,0.0003144141627846057,10
123.27727460861206,0.000831235376357812,0.003093866718145192,0.0007753703299898817,0.003074548602259237,0.0,0.0009598325542070615,0.0,0.00024828943863193737,0.0005196637214320077,10
123.37844657897949,0.0002234509814669608,0.0026481224684503316,0.0001658173850906703,0.002647108805671197,0.0,0.00038515826401670073,0.0,9.379504995711267e-05,0.0005129682102707198,11
123.47913908958435,0.001491798032843793,0.0018295899629288369,0.0011070241560195723,0.0014115442774942162,0.0,0.0010911494883783328,0.0,0.0010810186221218278,0.00047452747517483305,10
123.57957768440247,0.00469097139628843,0.003910532747770027,0.004690971394013935,0.003906563524816755,0.0,0.000655054064818827,0.0,0.0003541100724076893,0.00035178274209479585,10
123.68033766746521,0.00565741269705655,0.005322602356409718,0.005568301120234131,0.005260639170824105,0.0,0.000993784665704507,0.0,0.0009313613845634166,0.00025751121980774246,10
123.7795159816742,0.006508212342570867,0.007684579363525571,0.006430896164181081,0.007597694635207234,0.0,0.0005788702236238416,0.0,0.00039930130351217575,0.00024678746091420426,10
123.87745213508606,0.0010098399667777182,0.0023593596846958305,0.000140591676839962,0.002199536845102276,0.0,0.0009383738136835798,0.0,0.0006319124276814422,0.0005386281773472274,9
123.97500801086426,0.003974006750633008,0.005562849932261478,0.0038461003747528194,0.005443261848463407,0.0,0.00016273338879791138,0.0,8.009413946789304e-05,0.00041408492637355783,10
124.07612466812134,0.0010806288160236117,0.002936590668233579,0.0010806288155822236,0.0029327912555950717,0.0,0.0009725130256727435,0.0,0.0006923703217149534,0.00027038434163906326,10
124.17594814300537,0.0012292319015697452,0.003256671766401721,0.0007148190440819399,0.0030402915906478593,0.0,0.0005993406127982182,0.0,0.00045514071905439907,0.0002556742880302846,10
124.27901530265808,0.0013249564682372538,0.0031693304382084896,0.000869181378864425,0.0030532026239407646,0.0,0.0007399189148168509,0.0,9.215895718419431e-05,0.0005244376061214185,10
124.34433674812317,0.0012756918326344748,0.0005916707048230641,0.0012756918321094315,0.0005866383350727472,0.0,0.0007401803449973985,0.0,0.00035064750219184143,0.0002412969637875723,7
124.47917675971985,0.0015246136823267246,0.003628661208147966,0.001524613681596938,0.0036169398817107196,0.0,0.0006717389546595654,0.0,0.00013293698763097768,0.00040922326217266504,14
124.57993960380554,0.0015246136823267246,0.003397017384801443,0.001524613681596938,0.0033923650319830074,0.0,0.0008216583763725264,0.0,0.0006284743281698693,0.00030275353782865125,10
124.67860722541809,0.0,0.0024168975394619667,0.0,0.0024125512282400026,0.0,0.0011019710475965627,0.0,0.0009528374080878504,0.00020594284322110004,10
124.77800154685974,0.0,0.0024442840887992493,0.0,0.002439497644159907,0.0,0.0010166641803107655,0.0,0.00033020518639343137,0.0004107077438634492,9
124.87723731994629,0.004485124427767197,0.004545694858524274,0.003334064930428842,0.003274422446527931,0.0,0.0006219056486124282,0.0,0.0001380909290672187,0.0003870034327984487,11
124.97968125343323,0.004877778342392738,0.006609772290627764,0.003846101764537126,0.005921253828514091,0.0,0.0007522396138554527,0.0,0.0005759585751965577,5.219284274781451e-05,10
125.07580375671387,0.0020625751470217378,0.0010942247975621894,0.0019310491596817208,0.0006281137380756023,0.0,0.0009185806307809712,0.0,0.0008660280421764612,0.00030128214700876594,9
125.17993807792664,0.004090404457897926,0.0046232727775008834,0.0017357232653733299,0.0026072492611252706,0.0,0.0005444087127501845,0.0,0.00043677207905742693,0.00047714438830000693,11
125.24654603004456,0.0020697076647566873,0.0012826013922162909,0.0013710709656619639,0.0012774799704399346,0.0,0.00048688455500298783,0.0,2.3960680754813083e-05,0.00013638582715462888,7
125.38032603263855,0.0009098931837929827,0.0065523902128670625,2.7627112164299086e-08,0.005527643170548933,0.0,0.0013244659862027398,0.0,0.00019703185922473877,0.00020861391894479755,13
125.4784836769104,0.002258276269192486,0.0034432622467236345,0.0011070423077918644,0.0031911882757572774,0.0,0.0005717168216814842,0.0,0.00026620037602214156,0.0002731017973347292,9
125.58075618743896,0.0010005580792550467,0.0028017777688336795,3.3430646373126894e-05,0.0025489139885537513,0.0,0.00022977662363734582,0.0,0.00017772438319866996,0.0005709504906927078,11
125.6768491268158,0.001425415010766344,0.0014567822296754859,0.0010408653282517864,0.0012296405194126775,0.01000000002633426,0.010445039671681535,2.7652115950430042e-05,0.00042886795916211143,0.0001666371951358855,9
125.77641892433167,0.0010746138852880875,0.0035723921778955297,0.0010742991226483064,0.003570032369472312,0.010000000026333866,0.0005423716526768035,2.768685236566143e-05,5.9399969589587335e-05,0.00041359402308882494,10
125.8762526512146,0.0032090180777098643,0.0024335096410804625,0.0030491979161618114,0.0022790655084802313,0.0,0.0006804132715997603,0.0,0.0005000932154853844,0.0005554595539879673,10
125.98127460479736,0.0008855865903696965,0.0031993575861095614,0.0008855865902014623,0.003189470468370824,0.0,0.00040605488907544373,0.0,0.0003770935840706072,0.0002435038688586491,11
126.07809352874756,0.0019041349454498762,0.003210028858834531,0.0018708672792736314,0.003180583341362966,0.0,0.001032515288942413,0.0,0.0003059010153001287,0.0006022331797535176,10
126.18251419067383,0.0018428643130176433,0.004382361991192375,0.0013147186595200912,0.0041083952147378585,0.0,0.0006054127164475758,0.0,0.00043496937488674177,0.0003852620023305694,10
126.27781677246094,0.0013803086818095554,0.0017828620725380928,0.001219962250453124,0.0017271103172547275,0.0,0.0003795896924521902,0.0,0.0003184898129630945,0.00025047732964886374,10
126.37886619567871,0.0037007020319357463,0.002410418866934649,0.0031136535145061556,0.0015775647642362403,0.0,0.0008660078858149046,0.0,0.0007287472633107051,0.0005840951807585886,9
126.48060965538025,0.0012819626484907207,0.003278399159452286,0.0008021531057220569,0.0030528700190006063,0.0,0.0007080817278171964,0.0,0.0004157334555651186,0.00010388444477987754,11
126.58064723014832,0.00460222592150522,0.006441027667662263,0.004492238945333963,0.006340572333594642,0.0,0.0009117015418314987,0.0,0.00039029622860898444,0.0004977906151642788,10
126.67982530593872,0.0015246151186471691,0.0015827712623920724,0.00152461511862709,0.001575589741710567,0.0,0.00045979267092612406,0.0,0.00043579522761388894,0.0004057898895720522,9
126.78157496452332,0.009935142269562785,0.012183035766127927,0.00972639737067605,0.012041575144816314,0.01000000002633426,0.010174576017364064,2.7652115950430042e-05,6.736931006642311e-05,0.00034941321815111205,11
126.88619709014893,0.0021445629491817376,0.0006655377175199508,0.0020522773707116098,0.0005392018703888109,0.010000000026334816,0.0008965024282986426,2.761737872097666e-05,0.0007355620164600711,0.00047222023193022137,10
126.94924688339233,0.00410191765835375,0.001123958402726916,0.003890562204601841,0.0010821020506071777,0.0,0.00040114972479535655,0.0,0.0001705955758970579,0.0002883400606843972,7
127.07935523986816,0.0006511106878625193,0.002530178544222954,3.9432313576760334e-05,0.0023032536740028135,0.0,0.0013933943118304632,0.0,0.0005121351628253043,0.0003360551588533209,13
127.18015241622925,0.0040511884678220604,0.0010978057566173305,0.003925849636866637,0.0008264229141965549,0.0,0.001211371330645289,0.0,0.0005114257515790452,0.00045294992587182936,10
127.2809886932373,0.0013792494173355775,0.0037384709571221322,0.0013792494173354513,0.003735184767582482,0.0,0.0008279750117008279,0.0,3.3255289718322466e-05,0.00045162101985295476,10
127.38354778289795,0.0005971139145387078,0.0026263892885711394,0.0005971139143526815,0.002619893834417606,0.0,0.0003615757729824001,0.0,0.0001860549344871253,0.0003873477693414934,10
127.48018765449524,0.0012949395779782962,0.0027066614170338393,0.0008227453505004798,0.0024855618216392352,0.0,0.0006800254315316374,0.0,0.0002904998331517397,0.0002290732863576121,10
127.57859253883362,0.0,0.0023973870298365616,0.0,0.0023924614826963896,0.0,0.001179011147543705,0.0,0.0008353037644664454,0.00023390130940193212,10
127.67854070663452,0.0011070062353957513,0.003559639358249772,0.0011070062352057746,0.0035560156210215736,0.0,0.0003170035364835496,0.0,0.00015507711069301218,0.0004325615447533982,9
127.7999119758606,0.0034978751646698486,0.0058823675849174325,0.003412974760760401,0.005793506227460579,0.010000000026333992,0.010061881673231762,2.7617378746421097e-05,0.0008134434851797253,0.00015571897480571223,12
127.8499264717102,0.0008157317725752982,0.0030789988164613294,0.0005957814718076793,0.0030781614785008243,0.010000000026333644,0.0005527807818086391,2.758264067730128e-05,0.00039193623153038374,0.0004940164240996312,6
127.99195575714111,0.006585981636132533,0.0032629792147067737,0.006538158287364083,0.0031774051122745446,6.3667372755238315e-15,0.000877174643921821,2.5444437451708134e-14,0.0006515073132081908,0.0005377390801127474,13
128.05302929878235,0.009552680724962724,0.0030788154695179674,0.009500164427627805,0.0030560137976318033,0.0,0.00039247203678604165,0.0,0.00021173427027816667,0.0001478258177585247,7
128.18624830245972,0.005308936782058171,0.005266249063702856,0.005218824243020661,0.005221210557820431,0.01000000002633408,0.010101987607604238,2.7617378746421097e-05,0.0005931750653413903,0.0003872292156604236,13
128.25667905807495,0.0017758883671969978,0.0012016222848359758,0.0014845995083768544,0.0010447728411718663,0.010000000026333833,0.00033963324546535826,2.7652115975874482e-05,0.00010619119513824617,0.00020294711375762854,7
128.38605642318726,0.0018546323020856852,0.0057067840211848355,0.001561919068427443,0.005658879128787215,0.0,0.001167052320328056,0.0,0.0005438740361555963,0.00030633731090848153,13
128.45259714126587,0.002501512638676232,0.0014818223030670804,0.0022929080597798145,0.0013628976828435697,0.0,0.0006875888402128146,0.0,0.0006356261492527121,0.0003285085136955906,7
128.5848753452301,0.0012297523201035782,0.0058699845667809685,0.0012297523195270608,0.005862799069297639,0.0,0.000617992576243459,0.0,0.00019801052231222332,0.00032701022948195197,13
128.68157029151917,0.0011070060938208524,0.003429597587157394,0.0011070060936486895,0.003426910452942299,0.0,0.0013991034360791939,0.0,0.001002103403692828,0.0003386261594831339,10
128.7840118408203,0.004006057970333821,0.004326425112316628,0.0026549925837199297,0.0029349702077421562,0.0,0.0006249353601963571,0.0,0.00037965331010113366,0.0003611586580216092,10
128.89663863182068,0.0015055606928639413,0.003455554017737891,0.0014567478352903894,0.003422311591791825,0.0038022599897630568,0.0033858732471218566,0.0038022599897815624,0.0033740895883709677,0.00024543094013772455,12
128.96027660369873,0.002568151051309709,0.001116236769647839,0.0022492345924708724,0.0011154072652322289,0.003076619417544203,0.0007380528107589873,0.003076619417553398,0.0006858325388242472,0.00046625582772688356,6
129.09110951423645,0.001263381543106083,0.003510142913856631,0.001100923720260056,0.0034650522936509817,0.005253541134190949,0.004254968402452001,0.005253541134212446,0.0041390693512872315,0.0005780494503737006,13
129.19621658325195,0.002332476847092795,0.003878996810845176,0.0012002406133821922,0.0036081783231834462,0.0045279005619816605,0.0003350017026417372,0.004527900561958838,6.128138388841884e-05,0.00032194648937643503,10
129.29677557945251,0.0015246139986771605,0.0016216999560296024,0.0015246139986713444,0.0016125360119565724,0.0,0.0004954322865919086,0.0,6.997391723483736e-05,0.00027281547208128914,10
129.35845589637756,0.0015246148219449135,0.0019640898455126647,0.0015246148219372835,0.001963405293214629,0.0,0.0005918549700543473,0.0,0.0003109943070699266,0.0001723526929775215,6
129.46276950836182,0.0015246146395073278,0.002253129737286841,0.0015246146394912133,0.002247216515182571,0.0,0.0006099424133799002,0.0,0.00023348962349850063,0.00014276970109544844,11
129.58919620513916,0.0014917980416384701,0.0054144638832531265,0.0011069874640252456,0.00526518105643919,0.0,0.0002676552687754812,0.0,3.504117626085172e-05,0.00043592429064948844,12
129.66322422027588,0.0018233091765636918,0.002750783024457652,0.0015246110500093469,0.002705755636794195,0.0,0.0007117603597663467,0.0,0.00029164035604096355,0.00033716592232114096,8
129.79105520248413,0.0015246146678237894,0.0026242045334897426,0.0015246146678025172,0.002611228218328696,0.0,0.0007273406297924311,0.0,0.0001497005940910512,0.00041039276212652333,13
129.86746859550476,0.0029862198788847185,0.003846498876828909,0.0015095448982780388,0.002780695201295902,0.0057658868875751544,0.00560291921668134,0.005765886887568098,0.005599251217054764,4.8657855791355775e-05,7
129.9990770816803,0.0015600515632013406,0.004475026861974244,0.0010798646128062635,0.0035548682070941527,0.0015317737744354521,0.00323348916533284,0.001531773774449818,0.0032112100866536824,0.00027432596520464154,14
130.06280899047852,0.0015471396346170491,0.0030450887913956184,4.9904997407496434e-05,0.001925811235148558,0.004234113113147513,9.500433572112764e-05,0.004234113113143725,1.5493731327954293e-05,0.0004630506488606634,6
130.2005341053009,0.007291156078112592,0.007416138895525393,0.004173399328372589,0.006865445604185192,0.0,0.0013289138820094175,0.0,0.0008608676314156647,0.0003004612877905787,14
130.2698037624359,0.00991834862999976,0.0038851360915332874,0.005895991996900778,0.0017905939266989117,0.0,0.00034223492755222667,0.0,0.00011792006312776331,0.0001854934784875781,7
130.37010622024536,0.002349299947632319,0.0011471372004601351,0.0023492999466658893,0.0011123197982162412,0.0,0.00037651450925372593,0.0,0.00013180322443822942,0.00017100671582534398,10
130.46787309646606,0.00239601608320282,0.004539668468713321,0.0023960160823076992,0.004536753442235727,0.0,0.0007073755187759031,0.0,0.0002239109372123958,0.0003994805020283645,9
130.5698161125183,0.0034093823597645114,0.003424957112683451,0.0032594483869190167,0.003310132601596208,0.0,0.0008940817596023197,0.0,0.0007899757059504513,0.00022384054765331451,11
130.66959524154663,0.0024933040067591354,0.002511408474141329,0.0024933040065019466,0.0025044359076911147,0.0,0.00013979819438175343,0.0,4.24505783557941e-05,0.00043904269935245263,10
130.77468252182007,0.0029116633060668378,0.005022222809356721,0.00291166330569092,0.005019589287211048,0.01000000000070908,0.009523032297898307,0.010000000000711821,0.009488995558840547,0.0002848484920277576,10
130.87150120735168,0.0005728273868170882,0.0028147517085700294,0.0005728273867336675,0.002810487110907518,0.010000000000721798,0.0008434475026614085,0.010000000000711821,0.00030459518231800266,0.0002895781434772911,9
130.97125935554504,0.0038845320709020846,0.004027297770917,0.00388453206917232,0.0040247199629413,0.0,0.0004011186103506318,0.0,2.6063321791401784e-05,0.0004550592385120711,11
131.0678813457489,0.0014787484276155768,0.002461590966039979,0.001089335993947466,0.002185120710578146,0.01000000000070908,0.009195670711259358,0.010000000000711821,0.009194301731353305,0.0003593155318200306,9
131.16947221755981,0.0010078464280313076,0.002684996511378112,0.00012549147400642174,0.002535660277222909,0.020000000001416284,0.009687637941009202,0.020000000001423643,0.009664557468255293,0.00038168854388998365,11
131.26904582977295,0.001225191983527029,0.0035184207566845713,0.0012251919830534809,0.0035145192668077094,0.010000000000721798,0.0007434506158093309,0.010000000000711821,0.0007054918941689444,0.0004072714944006696,10
131.3805012702942,0.0024692567337645326,0.001565087569309581,0.002469256732905225,0.0015554006381318921,0.0,0.0004874967681635889,0.0,0.0003944947766591236,0.00019533327873286321,11
131.46689462661743,0.002282436681383841,0.003297547962214212,0.0022824366808182274,0.003295564243128488,0.0,0.000531460553663684,0.0,0.0001693573906158962,0.0005762422572043619,8
131.56588053703308,0.0011845515966766266,0.0036948222385027327,0.0011845515966432236,0.0036919900607602424,0.01000000000070908,0.009544562964433307,0.010000000000711821,0.009544527434311846,0.0003053513571336686,10
131.6662847995758,0.0029751416301881223,0.003887651484317202,0.0022025556293033054,0.0034149494687480348,0.010000000000709084,0.00036308265413192027,0.010000000000711821,0.00028110127577346447,0.0003294354968891216,10
131.76700091362,0.0019005520856351296,0.0031262214252753984,0.0016161739355977315,0.0029024766039796915,0.0,0.0008126187364711695,0.0,0.00033648589301334386,7.113831718667686e-05,10
131.8729064464569,0.001448788434955474,0.0031730402963354547,0.001048301341198828,0.0029253501164772317,0.0,0.0006897556106028748,0.0,0.0006384246542300609,0.0003531615511214934,11
131.96648335456848,0.0036232795178045797,0.00165149723649342,0.0034825399803725555,0.0013969154743764644,0.0,0.0006204669050952753,0.0,0.00032077804478501177,0.00017343082075406876,10
132.0672926902771,0.0015639250815280066,0.003977568326106874,0.0015246251964718223,0.003975807114717954,0.0,0.0009845689541591982,0.0,3.0274266753133998e-05,0.00022117011146488834,9
132.16642665863037,0.002546858962796995,0.004819676146343961,0.002449657066284529,0.004746262530451539,0.0,0.0005711904917711787,0.0,0.0005698288309583795,0.00030310606955268147,11
132.27275681495667,0.00034844245416390697,0.0027907104371347404,1.0405775311421794e-08,0.0027876605683602434,0.0,0.00046743114521824333,0.0,4.366929469841743e-05,0.0003118346115601405,10
132.37170958518982,5.986770032712709e-05,0.0024261573996059056,1.2088622442020113e-09,0.0024214382595127296,0.0,0.0017467534816448848,0.0,0.0016960631537185243,0.0004209181344926981,10
132.46598196029663,0.0016516107043240465,0.0028350222811305936,0.0010483577932874843,0.002483195682636928,0.0,0.000357750095946744,0.0,0.0001107873357034508,0.0004209132379097551,9
132.56863021850586,0.002024654111606431,0.0032040522020582887,0.0010483691177776862,0.0027831358682569377,0.0,0.0009168891063377526,0.0,0.0003689506062234911,0.0004441997193518998,11
132.66588521003723,0.00290001034678759,0.0036265691801129854,0.0012764715735185058,0.0025841647695684445,0.0,0.0009744561072235249,0.0,0.0005144273377462491,0.00035263917537906416,9
132.7670488357544,0.002051361267300959,0.003478492706375066,0.00045621219842258793,0.0026062603402226257,0.0,0.0006156516072533319,0.0,0.00038062803449147846,0.00028382648684397674,10
132.86945605278015,0.0021616665186791127,0.0035232676708982506,0.0008202946881047711,0.002773912957936407,0.0,0.0004969032255926249,0.0,0.00023377174129407907,0.0002837196645265021,10
132.97086930274963,0.0014487878867359201,0.002930223588476106,0.001048300021713489,0.0028102174207227095,0.0,0.0005104681745490298,0.0,0.0004906290880462405,0.0003444029499655343,11
133.0798180103302,0.0015246139487298692,0.0020626002400577883,0.0015246139487167466,0.002044755768229138,0.0,0.0003116045505807639,0.0,0.00020703012759219915,0.00017485096064424397,11
133.17212104797363,0.0010483247911204075,0.0022797155537335237,0.0010483247907960434,0.0022796073197468535,0.0,0.0009964516907577652,0.0,0.0006148223739996397,0.00041286008157820424,9
133.2715756893158,0.0014434608227142194,0.0029737432980137357,0.0010409251362884116,0.0027048343948282167,0.004009109847010414,0.0033588634705533898,0.00400910984699486,0.0033450473007208123,0.00016883838709093896,10
133.38099002838135,0.0010000090442842315,0.0031669372293413453,4.029716095367765e-06,0.003058932252307046,0.0015212408859282805,0.0051950143114973205,0.0015212408859080618,0.005190685404432584,0.00026028566530417234,11
133.45596027374268,0.001000087756132087,0.0012876765092045207,1.3183848428608917e-05,0.0010261931443368837,0.005069811312165387,0.0003851107396804198,0.005069811312165214,0.0003187255906367416,0.00026066257946644953,7
133.5858597755432,0.00212290162607337,0.0062367758052424395,0.0015240958409374588,0.006116412177628519,0.01046053942147497,0.008982340676299203,0.010460539421474974,0.00897698221703543,0.0003513334214666764,13
133.6635024547577,0.0015084255437962388,0.0016255452000764408,0.001088419490903598,0.0005295041186671803,0.010000000000709084,0.001020855612306248,0.010000000000711821,0.0002560735177016874,0.00024307931108372824,8
133.7836525440216,0.001975781158962658,0.0049380814259130795,0.0015246090009759712,0.004003512849469118,0.0,0.003747512932251582,0.0,0.0019175507971597877,0.00043961494565619296,12
133.8899528980255,0.00047654152376739423,0.003112026424965188,8.425462815252699e-05,0.00309647707760891,0.0,0.003139675312794429,0.0,0.0008166930350486718,0.0005588435719804951,11
133.99333381652832,0.003387736151909375,0.0030535031565621954,0.0031997966135325923,0.0027448140516730837,0.0,0.00404990865638793,0.0,0.001158173591161919,0.0016761766311744763,10
134.05320262908936,0.001411008784277317,0.0014585244287036686,0.0013898106567539234,0.001456847555527276,0.0,0.003410741230202686,0.0,0.0009096089576823896,0.0017551465438941114,6
134.19030690193176,0.008070113040434,0.005670946663715954,0.008046122330608729,0.005665557377535426,0.0,0.003832914233869855,0.0,0.0016021484961019493,0.0011630142504323892,13
134.2867555618286,0.0020431732281179834,0.0049291660524393,0.0017667793221663984,0.004843495368622594,0.010000000026340569,0.011034819774028438,2.7652115975874482e-05,0.0005902883874496069,0.0009795219664702054,10
134.3535933494568,0.003594741658723904,0.0011882166486129795,0.0034406819555024065,0.000680881344662152,0.01570045437939199,0.00402574556130264,4.345407170289916e-05,0.00010473760956472604,0.0008642535969787121,7
134.48552799224854,0.013125586804484092,0.007327632116265365,0.013085125257728756,0.006927857541580633,0.011400908706102154,0.006303459283200812,3.152315086046651e-05,0.001578729534163259,0.0016538163406680899,13
134.6025309562683,0.0022172796769279104,0.004972207705970701,0.000900254632981386,0.004618393269096234,0.0057004543530506996,0.0023586648504979324,1.5778506973135622e-05,0.001064906553738585,0.0024834074999950913,12
134.6557536125183,0.013833105377827962,0.0034102326657548736,0.01377015042671413,0.0024390663533828947,0.0,0.00042677040346972636,0.0,0.00013393153008298708,0.001777685778461291,5
134.78799271583557,0.023733371063581248,0.005473981356397684,0.02361874513608646,0.004533634815845446,0.010000000026321837,0.013911262447472516,2.902751041143895e-07,0.001587511581345966,0.0026104110887477053,14
134.8870439529419,0.005021536811059466,0.004669696513925553,0.004070939006533161,0.004277243108668337,0.010000000026322122,0.004312573001659661,3.2501157023464946e-07,0.002698173752004153,0.0013885310917420282,9
134.96073174476624,0.0029407317123870125,0.004586322325742983,0.002905580261266425,0.00458356590307979,0.014142135651980062,0.020836328184449443,2.797712744433138e-05,0.0029314464748027074,0.004132092445176851,8
135.08934044837952,0.026511393779854682,0.007420552856652027,0.026502608551538905,0.007350586856002898,0.014142135652009252,0.027519131920037982,2.924473735996204e-05,0.002742734276774417,0.000884811740203915,13
135.1900520324707,0.011468211483648513,0.004751859414732264,0.0114313736888531,0.004699175428407827,0.0331544054779065,0.01599223164126033,0.009916335188096457,0.007215168855551181,0.0011660498822804654,10
135.28747963905334,0.013349791718625697,0.01425345859930786,0.013349693429050551,0.014249383745150777,0.02563901630164695,0.016604173135633456,5.772572089804401e-05,0.002777753112920964,0.004551375991192304,9
135.3931920528412,0.0032544328633313073,0.0059002937045546855,0.0030786537503376403,0.005846106935431659,0.022445772864311365,0.041838663917702024,0.00994331416954577,0.0044931992330291435,0.003062260718413808,11
135.44470930099487,0.021197632264733663,0.009084135953255582,0.02117745919527382,0.009061025673313294,0.03308779371729258,0.009019721166035546,8.212008992678036e-05,0.001169301415535284,0.004074457886054022,5
135.5872085094452,0.059941088906723096,0.017025546317549985,0.059907883240840065,0.017025498419982844,0.010861072188116348,0.006897950273686818,1.2147329065291857e-05,0.002851770264316513,0.004207014004720098,14
135.66507816314697,0.03675799457870444,0.008239604687607392,0.036743558965218984,0.008239166589270127,0.015266693876748633,0.018623471836617916,0.010032181197496553,0.005545551040784738,0.003510391384944239,8
135.7882204055786,0.0477497073570401,0.011966585241129783,0.0477494943697364,0.011706275748780757,0.05876173829134762,0.04444442477132153,0.02015191264088955,0.006600353854866071,0.006711751310467229,13
135.89062929153442,0.015368803134938385,0.006367897357823746,0.015368627666210099,0.006353562773212268,0.03754052161125115,0.01829113760779548,0.010103518725364526,0.006999024550666664,0.002944053141224409,9
135.95817613601685,0.022573499174646787,0.00975008825227267,0.02242023007058629,0.009508999428619389,0.01897887950142159,0.023783126912940624,0.009955105467574462,0.004889402231283807,0.004710979037438218,7
136.0964596271515,0.08215341416458638,0.009527292155422798,0.08215332470303653,0.009511836814858935,0.02723935132173955,0.04092760833448328,0.020049458488676165,0.004150795163399811,0.004314028058884715,14
136.15673851966858,0.08688877521971114,0.0014147686086489022,0.08688743031041074,0.0013540828234971823,0.03345354452084145,0.004137729791617963,0.01008150239353636,0.00241380044251181,0.00229590562885456,6
136.29296112060547,0.09647911574295225,0.011111773257430171,0.09647414332794399,0.011038677939399302,0.01138479620226797,0.015036651592868903,2.815777923535064e-05,0.003071175890862631,0.002060807777252299,14
136.36417412757874,0.0771882049869678,0.0024646992504012517,0.07718137199672598,0.0022730533900924663,0.014433314063986794,0.008991858605287424,0.00997210226581545,0.006644268854817962,0.0015200288989819016,7
136.49018168449402,0.08404493645268175,0.0171540391665811,0.08403861501351745,0.01708616397046602,0.010172330225243142,0.011596441989368707,2.793748938722486e-05,9.619554678451019e-05,0.004857717240896728,13
136.59230422973633,0.020980559997753633,0.011456546849894719,0.020953025130036683,0.01141873002262096,0.03166058424918917,0.020406832718466297,0.010083766818092265,0.0072206989957177,0.00476541975756015,10
136.65556502342224,0.06568377184742498,0.010123915605134719,0.06567569264353737,0.01012320456415547,0.03202183657284133,0.04183906364780922,0.01002601272112502,0.00839097436465143,0.0044686181757647445,7
136.79134845733643,0.1127843304391894,0.015136103488266398,0.11278430973221219,0.015113337759372354,0.054049704834918465,0.03881151624524864,0.00011798575394793212,0.00010689668468424975,0.01593130359512873,13
136.84753036499023,0.1052782848091413,0.009857558478200112,0.10527828230145847,0.009856067624945302,0.008191012875825816,0.0328530604965648,0.0036942597948572504,0.0023265140902651747,0.011676909412936285,5
136.98874807357788,0.1260654555417877,0.019505837808564137,0.12606105171840948,0.01950510598493603,0.02864915022682212,0.02303960762897539,0.00268488262227176,0.002884613386564331,0.010540930220615424,15
137.08806562423706,0.06154440806163093,0.005274975730823888,0.06154402114921737,0.005192781062618228,0.06712655782905855,0.08221712664051303,0.01385014197716861,0.0013546898588349102,0.016843532096716605,10
137.1936354637146,0.013359671761677924,0.004430622041100058,0.01315899341873655,0.003679547938385797,0.04029928054400463,0.033720446964721755,8.673089289995542e-05,0.0017987799766457217,0.010831960887010885,10
137.29496955871582,0.006884372670816556,0.009851985198423242,0.006877150995690961,0.009840050048879133,0.10019143763205769,0.10609464317868499,0.024022969404848014,0.0030916332618039035,0.01730681591664211,10
137.36455726623535,0.05236055668580056,0.0016490516970284958,0.05234874983882224,0.0015931545987994593,0.06048281105543342,0.04907229209293225,0.007645929353523734,0.0028651290252618747,0.008006251001812972,7
137.47130417823792,0.06567779835941594,0.007562750157023644,0.06566543823055637,0.007504403100717992,0.09473973284097154,0.08814480413430681,0.0034799594851475145,0.0028620357244163205,0.013319746703619021,11
137.56446409225464,0.026405070190212827,0.007929042990013908,0.026384373122122273,0.007867776159426132,0.024334281348501987,0.07628426609909054,0.009936980816934437,0.001307383165343581,0.011907118733949305,9
137.6834237575531,0.045839340283440354,0.002618380183173836,0.04583886034331146,0.0020771597422699897,0.07565534533177441,0.038368989042654955,0.0002056891457913995,0.0009327150968269399,0.009330197483682445,12
137.7687041759491,0.04595270067825116,0.01186269916235878,0.04594252434556092,0.011844126093437974,0.008783252978116211,0.04139941390428138,9.40577825517964e-06,0.0048491709884395315,0.003725553755625852,8
137.8678958415985,0.02615971939542126,0.0055945398728200115,0.026140678064660933,0.005437122042779292,0.03728131514588424,0.007317916684044378,5.505783170891005e-05,0.000981234596070739,0.001985790372621079,10
137.96835041046143,0.0017542609492958874,0.006401375211577445,0.0016401115406527993,0.006398752368961674,0.025232133818701687,0.022595957054963953,5.55221939646256e-05,0.00017901874643905927,0.009865864036061841,11
138.06341433525085,0.02077614262858923,0.01272252473130428,0.020776030842764092,0.012719200777290952,0.014150479057479182,0.04587239078548258,0.009970241012950966,0.00638784093014723,0.00628651642008097,9
138.2081220149994,0.12985078862846652,0.04045376651730698,0.1298439519578736,0.04040951844702525,0.08161643048596116,0.07624054812911214,0.00020257048951303593,0.0012318704546707133,0.009482320443057721,14
138.25976371765137,0.18698140355501358,0.00330301694149844,0.18697925601135798,0.0033006831352933516,0.02395730025625544,0.046833649985209225,0.010046290674203267,0.0021463027631445316,0.007796162942261142,6
138.36494398117065,0.09505463145485185,0.021659706053958377,0.09505419111000632,0.021607734447092214,0.05545792651598508,0.03142151787525466,0.00013639847999501062,0.002116812839012397,0.006820824294625068,10
138.468275308609,0.0032400867462400655,0.004730731057060055,0.0032384431168942266,0.004726629667731927,0.05344161405256992,0.056333346616256705,0.0010830784594316244,0.00229898683854054,0.0116967206101708,10
138.57883048057556,0.02571874606281938,0.01051749682632139,0.025718718188465755,0.01044124342581706,0.06481693406225908,0.03892671053085675,0.007907606549480174,0.0006883964379460712,0.0033803349049899133,12
138.66444516181946,0.05251453018752255,0.0030105188694314338,0.05250642298739281,0.002967912187048499,0.04283824271996633,0.0420420997849411,0.0010447907547269958,0.0014352743640102612,0.0042560831639388156,8
138.76584458351135,0.01684317767703075,0.017740485144775834,0.016811933818116184,0.017717405037809626,0.05337357270650016,0.043701271340901716,7.139010793285672e-05,0.003806908871983828,0.0053942557691566825,10
138.86449360847473,0.031101043572327115,0.03446328091785897,0.03103922237351743,0.03445470210157411,0.04587441590463426,0.01597614602960807,0.009886679486635215,0.0019519002659559594,0.00839947211980581,10
138.96259570121765,0.024907848474685065,0.02557461791752804,0.02490778847319431,0.025561217338336873,0.01246409877346854,0.028158827715173498,2.9115344482300058e-05,6.637107025776314e-05,0.004218205514287738,10
139.06386733055115,0.00869959679689109,0.0036001057502539863,0.008196055448135875,0.0026130908942940357,0.04980363011539656,0.058039502658010146,0.001099185216339438,0.0014495626069734014,0.006536806472504029,10
139.16356921195984,0.0021552792189505304,0.0044168416766075,0.0018183934899547026,0.0044032123432090516,0.056548275613606716,0.029436285527973498,0.007612247526690634,0.0027067026088414426,0.0033479512147394468,10
139.26310777664185,0.015719728831404434,0.015696787280564863,0.015718210731331218,0.015692887579467702,0.06450890664641598,0.052165485055265824,0.017000135347582324,0.008470565198515977,0.011496110982556408,10
139.3638722896576,0.014253290062933266,0.01961932043012741,0.014083814139287179,0.01956942913140916,0.07682101442948634,0.03875841185026636,0.016496923750974724,0.008351687849928298,0.014032817283433729,10
139.4647696018219,0.002548957389035017,0.004919355083945563,0.0016383114031800405,0.004463031772862945,0.0331002317349692,0.06259622239485155,0.008364589084316955,0.003556538919790443,0.002429961857836449,10
139.56725907325745,0.016220564753713983,0.011246634685160892,0.015631021476940204,0.010654873777412794,0.09565865560995974,0.07786952317799231,0.0002508221035617897,0.00961953528709257,0.010944890128991963,10
139.66535353660583,0.03180969090779792,0.023802013322240766,0.031536831895568995,0.023680767121780164,0.07312464105652038,0.018313517657919377,0.009813056432350581,0.009427533011219028,0.011877291811726046,10
139.76377367973328,0.02740357352947687,0.024226566863187825,0.027318597803229604,0.024048328119294998,0.05408544601171816,0.0937279425155256,0.020130202148553333,0.005141354110258886,0.010297923312683836,10
139.86285185813904,0.023414589934175903,0.026327081746669208,0.02330334338337331,0.026251845113507147,0.09915199676728413,0.05758457924337181,0.010267053037033411,0.0036153172332250984,0.01390059660683795,9
139.96324491500854,0.009726546796015895,0.007708117082890625,0.009662037008954447,0.007535303371256989,0.03530735036771648,0.08980094288646477,0.009915530427993736,0.006429715343058368,0.007909808413622876,11
140.066091299057,0.02120950065241957,0.013997547277389248,0.02120918844049406,0.013996365865759645,0.04632758251129377,0.05454498471810117,0.00010052024232520327,0.004512336775377247,0.004074567737790707,10
140.16492223739624,0.03343543724038332,0.02780420892614816,0.03336677145424503,0.027749310804053504,0.10078861035767647,0.08339111701886895,0.02685612000434732,0.008072388528885059,0.017227953567329236,10
140.26219391822815,0.001377549786341451,0.002227459320662078,0.0010037320620279089,0.0022253146456067668,0.016057550408390693,0.10837004816829486,0.00423406171181785,0.002508220966383583,0.0073324550323592965,10
140.36225485801697,0.016503726737306715,0.010865851944642005,0.016418113489740167,0.010714988610357034,0.1326481525644503,0.06786155201492189,0.02253036322072134,0.007424837405918279,0.016000255290074282,9
140.46218633651733,0.030234179820508574,0.03151038251322398,0.030170205900296437,0.03150752458078105,0.03439298555574686,0.050894843900949026,3.0273220579643736e-05,0.00116744503652735,0.0073446923454168,11
140.5624017715454,0.021800029072539053,0.018746114354012414,0.021795102461766296,0.018689458386274976,0.09169089075644354,0.07330692241294773,0.00026300389813538745,0.0012864008147945851,0.011643392881525652,10
140.66340684890747,0.007174791580133909,0.009071457894597516,0.007114277216664899,0.008956553917343636,0.07087974340420745,0.03419330129656238,0.010171291662145246,8.89609887114054e-05,0.005567534328071145,10
140.76208186149597,0.021955190154334815,0.018330892399411707,0.021889155703508623,0.018299646930926897,0.08430777739409723,0.10509460743366177,0.010218378009658021,0.0035703208381931777,0.018833098454207862,10
140.8621985912323,0.008730985292462733,0.012800415542589084,0.008675604897880381,0.01279247880180086,0.023015307951785902,0.10483604717751921,0.01985261918147862,0.011434014067512332,0.009020765988532764,10
140.9626486301422,0.04494865114040071,0.04118582609330253,0.04489040428109834,0.041151434919766555,0.12359079993070506,0.06708658905266801,0.0193365847329116,0.006408518092174765,0.013115571259440231,10
141.0654580593109,0.02738776101440631,0.03505432166857944,0.027387549299516797,0.035053775371769014,0.05111251846667394,0.08086402695080089,0.00017445056554483732,0.003721959552972365,0.005500106414252053,10
141.16243648529053,0.014726632107480516,0.005462473441634952,0.01457649983317993,0.005144408855455697,0.0798130819948141,0.04706378550882529,0.00021838084556841868,0.003802250723629887,0.007458318789243697,10
141.26264762878418,0.015359803923236342,0.00876746720537281,0.01535976894830642,0.008762629009150156,0.03241045844055572,0.03269821632948657,0.023563819364869693,0.005956278638511696,0.004062502642573494,10
141.37897062301636,0.005062036104160212,0.03090958892288271,0.004946458762664065,0.030909471099685892,0.07028452582630366,0.06190063162829608,0.016885246208109037,0.006395357102114274,0.008706246309401295,11
141.46775102615356,0.038632993872464313,0.007075121381199478,0.038583421073154885,0.006944503198735826,0.03704358623675935,0.037147197815673695,0.0034420042213308567,0.0034242671219657664,0.007417527599300751,9
141.56841707229614,0.023831486761450263,0.005906799469028172,0.023812615986471528,0.005781964397766624,0.030409068023351978,0.06536669849030882,0.010071656054337479,0.004264586897695026,0.008975520663173569,10
141.70794224739075,0.0471278735623903,0.02358859767456263,0.04709494008090094,0.02355802835005912,0.07729520252329784,0.04762645026682341,0.0001717442169612729,0.006045228574464806,0.012250950170890104,14
141.75833225250244,0.13985181207252703,0.0025728371451667433,0.13985180932979613,0.0025673172241512782,0.030877442849037103,0.05090738695075109,0.010051194270262086,0.0035555418055673626,0.014809047546061901,5
141.86710953712463,0.09338447642999417,0.003780159998015907,0.09338440037836561,0.0037255570800977487,0.05273681083957393,0.0341021557773208,0.019872041047731364,0.003976771457198107,0.01046730058536744,11
141.9659252166748,0.018197737676324932,0.010782876728504956,0.018098081826941805,0.010572222573100355,0.07275536548472801,0.09358281506930363,0.010161719445005586,0.00023406224921479615,0.007936133560919705,10
142.0664141178131,0.0018417805921315314,0.0033006383904374483,0.0016477422937779403,0.003160086326156444,0.10393347747860193,0.040571083404674066,0.019717743749506262,0.009941880949012986,0.010727782850778788,10
142.16726779937744,0.005355577377035659,0.005039888036581511,0.005245429340647126,0.004978279313376862,0.011941328219792357,0.06336953914628911,4.3270759695944327e-05,0.0017436215487249022,0.004461193534030219,10
142.266010761261,0.01362407236296298,0.012409503195552958,0.0135810136543585,0.012398626909303545,0.06405303645494433,0.021702374206786036,0.00012703591575817695,0.0012879412636827888,0.0034845164780260983,10
142.36396837234497,0.0060175732747657865,0.007005523512634179,0.006017572688800042,0.006977641267252098,0.034664184640803765,0.018745461476534143,0.020059951076714887,0.002979883717218224,0.0026755302479953614,10
142.4647843837738,0.011289150236687195,0.005138648922719202,0.011239986699743082,0.004998358161823203,0.024291263420051105,0.01808278769219216,0.009785246670273588,0.004721860636179776,0.006615683272893784,10
142.5699691772461,0.008370644702043678,0.016894770365343332,0.008310748976873944,0.016871659508283208,0.02659263726935408,0.04237194090044384,0.0005714461970578888,0.009411686286182417,0.00502634201535744,10
142.69721722602844,0.041208093963781896,0.010325452589996674,0.041194936521532444,0.010203480935388044,0.0312822710366806,0.02730556787936406,0.009641003279054879,0.00374440613687951,0.002349164970221174,13
142.76305294036865,0.0925681350590351,0.004111168873460865,0.09254333110718808,0.0039792850163300275,0.04079030231486841,0.03163976191312354,0.00989535777470977,0.0018988913288202976,0.011003912009551845,7
142.86695337295532,0.055113515432669624,0.003534509973891612,0.055113514534420226,0.003527152669538143,0.014732754963723785,0.0461525057773265,0.010011181807214907,0.006395973439262223,0.003619643226096372,10
142.96439862251282,0.009017560137070814,0.00300625429972249,0.0089517347552774,0.0028236909800319968,0.05129037864117992,0.036520871082823265,0.0198764236401557,0.007071778027256057,0.002466043285073368,10
143.0621256828308,0.015702606548516917,0.01793079610834602,0.015702594911236083,0.017930347789206928,0.027386689530075534,0.014786997132244644,0.009958807759606208,0.005451542430855094,0.0057356632123078625,10
143.16431736946106,0.02136628198632222,0.013779765500506852,0.021326032576301408,0.013731341018251035,0.018342925230230803,0.025661748994541028,5.185772218848734e-05,0.0013140674959043457,0.00388717320315792,10
143.2647581100464,0.014010311568692469,0.013292165015718803,0.014006981674787321,0.013292151833164264,0.039594050845211774,0.02905166970036201,9.827229026910504e-05,0.003571832804120098,0.0074280309359449305,10
143.3676838874817,0.005175026990002663,0.004506380246328585,0.004428082973177787,0.0032886250959188626,0.03310890573178233,0.009843506960143775,8.067479827298086e-05,0.002647398018030976,0.007219446604985488,10
143.46691370010376,0.007876383947225512,0.004745616919581086,0.007810515411019362,0.004717312551238984,0.02004812385119854,0.029412679159723155,2.797720553330992e-05,0.0004533256036214582,0.006174085580371479,10
143.5997257232666,0.04010266900301031,0.007269668695220481,0.040102668215965295,0.007269438682403422,0.05651980815559956,0.05098577205381659,0.010057639123782443,0.001593414809253174,0.014043209054726735,14
143.66946411132812,0.07481979983828778,0.003561185080946351,0.07481317901513425,0.0033360813773516498,0.07287672346467389,0.045968908419647854,0.010075000143242778,0.0007490471276881531,0.0053457197996765946,7
143.7629554271698,0.0218810057300184,0.010938463371710123,0.02186985710374508,0.010846461483555118,0.04131975111217827,0.02144180385656739,0.009992130062288558,0.0028180723262182855,0.02190419587111379,9
143.86483454704285,0.017059792693767672,0.005883032289341846,0.0169859121457302,0.00522848340700401,0.03549831059632127,0.03670594769200494,0.010083329608002865,0.007712454569669467,0.013806709345342788,10
143.96404194831848,0.002911370935862339,0.003369608008709715,0.0018427527363763458,0.0033522900248464382,0.022635744597383253,0.014666366751207159,4.886253852874612e-05,0.0025636304117203058,0.002714665157084269,10
144.0678813457489,0.008290972190041863,0.0032555290589277816,0.008223007453470326,0.0031749248439330332,0.021507084859024583,0.019230399095493112,0.0008295808526363487,0.0051144911196185855,0.008691712568540831,11
144.16670989990234,0.02142122519137675,0.016928146730496363,0.021340709872843547,0.01690037952378574,0.02529448502045556,0.03171706336540901,0.008255141139119185,0.007616979360074436,0.025102384818619462,10
144.30462861061096,0.06418194481059847,0.015818818284310386,0.06415316584408524,0.015293074796791184,0.027327595170052905,0.021598295259846686,0.009082456147781685,0.0006473328608622073,0.0057499727665955465,13
144.3477907180786,0.1233996669059607,0.001205803775936273,0.12339539591110549,0.0009683036826576221,0.05545229579946001,0.0757902468464929,1.4078864987459866e-05,0.0014002556409387944,0.029702438393225585,4
144.46512389183044,0.0939018430728092,0.00578595376247844,0.09386920266658183,0.005646228824777475,0.04365513421120722,0.014434369740602058,0.009964873529378745,0.004351145761669371,0.021164079006388458,12
144.57345414161682,0.021270386249441216,0.01211093362417807,0.021156612143043325,0.01207566300878819,0.035034469326068754,0.041148151007857604,0.020067421397042307,0.006948490037517527,0.027703823252494597,10
144.6705412864685,0.014341001698512625,0.0023594588932665797,0.014267218558997702,0.0023594537523265956,0.03822096104687465,0.0523651388259868,0.009975071496759656,0.007567324603922188,0.028964811023557625,11
144.79727125167847,0.04065015201932919,0.005753085788206912,0.04064632089159101,0.004214397334353105,0.10832597756889786,0.05516525990491325,0.009886279532443799,0.003847843013850486,0.032040343886623995,12
144.89904141426086,0.038781276512724,0.009636620054127555,0.038766267098617815,0.009412577459763188,0.08332494431295678,0.04908195820387404,0.010001469933293183,0.0027138517995292303,0.02190133387738048,10
144.96601676940918,0.03317360550738835,0.006463237307031402,0.033161798984287005,0.006002956574131479,0.019543967194813078,0.04020709261918107,3.74249800360591e-05,0.00050462975080197,0.03695609168226422,7
145.06554865837097,0.024398521775518732,0.01938946827980783,0.024397369466796912,0.019087454339343276,0.0904213451450392,0.06620124862502469,3.0451667559268928e-05,0.002347838828009074,0.02180563482733225,10
145.16438007354736,0.0034769957716416244,0.002482380864344537,0.0034757417857056946,0.0021833010094137904,0.02514812563261908,0.03872066722897593,1.0270166124847526e-05,0.0025029849803256676,0.017246843277147598,10
145.26416444778442,0.00458573566361243,0.002183774367390996,0.0045291576002445474,0.0018979380525157128,0.027055512920825496,0.02058730831897465,3.3490674300855406e-05,0.0012130842474356097,0.03870670225109785,10
145.36271119117737,0.007840965695300503,0.007601455510808684,0.007819680035332555,0.007255861898991351,0.061596115578010056,0.07373295757437788,0.01003032448173149,0.003670726377325126,0.016649408755650744,10
145.50000762939453,0.048278693216260674,0.006447377678084387,0.048159881635270366,0.004960287445822361,0.11278378555886304,0.06317135490329899,0.010020891042141357,0.0005259802940907776,0.03529672559992418,14
145.60005903244019,0.04896893495776694,0.00836061264683663,0.04892342891135777,0.007985505191715061,0.0940196108829978,0.05197403530132481,0.009967277555146061,0.005250539445936715,0.02254490184248408,10
145.66449642181396,0.04631436059360369,0.009090349950673182,0.046314330541405484,0.009072433035744518,0.06861662853239958,0.040983092851010726,0.009983709065642958,0.0015700134576640886,0.025209672849343993,6
145.76270365715027,0.04788907276328347,0.013810618281975499,0.04788906036716436,0.013675705425503027,0.004573027043054394,0.037237882244399625,9.460475220925392e-06,0.0007922296238365766,0.005122867048954615,10
145.86275935173035,0.0034455189999931042,0.0077182075128623346,0.003274888762726513,0.007681707518668097,0.032095631042820975,0.021062964979675514,2.8427367884594604e-05,0.0005857006005222177,0.01980335218745507,10
145.96252298355103,0.011930493943408806,0.010849814102750516,0.011884602689005661,0.010803334260965757,0.01705835223278937,0.03452872958746995,3.1373491691929745e-05,4.9757467763798295e-05,0.013542179913589542,10
146.06249690055847,0.01386989553449598,0.016365049837328106,0.013859783981793685,0.016289718956681028,0.027736783159011073,0.020381185532151236,0.005256794424311921,0.00011246969562365386,0.007749625911108922,10
146.16236186027527,0.013216813295606698,0.012661414202267678,0.013203238240341864,0.012478522283276533,0.009642202748049248,0.03362943504004039,0.0006253669829871749,0.001364576654205895,0.003106721198336214,10
146.2614462375641,0.010051560863842058,0.010614852452926366,0.010048787862370661,0.01060200619574742,0.03541360276210201,0.013450412186926579,0.004602773123179745,0.00023440078572486937,0.004761098596015779,10
146.3967468738556,0.0498199882161314,0.00807370939015136,0.049802788435872665,0.007994512076205726,0.017322019869908258,0.048415120531921624,0.009974700895093173,0.003756601252608447,0.011712166293364062,13
146.4517114162445,0.10580132810172879,0.0035202659878740047,0.10579574975527027,0.0035197027304793376,0.03775074604156537,0.025962863178451506,3.249609052707956e-05,0.005249797517869837,0.01516171475800545,6
146.57273721694946,0.10661861592212366,0.01926201211427299,0.10661861571076747,0.01922850943722488,0.020050867083643564,0.008387720047540773,0.00997446665393277,0.0012022576772121197,0.012532536612351469,12
146.66270518302917,0.04599578484452104,0.003611769057320824,0.04598421727218719,0.003609432727884647,0.027145840009058057,0.045759214815772394,2.62741869181177e-05,0.0016863450299050735,0.008755521780759773,9
146.7624056339264,0.02991475388065792,0.014860965879721702,0.029914741990400343,0.014858491852896191,0.01250954705417905,0.029499368752213213,2.422883942667226e-05,0.002083708291657758,0.006797647440430607,10
146.86268305778503,0.001300015758202411,0.006039124467780748,0.0006985975102906396,0.006035523875474197,0.023145083285868544,0.0064730990362214065,6.021783574037383e-05,0.004202532297707328,0.019886928913913447,10
146.96263241767883,0.007528126028369909,0.007994610148390369,0.007274430633221746,0.0075520303463165375,0.029636531181403514,0.023587948040897016,0.007029923884427014,0.0027646645276534626,0.017234784442407385,10
147.0622227191925,0.012419995549315947,0.012914027343357776,0.012383494485112286,0.012864463917699479,0.004281456158185122,0.03522941597998856,0.004176136580726165,0.0011440665436610934,0.00624038140396913,10
147.16245365142822,0.007517506677620559,0.006057171993800613,0.006416037651479009,0.004705092368670934,0.019564807288365762,0.017665767226771236,0.0028907952158713063,0.0005003145344846718,0.011946443310016503,10
147.2622880935669,0.003952947257216274,0.0028461734320006224,0.003409666364073321,0.0028192436634503285,0.002934396068339476,0.015908281496969757,2.432854594838165e-06,0.002236139162790242,0.015991535783688785,10
147.36257910728455,0.01006665986687034,0.009300209560862693,0.010066656553226286,0.00925129563665608,0.027820509989435138,0.03983739712193439,0.00999877608464574,0.005042524373407091,0.005138022707487824,10
147.46411895751953,0.011001173078459063,0.008289649862753105,0.011000779233092268,0.008231467090229722,0.02152953609638046,0.030700093425325724,0.019994546811698866,0.0029992976078102697,0.0045819449842533335,10
147.5618302822113,0.018575410800241242,0.013487086788623018,0.018338013903503692,0.01318413442336519,0.041477555770624314,0.02590817961994391,0.0008979541138207511,0.0005593845310677213,0.005686651140940156,10
147.66438245773315,0.0054620023167419995,0.007294012892444458,0.005105638895352284,0.007289650187655537,0.0026459835313026713,0.02715853122207536,0.0018639346385494495,0.00033117770548893777,0.00858262955571892,10
147.76206231117249,0.018357865637974435,0.025770283506898525,0.018357860004401528,0.02576001007183848,0.04428486379428457,0.0490377015777226,0.008980820770568948,0.0028183285614231993,0.008526973974599993,10
147.8625226020813,0.010718536190348831,0.018092548062070404,0.01051608482702923,0.01796185072815009,0.047717167316903765,0.021378883815137,0.00012270456196798038,0.0010119522279226924,0.00879617131554926,10
147.9624388217926,0.015027659593386596,0.015298110822703498,0.0149998628821688,0.015245370789145346,0.023371223959646262,0.045791386050132554,5.338543348952484e-05,0.0029685799076400016,0.0019641268073923054,10
148.06272530555725,0.016112459001351744,0.019559962248725256,0.01603936322987299,0.01954838860709495,0.0776281924924603,0.0635870325984362,0.0002147111494640495,0.0029747612079825667,0.014907200535683625,10
148.16226172447205,0.007757423687152469,0.007450767591655723,0.0076583194793836675,0.007322037632190899,0.034408193148215735,0.1063829378287523,0.009934364148313892,0.008110252905094805,0.011023207812467415,10
148.26315569877625,0.02296780590147614,0.01901549799486242,0.021646988476635907,0.018201384831987886,0.07634916982131795,0.03537796776780873,0.022615741774237842,0.002063335226050983,0.0036596368393493604,10
148.36150336265564,0.02206384534525809,0.017374119878692716,0.021994637908572173,0.01737401863747808,0.02580937798996775,0.012302050462017999,0.004446428847619757,0.002578966282119755,0.003675366694927444,10
148.46292781829834,0.009766394857024957,0.004326243585229327,0.009260392657558875,0.002014002904015663,0.03749577099580323,0.04075038975784856,0.01730382440541813,0.00493739164928473,0.0028737508327936136,10
148.56319546699524,0.013361448287541908,0.013153778037557764,0.013323643748688333,0.013153777203390223,0.043032873037946034,0.020870392013426806,7.570770144761271e-05,0.005601206938118285,0.011052714131579218,10
148.66220617294312,0.019177164792978107,0.017883857762848464,0.019079177585375234,0.017871499650035705,0.024496322324571756,0.021878440609569637,0.009975870739897672,0.006361133721217784,0.0019054666359678816,10
148.76210808753967,0.017253450803197474,0.01391138570366655,0.017120695065659122,0.013860929386651335,0.045826518667382264,0.019886552125606156,0.019895988973596793,0.006588737334627344,0.0025368229553939955,10
148.8625829219818,0.020549665968806207,0.023466197738119393,0.020549515049819424,0.02329141877351854,0.02953367742668472,0.010395353752464991,0.009929184006765852,0.0013788828924929783,0.006829899378068112,10
148.96262216567993,0.030436956180116204,0.029211929491908005,0.030237365028028932,0.029057516006498665,0.008143943170377012,0.028644077412755407,2.096758819527496e-05,8.884017633416307e-05,0.005564152472035988,10
149.0622193813324,0.03244051704842192,0.032093004247148726,0.032017074504418125,0.032065334614130525,0.02407197147092513,0.014577220053652766,6.743775720616776e-05,0.0006543606356815855,0.0034316525786404566,10
149.1629581451416,0.03693475213915707,0.0332201497505433,0.03692055482775376,0.033129537306786416,0.022360679675028947,0.029223445333039184,2.6631096296697185e-05,0.0012888608294180702,0.0037617559582547293,10
149.2622833251953,0.0405374983444912,0.03866527642984155,0.04051845774017962,0.03862154289772961,0.013276097688453404,0.037204818016474836,0.010003980221290629,0.006718651113993394,0.0053945734157928825,10
149.3621609210968,0.03480201019099536,0.030401013737927314,0.032956792390134444,0.029304139734068254,0.06328128787019187,0.05751462929109602,0.010157205329215394,0.0037520272226741654,0.010972543599648514,10
149.46278762817383,0.010774191715697136,0.013339014278692315,0.009683067054648036,0.013119618589382478,0.03164815755984834,0.02334792061648504,0.010079899645088056,0.005836968029854533,0.0050055804347409125,9
149.5621919631958,0.006299282539735171,0.007392705587816801,0.004779210368084098,0.004693060251115459,0.022360679800657316,0.014095456691867257,0.009945991995398395,0.00635544317674768,0.006039377562061027,10
149.69543886184692,0.07955695487482062,0.0050626317232897395,0.07949940485380319,0.004746366981939649,0.009679541305404762,0.002852598913571052,2.6189513631610154e-05,0.0011037884362341416,0.006790386667057875,14
149.7673318386078,0.14362039900623547,0.008976360434118766,0.14344721110723624,0.008352460319506406,0.021283018356930465,0.03635937580959935,5.287760694397654e-05,0.0031316420006759953,0.008675060882012735,7
149.8628215789795,0.04788500427737954,0.005017438141704359,0.04788494279159732,0.004820428241943106,0.03769603795100965,0.060762062678628485,0.030058815370660606,0.003467420080302863,0.014072741531607598,9
149.96280717849731,0.03989855825544455,0.028903818966409537,0.03951440102959746,0.028556073704642183,0.16369808894385063,0.04508321608814709,0.15518199493049872,0.028444893348349966,0.04078767932934656,10
150.06226778030396,0.0257784817251507,0.026379705451301406,0.025314681519641478,0.026273631135166713,0.16852566215559012,0.03115149572968437,0.16627792232495653,0.0006204249709675795,0.07657514207179437,10
150.19753551483154,0.08282975316335318,0.009055483115185043,0.08270035636796022,0.009029944369582604,0.37959683741323214,0.07373237837278532,0.374008295403276,0.0020026753544800913,0.10729608483661002,14
150.26686000823975,0.1354956102799571,0.010011439548508087,0.13549502776883693,0.009812958742865963,0.17452299165937316,0.09894429927581111,0.16135652395621536,0.09853589960762993,0.1243408696197471,7
150.36236262321472,0.04720985504138205,0.015858290333597726,0.047080945400113344,0.01565017187848664,0.14073106672075775,0.08959315075853962,0.13532718541932762,0.051470782923287335,0.14817002902305787,9
150.46220517158508,0.026196454188923753,0.01738218654659499,0.026195877173289472,0.01733482511087712,0.33769440987152116,0.12332880799672079,0.3355626603748158,0.0970248513991279,0.17619620518240078,11
150.56221985816956,0.027663850349816235,0.028924069838370335,0.027607020310932838,0.02885377258864079,0.08621587858556841,0.06556686523514352,0.009758109946670404,0.02120691338099049,0.19356644032557252,10
150.6640362739563,0.01460730612122328,0.012147920136940788,0.014567524539208631,0.01212261744323308,0.1533503466697104,0.11754520812728372,0.14771947649834075,0.04172624754758642,0.20060120566082237,10
150.7640380859375,0.012323862975311118,0.007472821838198632,0.012323479302099411,0.007437481775803489,0.12666596886389486,0.10337243958827226,0.08827633776297054,0.027989811102648386,0.1936993106890711,10
150.86298823356628,0.004644288664151887,0.0030447883771635557,0.004468330576384182,0.00303767460646026,0.13109408699301567,0.0787696281389664,0.051119941032387026,0.03270758759019014,0.1912156462599958,10
150.96174931526184,0.008659083421269921,0.008452450457072266,0.008658941104791186,0.00842605095503783,0.16948594110450316,0.2369297713868045,0.15998984212072745,0.17907184171726254,0.19165461662152392,10
151.06196308135986,0.0187012556258012,0.0211435619579571,0.018674471583106738,0.021142349529415353,0.3228778665687316,0.1591682498359165,0.322515208202342,0.10516156226096954,0.19759154097142456,10
151.1622121334076,0.04161661446023038,0.04341795759303995,0.04161171569834973,0.04341580450593523,0.13400324340155093,0.12896049543680216,0.032514965845747174,0.10481649780838734,0.20077107025019272,10
151.26298236846924,0.030364593752534225,0.030451552348791527,0.030290314109752324,0.03044095800893987,0.1678036566812768,0.17693738557409258,0.15578711687538283,0.058514495144094764,0.1977127954791892,10
151.366149187088,0.02804040934457534,0.022493826465288115,0.02789433693766455,0.022237175987963903,0.18381714119572187,0.05612058154721093,0.12100842798155344,0.050847308243037105,0.19589113794878518,10
151.4643738269806,0.022154595740255908,0.011088190873013716,0.022005987697704843,0.011075588277073391,0.1582009913398772,0.11751921618379393,0.1469646782312979,0.01221912481498579,0.19107584317123913,10
151.56263971328735,0.015146534143985277,0.015599699166298102,0.014933266853411273,0.015599575595912088,0.08667827045358543,0.09559894885441779,0.05227805392449485,0.05880339877687329,0.18745297826769264,10
151.66249108314514,0.0298078021239658,0.032480779321007694,0.02976574198755993,0.03247600515783473,0.15287495607313975,0.1324434281660755,0.14938698673157508,0.09847608064031593,0.18733434492583423,10
151.76222705841064,0.03292874824777205,0.03446978374676676,0.03256646664529899,0.0342784860030554,0.16757844371835326,0.04807257280133055,0.15519565286100753,0.04765958008226192,0.1897680266443263,10
151.86365842819214,0.006933803522942455,0.00992434047235978,0.005106756346092398,0.00980343908902469,0.05469273084369783,0.06359158245548456,0.028975027669264564,0.008419834790296787,0.18646365888125196,10
151.9640998840332,0.01500161750644268,0.012413448297506367,0.01493036712111805,0.012143865487214559,0.06488659070093787,0.07295709043630513,0.06253176618743385,0.04382122440176276,0.18760727609906186,10
152.06288814544678,0.018328949122762773,0.022697221849192845,0.018087910111140443,0.02266456496384367,0.10903478650505244,0.09589106892070609,0.08964168392139028,0.05145284698424378,0.189190245720597,10
152.16412925720215,0.005907948745856843,0.01215924285112061,0.0058753110617780525,0.012052744246233914,0.09838233172594603,0.052937576866431066,0.02398697801268608,0.0015724353494467173,0.19044320674808643,10
152.2628333568573,0.005010522829981217,0.0015970545947777866,0.005009971575401643,0.0015825999249536784,0.04855531286848476,0.11155697797544724,0.028411163392371094,0.005964632523036295,0.1897891680895529,10
152.3637056350708,0.006220102926247879,0.010524115553249782,0.006218328514644736,0.010476319405021146,0.14737280729714747,0.11939900067709984,0.014552717754333417,0.051690117865669655,0.19347591137985623,10
152.46212005615234,0.023949595519986502,0.030039864941312125,0.02391662994736558,0.030039139179279906,0.1351730041021232,0.16008440852612518,0.13410526063680225,0.10091616252782254,0.19231975681057206,10
152.56240797042847,0.01964341264249727,0.02447236650777283,0.019614786952222463,0.024466086889350713,0.2173868721784748,0.14093670514342665,0.11035978168870304,0.028936873613197873,0.1946627959470364,10
152.66227555274963,0.005685203852753597,0.00718752984220387,0.0051054004006956056,0.007037672653355882,0.16313205816713644,0.08620289458962585,0.03769452890012622,0.005817552676945222,0.19475194878490287,10
152.76206135749817,0.006767576337159319,0.005304795280678419,0.004676060271400646,0.005108098135743858,0.07527137434939468,0.07625041221803673,0.03751724389032847,0.01670416226649954,0.1905913641472172,10
152.8628647327423,0.020319686409033446,0.022644204141110652,0.02031226741998688,0.02255501690175284,0.20622355342616203,0.28567292648024256,0.12033532967311242,0.1279478663769797,0.19078819701541286,10
152.96244931221008,0.05078029026381212,0.05443178345120116,0.05070698869557143,0.05432003442094333,0.2859372540784605,0.14662979682187086,0.25425640369515373,0.13417696336397375,0.1920059652301095,10
153.06301498413086,0.02901807605992316,0.030607419229506473,0.028904372626634305,0.030475725471934847,0.22386311738642664,0.20559018966210316,0.12842938652010227,0.027893199831897128,0.19487488909002704,10
153.16272354125977,0.010355266668149682,0.013151935384116053,0.010069164941234594,0.013059737341258293,0.16813782806165073,0.05710698252165424,0.060101849648658896,0.04347430513981453,0.19282553781556816,10
153.26214838027954,0.016958476554725876,0.015756771159800214,0.01692074611675735,0.01569441331362568,0.3047085051221922,0.252299812602461,0.301633370730238,0.25206414083873036,0.1925731866409284,10
153.36303329467773,0.027845227356131593,0.024706562586048055,0.027544033650841765,0.024332236074664164,0.5312606868949818,0.30669885486889203,0.5176999317340326,0.26532797862365287,0.1882906312980348,10
153.4637153148651,0.027166452060265394,0.0268101017671358,0.02716128675153985,0.026779859196125546,0.3833949411260912,0.11675940568546167,0.35242279736158594,0.06701938185557804,0.1850832189578269,10
153.56393885612488,0.011227021638390303,0.013453259968652983,0.010877680025337344,0.01333233590478185,0.07447561452786898,0.07063834230606222,0.00884337315733582,0.025034212981371682,0.17363308191515683,10
153.66231060028076,0.0008879094910766505,0.005811419520649023,0.0008536828920813987,0.005648554962852052,0.13157509739796538,0.11062910383222971,0.024395790527322127,0.000439188997037756,0.1724251478500738,10
153.76253128051758,0.0068961510450783,0.0037969529194256087,0.00686708170195679,0.003795466308835351,0.06282486553329454,0.05646928791515908,0.036769219615336766,0.025989898116726577,0.17341570117469193,9
153.86485314369202,0.015060491592286415,0.019693001889685244,0.015037643391701015,0.019692490479486926,0.190330074047498,0.21694954154573698,0.1742613430639084,0.19134450713571355,0.17632723006345047,11
153.96223521232605,0.025869552593757686,0.03639965915176488,0.025860860499035018,0.03637959423251952,0.3542447100068505,0.23064802196733836,0.34082041785955897,0.20459437083780124,0.17345908735595844,10
154.062166929245,0.015198370983840062,0.02117321930914282,0.01472652149785465,0.021129916992509306,0.20115622400784092,0.041317427922470853,0.17997152152160825,0.00012501089582781167,0.17280751363144145,10
154.16263437271118,0.006225588746038341,0.007277958274824827,0.0060809217546085835,0.007252751340911431,0.039844918902173364,0.04094963320675527,0.033409553464214675,0.030454007114124184,0.17495251233131756,10
154.26194262504578,0.0161472930408348,0.019391928744532057,0.016000552827961048,0.019234679077298315,0.09898535054843097,0.11720820674646039,0.06324897801004543,0.047996104595605764,0.17341302433123978,10
154.36235094070435,0.016028956320783553,0.0179417081676497,0.01548059938134804,0.01773956175857875,0.09263500068708688,0.05758872965794262,0.06890366604551183,0.03193385940336315,0.17053037817264827,9
154.4624478816986,0.009906979701670877,0.007546886365781317,0.007864347108505698,0.007150607522853623,0.05194889676438832,0.07907764559107483,0.03521015058500378,0.06270959917787289,0.1695273051006498,11
154.56416487693787,0.04746199937785846,0.044187474743814924,0.04734565656289769,0.04377799021391696,0.23984233247873388,0.19892095013994443,0.2012518085582426,0.12378487612143793,0.17429995356985142,10
154.6626422405243,0.043539292160815375,0.035739572159435594,0.0430291794721937,0.035491760007642856,0.22194799099264004,0.08223833477689635,0.17265250733805557,0.019931427362181925,0.1767556970049375,10
154.76458501815796,0.014950694823704744,0.008770481479481815,0.014948507511364631,0.007952187764486682,0.11752368700956488,0.23753278266936795,0.05019302855295561,0.007298435926623411,0.1745874678382826,10
154.86204385757446,0.03346540386330797,0.022056710016434833,0.03336107913172368,0.021779054786936286,0.23820512187623968,0.1313450239619093,0.12916355235961915,0.09206919678774482,0.1727422611975001,10
154.96263217926025,0.05431630787149156,0.04910019922658557,0.054093175106599965,0.04906170846531545,0.22421171343835605,0.16486463599319898,0.20685262049648132,0.09680256861905183,0.17030063981986188,10
155.06274032592773,0.027139167749390337,0.02569528699680352,0.027084624879019966,0.025665202226938005,0.18956947889831874,0.06968208197945583,0.12709371632543986,0.014887456296252086,0.1705177602512761,10
155.16240692138672,0.007313876112205795,0.008316466914339262,0.005913756396327387,0.006740498814404247,0.11009461232564226,0.11216898458781041,0.029103761697390616,0.018806696927808477,0.16752046053981184,10
155.26273918151855,0.012666598059426503,0.012962527985847634,0.01106287320479301,0.012424412127136656,0.11947169090494492,0.06535111781747353,0.1052108514553877,0.045972509934920906,0.15520428405348735,10
155.3622179031372,0.020355224556409274,0.02270867573280458,0.02026230803504847,0.022693411691547337,0.035093926777237466,0.03560767708019531,0.0022703482128452264,0.03428125528971973,0.14430095843738658,10
155.46454620361328,0.022296764876559714,0.029060110594404037,0.020878352444058442,0.027795992658936657,0.13396409418814736,0.11671402567426771,0.10907515737987568,0.062073949616429945,0.14170291157637593,10
155.56275486946106,0.0028652682760063612,0.010773753537659378,0.0013032324268094926,0.009979049050451837,0.08292512107649973,0.056199589227238486,0.029894637504412475,0.019519501024133076,0.13004070895377956,9
155.66214108467102,0.008950941644988145,0.0064223278959590815,0.008939141145845984,0.006023373609957133,0.08624335539645919,0.06595325958053071,0.031071118925783077,0.005959794064711907,0.12304403601920233,10
155.76251244544983,0.0225215970380455,0.020647898165710513,0.021499413602673444,0.01976058653666769,0.10332877703012687,0.10077734255778936,0.04396216068560679,0.049433145344880136,0.12456972993239898,11
155.861750125885,0.03945119170000774,0.037049890015078545,0.03934427121869281,0.03699813950238208,0.12372243166145608,0.07762139109519102,0.10746908358623448,0.06053158426530905,0.12642904408108488,9
155.9626715183258,0.03904153664939328,0.03452484745347267,0.03903368650720822,0.034514821862597724,0.20409473965289926,0.18443803191065303,0.1345766321398937,0.057389058384020204,0.12684494346930966,10
156.06237816810608,0.023442091847567632,0.01953300381585505,0.02338816024033439,0.01950549202259935,0.1609994908530289,0.09750657243165606,0.0794536354803672,0.014140692079877646,0.1258962245401403,11
156.16251039505005,0.01583514074762485,0.015404205271969468,0.015835138289151795,0.015334699481004452,0.13049583452902616,0.12124032637127488,0.05622549256406176,0.025293612637258822,0.1307311935582941,10
156.263041973114,0.017216860506891182,0.01829327516149261,0.017193736475504873,0.01819419048552738,0.06610899957291771,0.0683742536714589,0.005040112197786459,0.016883414907316763,0.14166447392803863,9
156.36277103424072,0.013613219444302034,0.013733213518047635,0.013350470911253421,0.01361115640035258,0.17047766860708732,0.10476342540751185,0.11771592334030621,0.03201598483853013,0.15649912740848598,10
156.4619414806366,0.003791983002104246,0.001754910708763396,0.0023212617220582524,0.0017519213673595692,0.06331591208040442,0.12247010278217425,0.05314930341072433,0.03849229773771749,0.1591380034870867,11
156.56208992004395,0.010217293707045811,0.010822161718984983,0.007928092184600225,0.00961312789100229,0.1600388379448633,0.11766563584893676,0.014148291022548831,0.0036289038595400595,0.16102155395771223,10
156.6626889705658,0.014815892461481727,0.015993465156777943,0.014564667285705952,0.01597685694037726,0.14400216233239133,0.11393417251234142,0.07650427094632714,0.06738669381003065,0.15997377616981515,10
156.76190400123596,0.0251374756907034,0.028577376911043593,0.024183549349095695,0.028395737905669866,0.10424790667709181,0.060969761964844105,0.0860591802615588,0.04161156016644669,0.15629438688431702,10
156.8618025779724,0.0036319194653870856,0.007092001309689941,0.0021939256705381,0.005728067568091627,0.21387981948765628,0.25421569224369617,0.014407284941563589,0.019697812824535643,0.15814346272069624,10
156.9634566307068,0.010565160426744347,0.014663472132920683,0.009012278160393156,0.014335844370287822,0.27542458298933686,0.11380921848939132,0.01683007470648003,0.01740626027239365,0.16260414004123222,10
157.06246042251587,0.007572013967640562,0.011500452111231765,0.0058779381644064365,0.011486016596830073,0.022259337003576386,0.13568799012337987,0.018907271542860957,0.01620685185071782,0.16091706210239745,10
157.16353034973145,0.004557520772582108,0.009293171515532267,0.004329912521353081,0.008978393173393173,0.2493983086438043,0.2173244973071133,0.024310702169701208,0.019496139363703636,0.1569702508880114,10
157.26298022270203,0.009817641328977408,0.013504952320084437,0.008676515889906117,0.01324459508400028,0.1358595308791873,0.06363319443465211,0.02081759674752418,0.033606554972601975,0.1547686962710108,10
157.36288213729858,0.007010293698992454,0.0074009228153374745,0.006238996888390533,0.007395503121183562,0.07058452746168858,0.0615093481801803,0.023687601433905883,0.002594087940838297,0.15531398582317124,10
157.4618628025055,0.005675420060919791,0.004146689681758627,0.005669817142101581,0.004020268484404455,0.1432102804957004,0.1440817933366806,0.0690875864385078,0.07495627359225461,0.16092471684362347,9
157.56411933898926,0.009617724612945007,0.006935985037392919,0.005181199061945297,0.0027083695024975214,0.19268093464445535,0.09542126386625105,0.14720714131516419,0.04524864528333612,0.15873415346297898,11
157.6620864868164,0.007835109796384625,0.004412670058627887,0.007557745480316029,0.004312611358087689,0.17767703588169867,0.06548088857843673,0.15918197769389203,0.06350387681972185,0.15514619990027542,10
157.76277780532837,0.026260864777213854,0.022398972799603917,0.025434161396566127,0.021162549625743873,0.24702773031007455,0.2555648770343177,0.18102458996008758,0.10248403743224735,0.15573909029767932,10
157.8636815547943,0.02767162567624882,0.028857582359378794,0.027489637522504422,0.028804224503870962,0.2653218216851566,0.08466332619217637,0.1342390771628115,0.05131716781317764,0.16076789153157806,10
157.96392035484314,0.011034021503725578,0.012184316320235753,0.010982708435886382,0.012137353690350426,0.06182398816650807,0.06349033547860586,0.05678064861243656,0.006886607614440288,0.15955442084976781,10
158.06220054626465,0.009057151918645045,0.0140545720943409,0.008452421421713794,0.013907351702114358,0.12737751445375578,0.12386923734772026,0.024292625019347685,0.048741020970166256,0.15615063806841759,10
158.16184878349304,0.01831202927729273,0.021212165318278742,0.018099221627651544,0.021207219348051545,0.11660605565592329,0.040235953990707285,0.07010453348446158,0.02272773817933079,0.15551887813405837,10
158.26313400268555,0.017235562733516317,0.014050781881039835,0.017200087467323585,0.014040247875679706,0.06245443752350936,0.03128920366779385,0.05178445290770703,0.023058287420802,0.1528927634263447,10
158.36400079727173,0.01508790343296151,0.014742018676851654,0.014978935619523796,0.014625315114498967,0.0959255264189074,0.082894383287855,0.052134041651538954,0.01301563812477444,0.1539507808351811,10
158.46441984176636,0.004422470564990421,0.004410177384385247,0.002559029552176613,0.004001242193276255,0.107057742093158,0.114932705931087,0.018145544885800998,0.01283003604091975,0.14833876598067922,10
158.56449007987976,0.006898287535866942,0.008314801120989802,0.0021343103601108846,0.002607256140989607,0.11707682950092331,0.02618498909749725,0.00609294670720684,0.00398780862492372,0.14427811985037428,10
158.69994950294495,0.05560578000594376,0.025005217450234984,0.055579719320316946,0.025004889587036717,0.18265411828337522,0.10875208026950665,0.17140269810072187,0.057842458572743054,0.13399288074685037,14
158.7609100341797,0.1226162918260485,0.03170190501501822,0.12246012811245416,0.03161280400963161,0.4848017954388506,0.11934998318142227,0.477222665046074,0.07995193133295277,0.13114456771686142,5
158.8629674911499,0.044426919903108056,0.0618169598673399,0.04430004339684941,0.06177858265769298,0.1375704414977867,0.07997384559740373,0.11310828339375031,0.07265144528981245,0.11986197092001386,11
158.96328377723694,0.02928826089532002,0.033240257462808155,0.029284479127904123,0.03321706684039585,0.14561903168620094,0.16740855755998996,0.05646933461934261,0.043987977509423265,0.11301388356849913,10
159.06406116485596,0.02151732979696238,0.023827227151522256,0.021443524940726936,0.023771046824774256,0.22907415767937594,0.10205199487177369,0.11348046559622224,0.014599820907897128,0.10559317766025361,10
159.1619358062744,0.011269614155295963,0.005671715426077916,0.010941981156253616,0.005544461885821885,0.0772420034044154,0.12279859666953084,0.07061122427204958,0.018788699038913167,0.09203418201896656,10
159.26242756843567,0.022758221047449904,0.019298440767144785,0.022737543056866292,0.019291700161280102,0.27373573135118245,0.26170781708082874,0.002265472920415295,0.026075579823260427,0.08902364055439596,10
159.3626194000244,0.03900838248750605,0.03982900764090441,0.03791946834260439,0.03890933777016907,0.2529636692569083,0.05259962310078634,0.14927713141866913,0.0488704101193276,0.07045592135522163,10
159.46174120903015,0.027243337766984618,0.026924209643161084,0.027081803472753532,0.02682697662536816,0.16903237005305086,0.2475934556330109,0.042304702689536754,0.016817203705655398,0.05136198888629173,10
159.57138562202454,0.004317801504721487,0.02626535737615309,0.0032771519934073423,0.02595658304003035,0.2952636677799772,0.12270202630153544,0.13739267577956185,0.020180076020496474,0.03659661409727142,11
159.66504669189453,0.007082156268752129,0.023642993398583112,0.006583964297593958,0.02359980389634094,0.13157246261602665,0.15573150798863175,0.12402727236375935,0.003254250734210756,0.011102170894486115,9
159.7620029449463,0.01841689654461189,0.026966915479875186,0.018384132609738913,0.026942751345161907,0.14290442776916237,0.02727593952468175,0.06818042951530999,0.003256841347625572,0.004002027821320844,10
159.86477613449097,0.019532673887903206,0.0065760159337949434,0.01946686458648969,0.006533533746061439,0.0764182467982595,0.06806192439264873,0.029536826586845533,0.0043613847366796785,0.008128658799339146,10
159.96320509910583,0.02238541347543513,0.016285369567219113,0.02238376376391457,0.016258999717410707,0.09596214620299293,0.06679212772982566,0.0007928222744778132,0.0002666631779231748,0.013984125449510679,10
160.0623173713684,0.008054120477552381,0.005396530770676186,0.007974085889071171,0.00536264336049592,0.03376540868496605,0.07656679988262081,0.024446338755048494,0.006405738881943336,0.0038503876881332824,10
160.16200399398804,0.007250182436586246,0.009004059700283113,0.007241309002551068,0.008955018762468297,0.10899269953425678,0.08173245778430877,0.0002798902362466203,0.006827259235966633,0.00988858735843529,10
160.26346039772034,0.002856865926693302,0.005801537394417606,0.0005028934641447334,0.0052365968838111576,0.06178043520954635,0.02164917348948059,0.005922619154261012,0.0017145177947181947,0.007040148869531331,10
160.36289310455322,0.00638074018040113,0.0069838218306732675,0.0030308512930869373,0.004592015980954093,0.05507703816453209,0.07052846411786966,0.01856009969963081,0.0015934380245543496,0.006915747761192927,10
160.46232914924622,0.011589013458858356,0.012291837732304427,0.010989106308285788,0.012051837299024013,0.11044438091777285,0.094106474407243,0.014523791686237766,0.0025576324278120278,0.0183772636609787,10
160.57187414169312,0.022451625165879875,0.00530204541156285,0.022246599365643067,0.003664844628865555,0.03724467519070479,0.09633992419634711,0.01997346561019737,0.0012735800272695979,0.005061546414030238,11
160.66347932815552,0.037646108388661,0.008323347602235114,0.03754297956061896,0.008084178347658968,0.13073633673198715,0.09062386150465465,0.01028008056364058,0.002338669190010775,0.01389521072508869,9
160.76217246055603,0.008370545498420753,0.006563248383619063,0.007417157710146067,0.006340802873004009,0.06905599598851489,0.01252462820752523,0.00986976313154301,0.0021892140739289277,0.010912920912146282,10
160.86214470863342,0.004146680228630969,0.008136960078317474,0.004047323974123654,0.008013861516670578,0.05431706606268157,0.08502505856072222,0.005367143561053354,0.0048837031942747045,0.00857723429621203,10
160.96259593963623,0.010727806692859661,0.0071955112836508146,0.010014025470221281,0.006917772934343188,0.12659846783324166,0.10062875237540674,0.010872240188911704,0.00544121063802285,0.01428498470991848,10
161.06386065483093,0.006194533567881686,0.008835386919798389,0.005858389700887908,0.008834722648594402,0.04080500436383336,0.05999293839164031,0.014396652860121538,0.0068108185397479275,0.0033972365482544437,10
161.16385698318481,0.0014988646434993568,0.0011496009088291018,0.00117894681916755,0.000112790331796811,0.08046575253478393,0.06778109533805783,0.00950921860050733,0.002269714559230925,0.005560432601309889,10
161.26273703575134,0.01312003241663036,0.012600535088240033,0.012783858041273882,0.012491465963268023,0.08619391103147764,0.05246073451170446,0.020313589958202226,0.009287064763018708,0.01727162184010401,10
161.3629219532013,0.011594298456829605,0.00895703797792349,0.011456403680978932,0.008231662704296303,0.023876099114834154,0.04445697870721218,0.020014042629257506,0.009166383148658884,0.0041918026756763895,10
161.46262288093567,0.010328862973594918,0.010544800028614363,0.009631817397919514,0.010091848583140882,0.10143846407007062,0.09640814931054101,0.00025123344444429903,0.0016969691046187696,0.014304096006455085,10
161.57306480407715,0.014503654328909432,0.008146884260178991,0.014473185075041252,0.008143829442336412,0.049657325616342445,0.051341359903303886,7.905440744052501e-05,0.004441811226300678,0.004249080725908266,11
161.6636824607849,0.05680572857642403,0.029523361334493455,0.05680495702486716,0.02952310729823775,0.037220567320882046,0.021343153387480177,0.00392659952804599,0.004768132596483364,0.010703940308598945,9
161.76566672325134,0.006460535099536015,0.01097932427009988,0.00622486990861383,0.010764681431430402,0.03946345645899776,0.040824226174623064,0.0020316928077486274,0.0003669477512479233,0.0022151274827452855,10
161.86405873298645,0.0037465600849917106,0.001023595257641374,0.0037342451570193313,0.0009735469002261428,0.02147174083760084,0.03625918061305857,0.003951269400207123,0.004046555844416143,0.004395221409434024,10
161.96345019340515,0.00926819822034516,0.011681145787081222,0.00922221232346458,0.011649991499642666,0.07874145347878407,0.06909343108195835,0.010028871799359166,0.0012763118291707228,0.006234249114036817,9
162.06256008148193,0.007876137782158265,0.006387656758734814,0.007816398263146018,0.006116764814166467,0.06286093590315496,0.04254186032785279,0.010070216460558336,0.00046777540436086497,0.008676689274194465,11
162.1624355316162,0.009367105861545065,0.011780150850473228,0.009341434717394969,0.011748209758699543,0.04114587954710285,0.04849179515571743,0.029916383687661106,0.003736905081732645,0.01028663102239103,10
162.26393008232117,0.011032400305954277,0.008659769543111383,0.011025296616255486,0.008613901089781372,0.04583674933617793,0.03599619074936589,0.020034881339214314,0.007751894203164963,0.015452201144253955,10
162.363703250885,0.017234064516078854,0.016879108571516633,0.01715141378669857,0.01665588341657203,0.04481839411003383,0.04222040132461806,0.01709696701586257,0.0101694144628447,0.025517397933850612,10
162.4631085395813,0.010564226208414669,0.008983234131550756,0.010564144795903358,0.008963594844904225,0.07654166923523956,0.030651215059240167,0.0443012225626793,0.004064850088669227,0.0065094882432584775,10
162.5720238685608,0.0069583673248959305,0.00591290572093009,0.006876591890864471,0.005737398245935392,0.04466866742142334,0.04043067993367116,0.022804522460345977,0.0006902811887230969,0.003221159069012163,11
162.66324996948242,0.025550102302431866,0.008577228617777963,0.025545462896133107,0.008511123550238328,0.057180502893938535,0.06041889407035219,0.004464682404843357,0.0002733020783314249,0.018359143613676302,9
162.7616913318634,0.015176121822237978,0.007026230103384896,0.015175538103286168,0.006988610183336866,0.03305792214565425,0.04904785881381326,0.008795158006336378,0.0004952018696509758,0.01459019887002618,10
162.86260175704956,0.011500873674146324,0.01709860987887378,0.011484104348124323,0.0170941377088117,0.034845899889948434,0.027785506496729704,0.005597141711134395,0.004779744388840278,0.014406309062242877,9
162.9617621898651,0.01663748059035687,0.018819533846895598,0.016611116179536242,0.01877195845359199,0.040002817299774264,0.03149345355862544,0.019921331324301444,0.0004703804883071482,0.021875905156292952,11
163.06231307983398,0.01376046115203502,0.016122861415860723,0.013619562340288433,0.01610023953676595,0.07481090053868582,0.06443277211821753,0.012024855209488584,0.00252900633345127,0.0217020571344393,10
163.16318798065186,0.003645715766490342,0.005368783260080809,0.0030098733955192148,0.004902811563695757,0.10734667552560388,0.07546183225809784,0.003940119970325807,0.0002519415724003553,0.006608609549730337,10
163.26221227645874,0.003177759071829574,0.0033955425338413735,0.00302400825052805,0.0032400017681151584,0.04211613920762912,0.025222078376667078,0.017978574852250552,0.004100587504583402,0.0134168400502473,10
163.36289143562317,0.003919205769064502,0.004257495986064501,0.0038067215856593915,0.004257416274054718,0.08059102523157766,0.08306550671143884,0.009927574365393998,0.00562830369354823,0.013167805024721315,9
163.46198558807373,0.0005590608228159832,0.001197499891931264,0.0005584650459629012,0.001180602834790425,0.07713884518422852,0.024359508878030647,9.701493395287867e-05,0.004790033842408492,0.01194834440278747,11
163.56285095214844,0.004105209098975141,0.0063959267304086855,0.004105197228900913,0.006385347803319813,0.03131554989136078,0.014210472098201098,0.010002838946060279,0.003154125227600959,0.019907779852580788,10
163.66261625289917,0.002011027728158656,0.0029047251116383625,0.0020092027653089047,0.002890685531075103,0.03465804878889529,0.023288088165068055,0.010072748399482054,0.004210275765699239,0.016750865809093348,10
163.7624101638794,0.001159985644361134,0.0023651184860341424,0.001153873567018629,0.002217459347374554,0.059552447547661994,0.06126239123149716,0.00011115800278758269,0.0016479458916682918,0.005170397926159153,10
163.86276412010193,0.00019884504567402187,0.002368697160282631,0.0001953413954246746,0.00234884771993004,0.07273285325348577,0.030539870052590703,4.7346076442505954e-05,0.0004847075148777407,0.004551947735996616,10
163.9627170562744,0.0008226301537626588,0.0015746905126522333,0.0008165404009190414,0.0014898861169961898,0.03470697121318781,0.04242901247302995,0.009922179057387978,0.0033843293723108316,0.014339329776863152,10
164.0645089149475,0.0028331349368556445,0.004886087207702733,0.0026940508728285958,0.004810498235155862,0.05546545328279743,0.025546401944903895,0.009865814869075864,0.0035189551013778144,0.006428739419274409,10
164.16338896751404,0.004270645273859742,0.004498098581520758,0.00416230386816013,0.004497187582651725,0.045390573831076225,0.028292453382489386,4.598532006458527e-05,0.0011366066759340202,0.00944133708210019,10
164.26173853874207,0.0027788976026393466,0.004471345040752316,0.002777043275856501,0.004415753813050017,0.050523181117019055,0.04381862388524486,8.035874240684053e-05,0.0014895899478666033,0.00484101878209066,9
164.36327981948853,0.00589169891219026,0.004185876566228536,0.005785494807248113,0.004003635590152642,0.04165033250555509,0.02934627238821242,9.849139906277763e-05,0.001586329105108494,0.005065407021499276,10
164.46263527870178,0.0035931397905762065,0.0037556241999137344,0.003454937490438016,0.003696090975425017,0.0509902267657043,0.036608345037160685,2.116145880410582e-05,0.0024333476105837834,0.004906673648189113,11
164.56236124038696,0.003020065643693862,0.000998733560747009,0.0021714087896056813,0.00041657348948819065,0.05000003071539506,0.036969856120922566,7.76942370225544e-05,0.003506462427456209,0.0034460611926241274,10
164.6623830795288,0.005892610443077745,0.0075281051878422845,0.005830912859770263,0.007502717549759691,0.05467480611327181,0.027687685828680513,0.0030702821158890394,0.0010214199321372979,0.008061806897864078,10
164.76314783096313,0.005542558371790501,0.003365707663957829,0.00546457976475706,0.0033538779892795054,0.0329530605488934,0.01365981047157009,0.005944099879713931,0.000542371633215159,0.006664169413951341,10
164.8619945049286,0.005609295330250577,0.006624054982056586,0.005608359395754224,0.006609982873318132,0.042671719313791774,0.051412415534471505,0.00284478641051462,0.0013816913926051357,0.006998604106736943,10
164.96287894248962,0.0014565616642186468,0.0027146960482546034,0.001203126473896289,0.002601822417769026,0.06717813547707534,0.03052822127979493,0.010161277328668868,0.0008332876138308649,0.00807099967875951,10
165.062646150589,0.0026529271306944746,0.002177023302600357,0.0024769107934394974,0.002019300773095966,0.029070041569151592,0.022901976811571273,0.010047488326597345,0.0002761246001097288,0.004204600378855203,10
165.1628646850586,0.0013632586129845145,0.0017693477316602672,0.0007815250982409878,0.0015571265922397603,0.05088748783370563,0.042113868978988014,0.010105137123312308,0.0033342176141898452,0.0037798113581632214,10
165.26193380355835,0.0025277628497674823,0.0036932685863906643,0.002253671304984967,0.003478737668203517,0.056792580278463775,0.022275162486781828,0.018508635233512805,0.006456248336519915,0.008600358790707759,10
165.36192226409912,0.0031612599335907533,0.004594210805377516,0.0009936177489784255,0.0030717717916036026,0.012060888928708357,0.03229557470645794,0.0067584581756488,0.0036492875629063554,0.002921213010912553,10
165.46234369277954,0.006135139429731034,0.004692435567409018,0.005754900451330694,0.004131210715787669,0.050018239764988065,0.04117888642588387,0.0017460801429381111,0.004026589025435611,0.0041135693541847,10
165.56342363357544,0.005293874092558385,0.0071791105923119285,0.005292679144242526,0.007177047451854989,0.04544219470548694,0.016435881746783097,0.00990212202434024,0.0076727896751443226,0.0048925599974501905,10
165.66412115097046,0.003756826193002933,0.0027255848958498996,0.003623655105097721,0.0026840617223617635,0.025076746358009876,0.02502950444587721,0.020012154939189956,0.004899199616555475,0.00448029893578982,10
165.76246976852417,0.003937822737294618,0.004269825195995584,0.003787354288025083,0.004141923070128153,0.032712356396788024,0.02176210859652389,0.010078457640855576,0.0018404005853135,0.002667549168942579,10
165.86223888397217,0.0020544763896693063,0.002948992141809953,0.00021063224920124247,0.0023523196914769728,0.021985441458559435,0.015269482470160573,3.8514808700326056e-05,0.002990250223921928,0.0012363199295419643,10
165.9611897468567,0.0016468280528339277,0.0028815206228025823,0.0013041412434357845,0.002815064349960138,0.020000012430852185,0.013375420252748037,3.67407626249872e-07,0.0015569062597142582,0.0014944226368049241,9
166.06326603889465,0.0024429782674970637,0.0011103777409013648,0.0022317949236949834,0.0008350578188285164,0.010000007370415148,0.007404374780153293,0.010000007370438685,0.0013591323504928967,0.0020630439012403736,11
166.162015914917,0.0038879178920914635,0.0037905144826372366,0.003762436366887977,0.003698981549286665,0.029164519203612207,0.015163252967835055,0.018711226209461987,0.007919000244968694,0.0011986950815766795,10
166.262708902359,0.0034461832140760197,0.0023069693316237084,0.0032962862836212583,0.0021486419710516473,0.02131462261383238,0.013612366990501746,0.007373382941525189,0.004116071892383147,0.00296549137261299,10
166.3623218536377,0.005600203663310775,0.006992870865377529,0.005600167726629891,0.00699207612755341,0.02239721822964803,0.034652682222857174,0.0012871544172528106,0.0031513279307255004,0.003549796153810194,9
166.46156549453735,0.0028580292820287747,0.0016186999281230787,0.0027037439268596084,0.0014879059705660846,0.02452553253116451,0.007920114019418249,0.01005433930394909,0.0032024257984012584,0.0008593008320097017,11
166.5642147064209,0.002564286476788983,0.0038417906987071515,0.001666736866180866,0.0033248618494515782,0.02000001474174925,0.005241724966875658,0.02000001474176793,0.0035539805585486526,0.0019312733565306367,10
166.69603872299194,0.010114619352662512,0.0031495809173024926,0.010114619283139947,0.003146398302057412,0.015409017794387398,0.013366782655032244,0.009974597180665455,0.006925270795456726,0.0019291236272605612,14
166.76392316818237,0.024300120454561962,0.0030866738223660544,0.024300109615326533,0.003084156542137121,0.015894633572356726,0.0064408449258690345,2.6335480685050494e-05,0.006169348791220064,0.0027130417454827773,6
166.86211442947388,0.010400025101274201,0.0013499535847367498,0.010400024979589452,0.001333682447788902,0.01175414650798736,0.002607508780553012,0.010000151131433955,0.0015375579904536225,0.0011837059276507498,10
166.96207094192505,0.001894364173760158,0.003265940560778881,0.0016246051989380794,0.003148041318719838,0.024465683540142658,0.014406620546208943,0.0199742701797467,0.003438703647833266,0.0029370445369652984,10
167.06165885925293,0.001725305303862969,0.0012580017293309725,0.0014274631990915986,0.0006362356146485064,0.014142144405823438,0.005217150572772315,2.7490144600276956e-05,0.00036704442593768813,0.000749134854148095,10
167.16269278526306,0.0024203242040266282,0.0047756434202910255,0.0024203242026105973,0.004775627332260718,0.02000001474294435,0.007376685435657287,0.020000014742963815,0.004034617843964323,0.0035251164437432995,10
167.26165080070496,0.001390873627849278,0.0020397442310483584,0.0013906282359801118,0.0020358388404387267,0.010000006216289204,0.011071153936840598,2.5539979024339927e-05,0.001871386043202182,0.0024063812128579803,10
167.36379766464233,0.0027423536969154406,0.00492637285517856,0.0025430771387703523,0.004726359622201007,0.0141174410472161,0.003489743597690192,0.009974502059282263,0.002696850262541657,0.0026136075957527106,10
167.4623167514801,0.0018356540266027197,0.0014131473292908457,0.0015557092107347718,0.0009827760052579762,0.024467110249720432,0.013220861766353856,0.01997430566478817,0.00284088851439541,0.003496110706834671,10
167.5618598461151,0.0013812912520999772,0.002602050315866191,0.0013809642097269955,0.0026014492181248277,0.017300858916517902,0.006586882754651463,0.009972551678141052,0.0022748354989773466,0.0013743627951121125,10
167.66164779663086,0.0027342206322420928,0.004509918347077005,0.002733836886466028,0.004509179364026826,0.03384513628063055,0.026610723265792217,0.027300430945270775,0.006760106355063841,0.0031148858765947815,10
167.76330876350403,0.0004713845899774198,0.0012829574872658094,0.0004700722827797795,0.0012821454322892306,0.02302481886533257,0.008427417373813471,0.014648783320855426,0.006599218118279087,0.0014475883534917839,10
167.862163066864,0.0007185254559758725,0.0009973629897807711,0.0007177600538093417,0.0009198246852876142,0.016904438368282714,0.013447621567314471,0.011214672953072819,0.002167228897898421,0.003121810095239815,10
167.96299195289612,0.000920832204555208,0.003013983472955734,0.0009208320694702736,0.0030137806997265295,0.010387772076390998,0.010561315559921578,0.002816932946598525,0.0018006280590368248,0.002257525919855579,10
168.062837600708,0.0015550487718311858,0.0030332086917158945,0.0015547688965363996,0.003032831833400893,0.018150971126510956,0.004734906637069178,0.0113811406663812,0.0029135269677768583,0.0014512164177475986,10
168.16381406784058,0.0015018709945132079,0.003212659718228292,0.0015018709935747652,0.0032002908870369137,0.010000007372132,0.0032109237565409207,0.010000007372143464,0.002211247269159793,0.0013867909114283657,10
168.2623565196991,0.001608865369587474,0.002450809674013768,0.0016088653688426564,0.0024498882312920097,0.010000007372131995,0.006224091679464045,0.010000007372143464,0.004608854630896624,0.0007362559090874308,9
168.36282420158386,0.0010875134926646888,0.0023582299915829628,0.0004262304112139183,0.002216428434194931,0.010000006215450148,0.00624329151028484,6.473929998587907e-08,0.004270294280835835,0.0018750754476570893,11
168.46458101272583,0.0010992591578316794,0.0030341526853269792,0.001099003820545219,0.003024051306539673,0.014142144404786158,0.010708731169980952,2.5542027454221416e-05,0.0024756053383727995,0.0006700052507496594,10
168.5643870830536,0.0012275193735292917,0.0017235631484580933,0.0007803903660652161,0.0014343885665433597,0.020000012432717235,0.008918972353605696,5.117874633153049e-05,0.0026859113936751403,0.0009176796079687588,10
168.69537663459778,0.0015630259345640301,0.006493525684788208,0.0012248335722036272,0.006467603054339302,0.011088325302212055,0.0033434047699248274,2.831855360283269e-05,0.0012854319090890858,0.0012164621933720774,13
168.79753184318542,0.0035001066731391033,0.001279098566391159,0.003348015711495985,0.000974911557083504,0.012679443873807955,0.012267928623070017,0.009979998521216815,0.005865134759908646,0.001091557315041042,10
168.86440324783325,0.007682034626103354,0.00358232684212309,0.007681998594187314,0.003581924404244955,0.01670045398635573,0.00966196905385239,0.009977218255499232,0.002978023635230419,0.0005672893046524898,7
168.96259307861328,0.00395100498713565,0.0013996213329923847,0.003951004924758845,0.001385067036547963,0.010000006215464105,0.0009664125042240369,5.526455481198652e-09,0.000877035837377813,0.0009770443677317088,10
169.0630340576172,0.002554824200470663,0.003948984336124202,0.002350794405752816,0.0038373640747836517,0.014142145202663678,0.0136933469774769,0.010000001845204538,0.0067225363465433065,0.0010775011134705286,10
169.16201758384705,0.0017526930902677647,0.0028660456524492364,0.001439989988168779,0.0026237552380482944,0.014234288261747354,0.0019182723567417242,0.010129858305377451,0.00016651203418520112,0.0006660308530363097,10
169.2624533176422,0.001695748517692836,0.00328896377004468,0.001695748517031677,0.003286197245414905,0.009740225588116234,0.008734162074278263,0.009740225588107006,0.008125183791242887,0.0005451391108040373,10
169.36406636238098,0.0011301333364434876,0.0022146378585555806,0.0005265221729086304,0.0020145487786988434,0.009870116480130314,0.0016237185344179664,0.00987011648015068,0.0001938118896593296,0.0008672478058146788,10
169.46191120147705,0.0023636328157323277,0.003295179245953313,0.0012604268975130951,0.002516061899982482,0.014142145202328135,0.015288746167720994,0.009999967059376209,0.006742968534386944,0.0007948984504851423,10
169.56323528289795,0.001473290888100595,0.0028380185370571907,0.0010819967059761738,0.0026295708216164957,0.014142145202323687,0.0016860857356973738,0.009999932931999031,0.0013632141877836664,0.0005395338071010354,10
169.66238403320312,0.0018671722306549626,0.0026849541653573704,0.0015768353214723535,0.002547922003953934,0.0,0.002263094504433111,0.0,0.0011890854921843715,0.0008303024996964616,10
169.76181817054749,0.0018265460877458085,0.003150614197961953,0.001528520316138842,0.0030334804325577573,0.001478756469617145,0.001691178257559332,0.0014787564696310117,0.00030079238740454554,0.0007168248908321767,10
169.86226749420166,0.0030759156065214483,0.004442049517683722,0.0029088582315592473,0.004355910575940183,0.0029575129392451303,0.0029972537969027804,0.002957512939236579,0.0007967958054595702,0.0005510664702167632,10
169.9638249874115,0.0012178579869324174,0.0026337898387702547,0.000731342222247284,0.0023501049033549572,0.010112069453117413,0.0041580730524333745,0.0015043263711611281,0.0010905082878883976,0.0017119034037421709,10
170.06411623954773,0.003401721230933659,0.0017015480022570745,0.003401318658710752,0.0016823090201807248,0.020000012432759416,0.0075900162448122215,5.110501710468192e-05,0.0010127917486383055,0.0018279212046800732,10
170.16242599487305,0.0014788183857920806,0.002564085317860942,0.00106549544327684,0.0024077628215765827,0.017070608876181264,0.018145554848117095,0.009562650771204677,0.008553507797770823,0.0013467921495736244,10
170.2626748085022,0.0019886259131010947,0.0034311486691938073,0.0017344173171959937,0.003231827341996461,0.024123244830793495,0.01564309005347046,0.009048549633716447,0.00029297312631113107,0.0018881088069541176,10
170.36354732513428,0.001159669506232773,0.0030450116290799225,0.0011593434318267395,0.0030399546000735387,0.02212698394256776,0.009333531707492525,0.0004903141656280109,0.00011078122359335279,0.0021584409324063875,10
170.4627184867859,0.006189115614067046,0.004741599488522701,0.006189065207130158,0.004739903230707054,0.013768898166069816,0.012729542045037975,2.5565137110092553e-05,0.0003231503845180364,0.0006477767818806174,10
170.5620822906494,0.0019355936549713879,0.0014533106193325407,0.001672775140022353,0.0009405797470701588,0.010003586149046768,0.006087327734641275,2.5559292929920897e-05,0.0001364981694689469,0.001868810726483371,10
170.6645951271057,0.002008122044006648,0.003981675472881429,0.002008122042966055,0.00398005618229594,0.0,0.006396678807643628,0.0,0.0007289651318407185,0.0011967419144596348,10
170.76144766807556,0.004992003673012512,0.006058958039462313,0.004573918010194504,0.0057740385127467335,0.0,0.005599307273389741,0.0,0.0001528986068626057,0.001451118953000058,10
170.862628698349,0.001000001354306901,0.0021307372848186614,3.541411716059786e-08,0.001757932626234207,0.0,0.003655259261163689,0.0,0.0001484237039784154,0.0006137526308004319,10
170.96157455444336,0.0011539361925174667,0.001685638991109077,0.0011539361919367466,0.0016798878057869343,0.0,0.0022722998041484477,0.0,9.473413043091992e-05,0.0013941406496610885,10
171.06187915802002,0.00039684520317165745,0.0014152916794401198,0.00039684520306940775,0.0014099124320029667,0.0,0.0032370306798679767,0.0,0.0003702385140574323,0.0006412995425636279,10
171.16216588020325,0.00032574162032495736,0.001443387703851836,0.00032574162024102797,0.0014354301744121853,0.0,0.0043106647647083865,0.0,0.0007538424111277396,0.0009689640859182202,10
171.26175665855408,0.0015246152262250114,0.003112996940541977,0.0015246152253245336,0.0031101385243570688,0.0,0.004114611546521208,0.0,0.0005273661684794619,0.0010657589684610713,10
171.36155033111572,0.0014920142761158648,0.002048908831826826,0.0011072711635629416,0.0018663752791678412,0.0,0.0014350099786474108,0.0,0.0007329793266975224,0.0006449520542404948,10
171.46264147758484,0.0016305614245770608,0.001791402808751694,0.0012879197665238652,0.0013880088273647735,0.0,0.0037247232303085015,0.0,6.5654418847715985e-06,0.0004940735117073028,10
171.56149864196777,0.004982168059767319,0.0038413656337371233,0.004982168056905946,0.0038395965428746084,0.0,0.0022769483600222898,0.0,0.000175088371818553,0.0004843998012839743,10
171.661301612854,0.0005018250488067768,0.0021832698372585323,0.0005018247773104361,0.00217761046244931,0.010000006215470645,0.011037329978250328,5.526938925510234e-09,0.00010111830354795293,0.0005369471561852254,9
171.76283955574036,0.003214858904110267,0.004935845020233029,0.003214858898900025,0.004934319871233062,0.020000012430941,0.011441688760743356,2.373146703358424e-08,0.0007005363720436176,0.0005061125154966939,11
171.8615641593933,0.0011787235682510133,0.00251534584749667,0.0011787233551998923,0.002511006489919853,0.016492392476426046,0.007730285612728324,4.786139395766223e-08,0.00013689000105804005,0.0004004717533305477,9
171.96147990226746,0.0010001558739904286,0.0019669786486380316,2.4487123865477737e-07,0.0017671725609899778,0.0029847663064406266,0.0028218798444862437,5.091126600837377e-09,0.0006577520156437758,0.0004619428129688401,11
172.06280779838562,0.0009992958584881583,0.0021349039694695897,8.594840000062788e-07,0.0018198647248799129,0.013507626169985494,0.01011891941107774,7.749866759041263e-10,0.0009860619652003967,0.0004560234239108752,10
172.16188073158264,0.001106497339989133,0.0022438743116857834,0.0011064972038147243,0.0022390920346675915,0.010000006215470304,0.0013763059381784032,4.031230925455239e-08,0.0002904056645609528,0.00031552569368038905,10
172.26442742347717,0.0011070063369539266,0.0020037058090877744,0.0011070063366215648,0.0020003827347204535,0.0,0.0018745789175365554,0.0,3.1769589244517162e-06,0.0006360003178351421,10
172.36273074150085,0.0,0.0016957160857081137,0.0,0.0016889433563732144,0.0,0.001179175189644142,0.0,0.00014126599149052495,0.00037288105743742465,10
172.4619026184082,8.925721923581847e-05,0.0017043859814089624,7.03648947760337e-07,0.0017028825462364994,0.010000006215470645,0.011540358893665286,5.526938925510234e-09,0.000296117497882983,0.000613913994832503,10
172.5624008178711,0.001926774611755032,0.001670322897905148,0.0015239649789300612,0.0010636809895272852,0.010000006215470572,0.0011959092815588873,2.9258405959094473e-08,0.000708395164022168,0.0005015645197686591,10
172.66142392158508,0.0010521658715077625,0.0007347921743846741,0.001048326659507069,0.0007309259449432161,0.0,0.0013757854958982316,0.0,0.0006527043309671106,0.00044508877632172864,10
172.7619709968567,0.002573214498992799,0.00424254959919539,0.002370988497286521,0.004148641016999456,0.0,0.0013520590783193686,0.0,0.00010535373501495567,0.0003235129627293442,10
172.86134243011475,0.0,0.0017588031175444967,0.0,0.0017533314332318659,0.0,0.0014601573357453956,0.0,0.00029162939890286377,0.000639927794396414,9
172.96178483963013,0.0,0.0018114047173746,0.0,0.0018042749850913002,0.0,0.0005831462736753588,0.0,0.0005817691935445506,0.0004847232726098986,11
173.06396293640137,0.0,0.0018671394669344762,0.0,0.0018630647432941031,0.0,0.0004128956597669768,0.0,0.00033007731883346133,8.29808622530609e-05,10
173.16220664978027,0.0010483284437931503,0.0007059928916575382,0.0010483284435230421,0.000689262993787988,0.0,0.0014927818730664053,0.0,0.0006350973686277002,0.00036507946489306743,10
173.2617588043213,0.0014487910724698308,0.0029393355382623778,0.001048351635813664,0.002813265738459922,0.0,0.0003982462510720028,0.0,0.0002767117755151368,0.0004998900652340041,10
173.3616452217102,0.002514847912734165,0.0023918897339961797,0.0015246837095991886,0.0010600787233115948,0.0,0.00034630858201368646,0.0,0.00010830171298389236,0.00019014577356173332,10
173.46132612228394,0.0018233087581122514,0.00324716439285566,0.0015246498073646902,0.0031351742682897196,0.0,0.0014733379909351056,0.0,0.0010411329415820276,0.0006484623057008973,10
173.56256532669067,0.0,0.0018295145242701164,0.0,0.0018257545705742013,0.0,0.001108324895613953,0.0,2.813621314083307e-05,0.00029797945509262805,10
173.6617226600647,0.0010483289695860302,0.0007556776086667288,0.0010483289692984849,0.000743779467044787,0.0,0.00025237104023218167,0.0,0.00021414728045090301,0.00020133508064236626,10
173.76167464256287,0.0010483289695860302,0.0028185037898092206,0.0010483289692984849,0.0028152797087393987,0.0,0.000729857581707709,0.0,0.0005705063517497361,5.920380472560591e-05,10
173.86411309242249,0.0,0.0018600961671421847,0.0,0.0018541992823246098,0.0,9.157615125220974e-05,0.0,3.284029254648466e-05,0.0005674928334112805,10
173.9621937274933,0.0014487897055210528,0.0011157131039330826,0.001048304152226385,0.000715732034770473,0.0,0.001000552726445134,0.0,0.00048727245126750185,0.00046964349111253996,10
174.06140303611755,0.0014487897055210528,0.0030158499586285872,0.001048304152226385,0.0027951565770435883,0.0,0.0006055936917535314,0.0,0.0006010142272417801,0.0005919495584308573,10
174.16261172294617,0.0,0.001841742286786868,0.0,0.0018364441651492758,0.0,0.0005772440915374343,0.0,0.0001252212364683384,0.0004425895482127873,10
174.2631757259369,0.0,0.0018131580477688037,0.0,0.0018071127187437271,0.0,0.00024528669226017756,0.0,0.0001348400111272038,0.00020935893208785813,10
174.36257886886597,0.0022763596600265295,0.003564803356822233,0.0010870645166228198,0.002855361381961831,0.0,0.0007312734154093052,0.0,8.845790508533141e-05,0.000246381471244045,10
174.4619061946869,0.001003005256706574,0.0018873662215872066,7.754299542623787e-05,0.0016843243690617125,0.0,0.000564174676660252,0.0,0.0002906425553269607,0.0003548153017421115,10
174.5629026889801,0.001420978219058687,0.0012096901040588373,0.0010095215245079694,0.0008217490048927156,0.0,0.00042642945734271397,0.0,0.00017787187946280113,0.0003274869809091335,10
174.66170692443848,0.0,0.0017448629924810453,0.0,0.0017378480663530415,0.0,0.0004815835953350424,0.0,0.00012823360026313589,0.0002971871429285765,10
174.76242089271545,3.223933430778535e-07,0.001806564078356269,2.593734029984823e-07,0.001801774580420415,0.003670180563198204,0.004320864065698439,2.0120952248061757e-09,0.0005555768769028218,0.00047661302573874287,10
174.86223578453064,0.0009996161995148413,0.0019658564502559282,4.848646064946823e-07,0.0017686124637530658,0.007340361126396526,0.003977937532902949,6.614535959946047e-10,0.0009355810728190793,0.00033945494499882116,10
174.96236085891724,0.0009998075995681082,0.002114911679846985,1.6145910140513987e-07,0.001785052856246403,0.003670180563198377,0.0006099110731342213,6.697764714850584e-09,0.0002059189905092327,0.0002874301411830052,10
175.06152653694153,1.724272177981025e-07,0.0017448285204610101,1.3872196030575642e-07,0.0017400034386290224,0.0019629405426743627,0.002389545966346222,1.6590282107262738e-09,0.0002567136145854402,0.0005158728785221125,10
175.16236758232117,0.0011068852009048563,0.001944467697291509,0.0011068851907289016,0.0019380260573516517,0.0023759365589521107,0.0044999843573831156,1.4072555021416219e-09,0.0004984715333986167,0.00036111808621399136,10
175.2626030445099,0.001317672501421834,0.0024028496220240884,0.0013176724973573372,0.0023992052590722855,0.00254488770254095,0.0019640112586800894,5.273512328491221e-09,0.0005077590048920877,0.00029993148829696224,10
175.3623969554901,0.0012525185596651198,0.0029608268543454084,0.001252518559022883,0.0029575711928310155,0.00011020977299838527,0.0014834603517276295,2.504750422746149e-10,0.00031172450034036326,0.0003490493086061147,10
175.46248316764832,0.0008965026539085483,0.0018482615625921633,0.0008965025956932707,0.0018436036881367937,0.005746662533098771,0.004138653242682718,1.1233820912678947e-08,0.0007048642341699959,0.0003204537213705352,10
175.5628535747528,0.001048442084026751,0.0007932610560352024,0.0010484420829127445,0.0007815248104121378,0.002315079493440543,0.006050604940535956,1.8148245012430826e-09,0.0001742883413787537,0.00016681923745783474,10
175.66185474395752,0.0010003214000361507,0.0019388984970833828,4.6957601869199294e-07,0.0017390171419083182,0.006157542854455644,0.0006537045554450262,1.3900855957492092e-08,3.6887760483477588e-06,0.0005862593365238687,10
175.76293396949768,0.0010000000943434625,0.002143394837940865,3.4385401848361127e-08,0.001806644299665974,0.0,0.0005328150991702367,0.0,0.00047027756883998847,0.0001578242999237284,10
175.86234402656555,0.0,0.0017689925855780399,0.0,0.0017628107079377497,0.0,0.00038265703077070966,0.0,9.444103455646964e-06,0.0005350064120172382,10
175.9618377685547,0.0,0.0017889696478984966,0.0,0.0017828242854668842,0.0,0.0004905648724473344,0.0,0.00034793197485824404,0.00043604942744070646,10
176.06190657615662,0.0,0.0017770790614365151,0.0,0.001772856046852608,0.0,0.0006236188500920767,0.0,0.0003728306268620581,0.0005074254196582586,10
176.16208720207214,0.0009999999503852817,0.0019909067052203953,3.404584874754444e-08,0.001793830418514591,0.0,0.00021466615123380184,0.0,0.00019280878009067463,0.00031511914279836394,10
176.26160645484924,0.0018120433061345894,0.0026216792122501988,6.169256230462192e-08,0.001762101177941439,0.0,0.00017035822943414417,0.0,0.00011267866648833481,0.0004393703452680235,10
176.3619511127472,0.00037591333323029087,0.0018676146458834184,1.3139741914951674e-08,0.001800899071080211,0.0,0.0005641541264019848,0.0,0.0005387920090962581,0.00021300165909247202,10
176.46239161491394,0.0010650446302819941,0.0007765220644755021,0.001048323934301149,0.0007739752124132514,0.0,0.0005979108304790006,0.0,4.6678773501118885e-05,0.00019152687529728801,10
176.56244707107544,0.001048328749632326,0.0028284345615840695,0.0010483287493430926,0.0028254404542710655,0.0,0.0008706231572727279,0.0,0.0003601557455274168,0.0005370730817327113,10
176.66153812408447,0.0015001783762339117,0.0020842281899608323,0.0011071862680221045,0.001896691003307606,0.004676319937327251,0.004898246225351601,1.1962274368815954e-05,0.0002370475117067084,0.0004899427190855867,10
176.76166129112244,0.0011069783303464039,0.002246684922721175,0.0011069771666449893,0.0022427834982253667,0.0006473663417178186,0.00575066479675567,1.6543449584577872e-06,0.00014219511502162416,0.00014270819564028283,10
176.8628580570221,1.3934591402596756e-05,0.0018413999096089536,3.7479186402594183e-07,0.00183441132649703,0.005323686279045178,0.0004338649241975855,1.3599153578407078e-05,0.00026414029116341293,0.00035651712508405264,10
176.9655499458313,2.6174720550261405e-05,0.0018930440077857575,7.064282867109995e-07,0.0018838511230349125,0.010000006216372283,0.010159354742718132,2.557128682706913e-05,7.029833442301314e-05,0.0005045772874230765,10
177.06175303459167,0.0010261663186274502,0.001891633065930867,7.146108636805121e-07,0.0016601166791251492,0.010000006216372221,0.0007307369976680713,2.5606071917509364e-05,0.0005813964245717741,0.0004866876853875491,10
177.1626055240631,0.001000001007556741,0.002162763205138266,3.390263210967839e-08,0.0018104966635056681,0.0,0.0005323215513923845,0.0,0.000491032327877865,0.00042374316143631676,10
177.26244449615479,0.0,0.0017847780282011262,0.0,0.0017790676508040607,0.0,0.0003781769297808322,0.0,6.506517567465402e-05,0.0003685475373654897,10
177.36194157600403,0.00242127267202944,0.003205817295721337,0.0011069527858184143,0.0022445347912061746,0.0,0.0012750946466619406,0.0,0.0005341522592842606,6.219347206191109e-05,10
177.46137022972107,0.0017126441401795445,0.002245814264045943,0.0011069738188312945,0.0019196483227994262,0.0,0.0012874020350546397,0.0,0.0012592408424562356,0.00023569072663674433,10
177.561687707901,0.00015339264088898142,0.0018019160087203814,5.222363464117908e-09,0.001779467977292823,0.0,0.0007979579364620241,0.0,0.0005698192855031138,0.0004281517583471622,10
177.66215300559998,0.001000091353399724,0.0020016311795210636,1.5784224405900408e-07,0.0018014746745643817,0.0017517741384547414,0.0020671481787041574,1.544884464317911e-09,0.0014605987665395135,0.0003795249857230683,10
177.7614004611969,0.0010484358636213226,0.0007556795342242208,0.0010484358596519483,0.0007442704511524671,0.002210317375825848,0.000631624971885388,7.786506748971724e-10,1.189276980913968e-05,0.0005851961133714328,10
177.86243891716003,0.0010482866727962686,0.0028643765295908448,0.0010482866702231852,0.0028613869799714153,0.0008346876637125193,0.0008722304346346774,8.692328722252532e-10,0.00013263755670226841,0.0002841340478737169,10
177.9627242088318,8.000725202867352e-05,0.0017820677760991472,8.00072219750417e-05,0.0017769868338974183,0.001293230901083746,0.0006412070674847695,1.8253839427855416e-09,0.00048381184645633613,0.0003055035910012432,10
178.06289434432983,0.0009468601207461322,0.00185751203216578,0.000946860120485026,0.0018512217489599673,0.0,0.0005662415260480956,0.0,0.0005530671944066534,0.0002616322556975395,10
178.16217017173767,0.0012397599104667129,0.002332968254978559,0.001239759812601747,0.0023287106667731422,0.010000006215470645,0.009837203042140622,5.526938925510234e-09,0.0005625418374465741,0.0004037438460467364,10
178.26212882995605,0.00042514431417224504,0.0017404443590468325,0.00042514397305216906,0.0017360913035001347,0.010000006215470304,0.00022271181257222468,4.031230925455239e-08,9.993880662510673e-05,0.000502874544696921,10
178.39669489860535,0.00021231722534292556,0.003270855559766049,0.00021231722528437696,0.0032608494366561705,0.0,0.0009612420689449379,0.0,0.0004598727659424757,9.023454013591393e-05,13
178.46280765533447,0.0,0.0007742335229937973,0.0,0.0007722746779305701,0.0,0.0009643235725560128,0.0,0.0003891484736727481,0.0003546524138354977,7
178.5630588531494,0.0015246161079489392,0.0031399348592017874,0.0015246161071263392,0.0031373843468244186,0.0,0.0005407108707491646,0.0,0.00031478083128341083,0.00014725668902585798,10
178.66267204284668,0.0015246161079489392,0.0010480451008471703,0.0015246161071263392,0.001040018269049081,0.0,0.0010038957454826338,0.0,0.0007993780460005757,0.0004932103851571901,10
178.7609989643097,0.0,0.001708926353039252,0.0,0.0017042769867104456,0.0,0.0010787979768088877,0.0,0.0007611553622658557,0.0002309714540759535,10
178.86122798919678,0.0,0.0017811757105221481,0.0,0.0017765890778348563,0.0,0.0005645130132942582,0.0,4.1629849731238725e-05,0.00045489856309540827,10
178.96147418022156,0.0,0.0017956222606922217,0.0,0.0017908382911583382,0.0,0.0009359098076472468,0.0,0.0008329792431517235,9.357897986166849e-05,9
179.06452822685242,0.0,0.0018908679205873493,0.0,0.0018847839413751173,0.0,0.0003493951744828975,0.0,0.00026180050957277386,0.0006383293031258043,11
179.16270327568054,0.0,0.0017179212036530524,0.0,0.0017138754148467985,0.0,0.0004712664758347483,0.0,0.00010066431336094246,0.00042750792207331786,10
179.26275157928467,0.0,0.0017921384067019184,0.0,0.001787037088305247,0.0,0.00027864800767808944,0.0,0.00018373145026222957,0.00016769557711475094,10
179.36189603805542,0.001048328749632326,0.0027937633080798215,0.0010483287493430924,0.0027909434132576414,0.0,0.0006496852369985182,0.0,0.0006268062861145091,0.00030214992752801537,10
179.49792575836182,0.0010000003102882352,0.0031566343127753423,3.48990911801534e-08,0.002902027868522662,0.0,0.0005624834387474459,0.0,4.216432227690852e-05,0.0003342898759115752,14
179.56384253501892,0.0010000003822604494,0.0013781367365676572,3.507147859777476e-08,0.00130913743153475,0.0,0.0002750268980798165,0.0,0.0001615818540325763,0.00036180541940272987,6
179.66159772872925,0.00104832896958603,0.0003354361171402646,0.0010483289692984846,0.0003079080393670795,0.0,0.0012169619896960106,0.0,0.0009057329534737187,0.00027814917099271553,10
179.76117539405823,0.0,0.0017945762230926028,0.0,0.0017904481199191263,0.0,0.0008504967708705282,0.0,0.0005623761923522083,0.0002033081281652943,10
179.86148142814636,0.0011070058986020633,0.001949540159434372,0.0011070058982735403,0.0019447358484238767,0.0,0.0009561501101598779,0.0,0.0003844768346526256,0.00023302577682588385,9
179.96229195594788,0.0011070058986020633,0.002277576319503211,0.0011070058982735403,0.0022722381576103664,0.0,0.001346922728493614,0.0,0.0010007167382874722,0.0002738729509866791,11
180.0630030632019,0.0010483289695576083,0.0008036248390670266,0.001048328969270063,0.0007880741374520327,0.0,0.000494733803423358,0.0,1.4882496018714066e-05,0.00017527375442487241,10
180.16476583480835,0.0010483289695576083,0.002897343347367731,0.001048328969270063,0.0028939982770347338,0.0,0.0008179647198191985,0.0,0.0005410525085932414,0.0005982538080087028,10
180.26290655136108,0.0,0.0017330734106496173,0.0,0.00172812748220356,0.0,0.0007517668823964304,0.0,0.0006428855265934405,0.00013611487593896408,10
180.39638471603394,0.0025732145020704892,0.0020835832736898078,0.0023709465810365484,0.0019338984450979011,0.0,0.0005997565409269361,0.0,1.8276466911636844e-06,0.00018896966206024643,14
180.4651300907135,0.0025732145020704892,0.0020343046302674747,0.0023709465810365484,0.001952696842307614,0.0,0.0006054354078028984,0.0,9.687189143219016e-05,0.0003373098537759485,6
180.59878611564636,0.0014487891315433355,0.0022965948811445127,0.0010483042862519838,0.0021654315773514013,0.0,0.000871266313488201,0.0,0.0005537932222700125,0.00011845477384666698,14
180.66521000862122,0.0014487891315433355,0.0014221085525322771,0.0010483042862519838,0.0013089754105147353,0.0,0.00044833403838910065,0.0,0.00019766728547666407,0.00031740216282460834,6
180.76185536384583,0.0,0.001649398829462573,0.0,0.0016458344071016606,0.0,0.00047899005355255317,0.0,0.0002460041111907775,0.00017221687041598188,10
180.8616201877594,0.0,0.001771526719196818,0.0,0.0017668840397229704,0.0,0.0008048046393195345,0.0,0.0001997247955873225,0.00017307650600198603,10
180.96164536476135,0.0,0.0017790254064374924,0.0,0.0017742252546158572,0.0,0.0010171956606844193,0.0,0.0009741803571535228,0.00024378888174896913,10
181.06267786026,0.0,0.0018274992432668366,0.0,0.0018231078280916753,0.0,0.0004701292717160875,0.0,0.0002964929003041468,0.00024822457838251746,10
181.16121530532837,0.0009999999503781693,0.002052318471720948,3.404585005519068e-08,0.001714231164362224,0.0,0.0004901213627114516,0.0,0.0002463395891268024,0.00038683577087647114,10
181.2611541748047,0.0019377760963018413,0.002541402226020868,6.59732401794492e-08,0.0017776408339347724,0.0,0.0007119409500413721,0.0,0.0003057864795821614,0.00044032532015001727,10
181.36128854751587,0.0012858137317957275,0.0029566322841272884,0.0010483102329417252,0.0028240940057865658,0.0,0.0007876736604664666,0.0,0.0005865554672360577,0.0003778482684631614,10
181.46201705932617,0.0016676539292327843,0.001680129548220621,0.0015246171386379256,0.0015905846156808708,0.0,0.0008731324461384669,0.0,0.0008098219507136758,0.0002713251841022204,10
181.5628252029419,0.0014073336125144057,0.0021896242988918334,0.001107027926334995,0.0019461133242153208,0.0,0.0005766518134277047,0.0,0.0004585155206170345,0.00037754264302634416,10
181.6948597431183,0.0011070063369539264,0.003128910040913129,0.0011070063366215646,0.003121299307739611,0.0,0.00019364429607404037,0.0,0.0001921196680349479,0.00015138311087215529,13
181.76159501075745,0.0011070063369539264,0.0010454546598193852,0.0011070063366215646,0.0010440609155712832,0.0,0.0006949110946599455,0.0,0.0005910265487219648,0.0005832737510179238,7
181.86154413223267,0.0,0.0017817659360416663,0.0,0.0017768056251268112,0.0,0.0009078310732990514,0.0,0.0006098596882219482,0.0003903346482920051,10
181.96194076538086,0.0,0.0017875810920808244,0.0,0.0017816490388667561,0.0,0.0013234743383487644,0.0,0.0008431337767506829,9.13508587153462e-05,10
182.06141424179077,0.0,0.0017766693310485252,0.0,0.001770664285131877,0.0,0.0004902663362499594,0.0,0.0003717666623412386,0.0005944578099647436,10
182.16124057769775,0.0,0.001786071206667101,0.0,0.001781062782196499,0.0,0.0010581361365433728,0.0,0.0003779925281834449,0.00021932979363486075,10
182.26133704185486,0.0,0.0017836523111833802,0.0,0.0017786322846548585,0.0,0.00014242246165947374,0.0,5.7230391795061115e-05,0.0006029834060882316,10
182.3621428012848,0.0,0.0018030460954275484,0.0,0.0017978539286184069,0.0,0.00032957458343085843,0.0,0.0001092851702613927,0.00039086870642109165,10
182.46218919754028,0.0014917986672178685,0.0025312577126511667,0.0011069811695576563,0.0022692753859537363,0.0,0.0004712003789839108,0.0,0.00012726918913940122,0.0004294157947350319,10
182.56139945983887,0.0018233090112573667,0.00300551490414422,0.001524614393503635,0.0028819988444533217,0.0,0.0006048137462134395,0.0,0.0004992435031275722,0.0005117467340492642,10
182.66194081306458,0.0010483287496323257,0.0007803711865773749,0.0010483287493430922,0.000770195932538114,0.0,0.00036956366853417783,0.0,0.00012069642704264139,9.546920708561541e-05,10
182.7615041732788,0.0,0.001770222693184623,0.0,0.001765550971607615,0.0,0.00040193288035744387,0.0,8.770214750869823e-05,0.0005789930339835773,10
182.86131763458252,0.0,0.0017825889881906652,0.0,0.001778014660294722,0.0,0.00031834600248950356,0.0,4.12637424938537e-05,0.0004407788105715545,10
182.96176028251648,0.00022079714845570726,0.001597873482689936,0.00022079714839478944,0.0015927155486468716,0.0,0.0003477795413204095,0.0,0.00025085710103694937,0.0002928310617459383,10
183.06136679649353,0.000606734452720911,0.0011785371964665036,0.0006067344525535133,0.0011708572412489583,0.0,0.0003663573778405132,0.0,0.00015176908449424754,0.0002764271006551165,10
183.16120433807373,0.0008354977862051287,0.0026232915189585765,0.0008279638984312484,0.00261214453169902,0.008876089066787052,0.00922086771613819,3.4046845532006333e-08,1.1521373945430316e-05,0.0003038602458774992,10
183.2623918056488,0.0007761442716760532,0.002017002001020178,1.2982560289340978e-06,0.0017993432062375788,0.0177521781335742,0.008666203264588924,9.549933486562355e-08,0.0003634210199314862,0.0004029355371757465,10
183.36259531974792,0.001418772196213108,0.0020703941331688767,0.001106432894492598,0.0019326100512543725,0.008876089066787083,0.0004706673465907941,6.64125261927034e-09,0.00039690999309358694,0.00034875917729996803,10
183.46177864074707,0.0015256095334241332,0.0030996907386561575,0.0015253770228382509,0.0030979679554504745,0.014142144404783643,0.014476647794638219,2.5610214322815375e-05,0.000488507409863217,0.0003337600912428536,10
183.56111598014832,7.375698873355582e-05,0.0016765794052368914,6.865947065769547e-05,0.001669747396113999,0.014142144404783332,0.000546487698246823,2.7354155353983366e-05,0.0005459526405954575,0.00021254429304808225,10
183.6617615222931,0.0009138516925484728,0.0009102980488651153,0.0009135583804067256,0.0008968485303616546,0.008856278543351083,0.009117962001520544,2.26436412282113e-05,2.0366999780108715e-05,0.0005176113130081291,10
183.76182866096497,0.0009644957752710791,0.0020277863355172786,6.685971173643393e-05,0.0017174416386628764,0.014452918551498863,0.0049007128355382495,3.6983528766047076e-05,6.350978423522368e-05,8.41654343924137e-05,10
183.86218786239624,0.0014261546972476739,0.00294575891472169,0.0010476073104804956,0.00282131628480489,0.01233700768932988,0.007388536544222062,3.154057294667851e-05,0.00010013021164250408,0.00041177084245999705,10
183.96208333969116,0.0010483307944430089,0.0007591071623333352,0.0010474105867927515,0.0007532762192769663,0.016740373897568175,0.009608886050594264,4.282456983201235e-05,0.000539259193190976,0.00032028011047973776,10
184.0620334148407,2.617472054946695e-05,0.0017708008294743068,7.010507820625042e-07,0.0017631860626989475,0.010000006216385736,0.0005423336450743625,2.553511557456541e-05,1.5351573205022726e-05,0.00033172355662585524,10
184.16292476654053,0.0,0.0017941975986351967,0.0,0.001788167365739729,0.0,0.0009807957568648009,0.0,0.00048346897342534356,0.00031465098407983566,10
184.26179575920105,0.0,0.0017078608968034154,0.0,0.0017024737793715483,0.0,0.000802319198877377,0.0,0.0007129932601705019,0.0003886771728312341,10
184.36132955551147,0.0,0.0017533232063906782,0.0,0.0017474929810915392,0.0,0.0005588280441880093,0.0,5.5922227288242485e-05,0.00028676052366213595,10
184.46160006523132,0.0005906007890503172,0.0012062251158362184,0.0005900215218221928,0.001195221477443805,0.010000006216385785,0.009722393414804333,2.5569901530116512e-05,0.0005676415545983838,0.00029130956596059394,10
184.56216645240784,0.0010909995702474543,0.001719183114753022,0.0004917376641601085,0.0013186820238822612,0.010000006216386031,0.0007280837321789636,2.5604686773223368e-05,0.00020895639229203804,0.0007023300338276247,10
184.66139912605286,0.001196127000350653,0.002523791612880511,0.0006563174383604885,0.0023714843963515376,0.0,0.0011456182357621751,0.0,0.0007647539113975555,0.00021773466084895512,10
184.76172518730164,0.00042544463817563617,0.002217669673713531,0.0004254446380554954,0.002213272949420724,0.0,0.0002476478893771523,0.0,0.00017370500749817885,0.00036464391089044174,10
184.8621380329132,2.6174720549862703e-05,0.0017916131863124493,7.056011910255909e-07,0.0017884755835939463,0.010000006216385785,0.009896911032250584,2.5569901530116512e-05,0.00018410706781611205,0.0002526741880574551,10
184.96114540100098,5.2349440899996196e-05,0.0017385547403240503,1.4066519201939908e-06,0.0017273803003709286,0.020000012432771382,0.010046870534366249,5.110501710468192e-05,0.0003708429335397679,0.0002680336606039925,10
185.06249976158142,2.6174720549757952e-05,0.0018289949497746168,7.101517695504337e-07,0.0018257851886691388,0.010000006216386031,0.0008922711205759686,2.5604686773223368e-05,0.0005894692403240613,0.0005386931025253925,10
185.16228127479553,0.0,0.0017544442124929334,0.0,0.001748152310080835,0.0,0.001057686059247414,0.0,0.0008002434126159747,0.0001869044996625669,10
185.2620985507965,0.0010492015157993423,0.0027918388029061717,0.0010488758295189513,0.002789489452790505,0.010000006216385785,0.010883717481549683,2.5569901530116512e-05,0.000381250693742468,0.00041609705094753063,10
185.36120223999023,0.001525537325530068,0.001547893208120891,0.0015253105997079862,0.0015406650094328333,0.010000006216385736,0.000716238643265306,2.553511557456541e-05,0.0006460684244531489,0.00023299754483497863,10
185.46176767349243,0.0011070060143906746,0.0019322805808480682,0.0011070060140358912,0.0019275588394084026,0.0,0.000661903693209704,0.0,0.0003470038022366613,0.0004259874416020032,10
185.56204652786255,0.0009999991942693236,0.0020914952614752183,3.421224769573146e-08,0.0017591228210951308,0.0,0.0007592307339272644,0.0,0.00044462759727832154,0.0001521090313710746,10
185.66134786605835,0.0003614087775196612,0.0017616977827561258,1.2479125335437346e-08,0.0017492827498712356,0.0,0.0005722324188473353,0.0,0.00032344052886318673,0.000586162678071426,9
185.76162338256836,0.0002771808831146681,0.0017716139846446393,9.43688468449554e-09,0.0017656008191463174,0.0,0.0007768853709567401,0.0,0.0004569095954052698,0.00014645455654850405,11
185.86130285263062,0.00036140953363530325,0.0017574561329987408,1.2304482685352711e-08,0.0017420692534873834,0.0,0.0004486228535387551,0.0,0.0004216615864521495,0.00029404018654067144,10
185.96134853363037,0.0,0.001773411166105213,0.0,0.0017678397693478638,0.0,0.0004748635889917244,0.0,0.0001335078598438662,0.00024628918172622284,10
186.0617949962616,0.0,0.0017821650240731645,0.0,0.0017774536932724189,0.0,0.0005512403685547449,0.0,0.00028930638415328343,0.00041974325913465724,10
186.16192436218262,0.0,0.0017621833875374757,0.0,0.0017576093986766636,0.0,0.0003108590097586864,0.0,2.6020141486935423e-05,0.0003885941572217803,10
186.26220202445984,0.0,0.0017726600876435336,0.0,0.0017679389195690458,0.0,0.0005324110989190469,0.0,0.00041053963719939223,0.0001228814521097844,10
186.3613154888153,0.0010483289695291864,0.002775213625402753,0.0010483289692416412,0.0027726508801456037,0.0,0.0009296588832778736,0.0,0.0005475485228368712,0.00043429469972663953,10
186.46165323257446,0.0015246173282122055,0.0015763926032451691,0.0015246173282073214,0.0015717017585282595,0.0,0.0005365501143707243,0.0,1.4343327778445872e-05,0.0004609682678878987,10
186.56206226348877,0.0011070068653162264,0.0019199978187127635,0.0011070068649515982,0.0019151113291931373,0.0,0.0008343546053215451,0.0,0.0005831504678588325,0.0002976590837734793,10
186.66269659996033,0.0009999999503781684,0.002116852407131673,3.4045829314816425e-08,0.0017943472116586548,0.0,0.0009094904125815231,0.0,0.00013126078251663869,0.0007109585145170577,10
186.76148867607117,0.0009999999503781684,0.0019205430811436225,3.4045829314816425e-08,0.0017213490297676708,0.0,0.00032555447333961987,0.0,0.0002562071355009661,0.0004172293438925956,10
186.8620388507843,0.0,0.0017796504735818886,0.0,0.0017727412710115617,0.0,0.00042373774989379163,0.0,7.334089565073388e-05,0.00035868566470065934,10
186.96204352378845,0.0,0.0017586660047195636,0.0,0.0017532742171365657,0.0,0.0009437898235567756,0.0,0.00017156126489133029,0.00017830035019544995,10
187.06132650375366,0.0,0.0017416460687745849,0.0,0.0017366119129633864,0.0,0.00044480659970700157,0.0,0.00015770478896897483,0.0004721977283832595,10
187.16226649284363,0.0,0.0017784931259184728,0.0,0.0017729201999776038,0.0,0.0003587244007381262,0.0,0.00014182530467714573,0.00017308798368747348,10
187.2623028755188,0.0011070060143906749,0.002230979331053076,0.0011070060140358912,0.0022275831500282524,0.0,0.0015837139418832741,0.0,0.0010984596606230601,0.0002898315121643118,10
187.3639373779297,0.0022140120287813497,0.0026305260061327148,0.0022140120280717823,0.0026270631353174003,0.0,0.00042333520728072183,0.0,0.00010257588880892941,9.446821169886409e-05,10
187.46195697784424,0.0018233086814903948,0.001738811988759177,0.001524618460605908,0.0014998422922525559,0.0,0.0012335997220511942,0.0,0.001216766781581784,0.00017388292611456274,10
187.56163120269775,0.0014487903622151207,0.0030209532362790227,0.001048305471756106,0.0027978933919391583,0.0,0.001385067543493394,0.0,0.0002721028303421179,0.0007400397479173583,10
187.66219639778137,0.0,0.0018008035883261063,0.0,0.001795392704967437,0.0,0.0006456212302518637,0.0,0.00047720250803162835,0.00027938105569346973,10
187.7615668773651,0.0,0.001751633612257841,0.0,0.0017459975566799992,0.0,0.0008667235213897962,0.0,0.00011999127224365691,0.0004883216144664096,10
187.86174297332764,0.001107005550231734,0.002278303588060618,0.0011070055498791026,0.0022740711644723887,0.0,0.0006148089530677509,0.0,0.00014331258629373872,0.0003352648020967092,10
187.96518564224243,0.001107005550231734,0.0020488204907036754,0.0011070055498791026,0.002044287757110116,0.0,0.0006186916783130617,0.0,0.00045921571316549385,0.0005869846365816317,10
188.06271624565125,0.0,0.0016956205199920265,0.0,0.0016904984165901338,0.0,0.0007629025116683847,0.0,0.00027158972338879855,0.00043781185477526167,10
188.16173458099365,0.0,0.0017536519681543444,0.0,0.0017494677132527925,0.0,0.0008576461180030352,0.0,0.000851109113718093,0.00038101627192634903,10
188.26309776306152,0.0007639123496345875,0.002400744918939392,0.0007639123496320803,0.0023975857895679148,0.0,0.0007910264391446984,0.0,0.00024914154856820175,0.00015175785714057936,10
188.36153745651245,0.0025727093785708104,0.0011308046301568323,0.002572709377190261,0.0011227152052628385,0.0,0.0001504899624715213,0.0,8.204367829644675e-05,9.278244724402084e-05,10
188.4612991809845,0.002091749847495332,0.003243579087756236,0.001837262343929905,0.00313250111309123,0.0,0.0009693787374923288,0.0,0.0002744793734707651,0.00022014170351469323,10
188.5617265701294,0.00182330949171776,0.003139782363877612,0.0015246188864142792,0.002925751376118759,0.0,0.0007233629649036813,0.0,0.0005850193409252217,0.0005713213448431004,10
188.66131973266602,0.0011070063111753674,0.0022272703117959757,0.0011070063108412395,0.002223958768977997,0.0,0.0007328607285262692,0.0,0.00035792556427354584,0.0003077365180035874,10
188.76246571540833,0.0,0.0018098445518531566,0.0,0.0018050533306458773,0.0,0.0007272385437819244,0.0,0.000333255287851191,0.00031947064145588025,10
188.8626091480255,0.001048328663690075,0.00280063965947471,0.001048328663421598,0.002797024878417151,0.0,0.00064639010301979,0.0,0.00034615512027678816,0.00019111616626126945,10
188.96161007881165,0.001048328663690075,0.0007638366952131057,0.001048328663421598,0.0007495126905170821,0.0,0.0003198279446395953,0.0,3.296333400911439e-05,0.0003358405165986124,10
189.06258082389832,0.0,0.0017964014328887108,0.0,0.0017908628920103883,0.0,0.0017701618568206983,0.0,0.0016846439447872389,0.0003225700713322081,10
189.16153049468994,0.0,0.0017279562506310393,0.0,0.001722450720751453,0.0,0.0012443140040713102,0.0,0.0005847611309011839,0.0003096281812649631,10
189.26150488853455,8.747503942018448e-07,0.0017773422465916,7.020474388491762e-07,0.0017708814194676544,0.010000006215474953,0.009570459953381228,3.96205004446779e-08,0.00021164510872011483,0.0004763859357756264,10
189.3633632659912,0.0010005219387330224,0.0020079995328273303,7.361815311018479e-07,0.0018277824597621247,0.01000000621547475,0.0006717712371532071,4.83436678251219e-09,0.00033011774139346333,0.0002857973815500218,10
189.46167135238647,0.0009999999503781693,0.002034220315073368,3.404584874754444e-08,0.0017147706483895218,5.06805828968681e-16,0.0005386665462998591,0.0,0.00031086283008928184,0.00014281888421858132,10
189.56190824508667,0.001107005988612157,0.0022650653673244973,0.001107005988255549,0.0022615485362288716,3.143061567542511e-16,0.0006769808534441952,0.0,0.00016362615387475408,0.0006122595847460936,10
189.6619839668274,0.002449661459853274,0.0033939547616923696,0.0024496614596535176,0.003391444862710627,2.676220490278785e-16,0.0003242461627765403,0.0,0.00010880150343820473,6.862169673913104e-05,10
189.76520347595215,0.0015246160292313442,0.0016891408490524464,0.0015246160292280173,0.0016832088190026793,2.4848083448933725e-16,0.000732633594205063,0.0,0.0006915876807670418,0.0003317990508311382,10
189.8633348941803,0.0001232763958195322,0.0017103800209423987,4.175405003671022e-09,0.0017103782999852303,3.143061567542511e-16,0.0007624957404904955,0.0,0.00047069438773177005,0.00021083106212916417,10
189.96194648742676,0.0007534462586720363,0.0018367008658450755,2.5519526112550526e-08,0.0017303434309858651,5.06805828968681e-16,0.0007384931029130425,0.0,0.00029173290346486266,0.00029223220604849783,10
190.06201267242432,0.0008767226544915685,0.0020378560650994217,2.969493111621017e-08,0.0017674151332736474,1.1112400740480647e-16,0.0007635830265849686,0.0,0.0005482692560690187,0.00027839169139696877,10
190.16232824325562,0.0,0.0018045859897357892,0.0,0.0018000502386922336,2.4848083448933725e-16,0.00047910914640321325,0.0,0.0001886005107133182,0.0004111068104244112,10
190.26812052726746,0.00104832896958603,0.0030414274431447004,0.0010483289692984846,0.0030375476662234885,2.676220490278785e-16,0.0011855662946001634,0.0,0.0009242627722266174,0.00039961517249386297,10
190.36391282081604,0.0023709570474103507,0.0014527072474682186,0.00237095704730846,0.001446991504705039,0.0,0.0005659731163005094,0.0,0.0003082281887903439,0.0002476904183503118,10
190.46209812164307,0.001474055192714289,0.0020597136749206943,0.001106540126257373,0.0018819855084103905,0.010000006216378827,0.009860800592349044,2.557059379692626e-05,0.0001132630503081767,0.000447264050443587,10
190.5632050037384,0.0014312585317674622,0.003125204704170379,0.0010487331790566675,0.002903000062237317,0.010000006216378827,0.0008118747271723997,2.5605378963699803e-05,7.646860310072107e-05,0.0003521233003350648,10
190.66295456886292,2.6174720550299064e-05,0.0017834705637551085,7.060000994670161e-07,0.001780481704141135,0.010000006216378827,0.00984551954847205,2.557059379692626e-05,0.0010588716777114456,0.00022037181442751533,10
190.7615463733673,0.0011073631914489618,0.0018846240246215209,0.0011061272985637375,0.0018756356469378536,0.02000001243275787,0.009397062481708211,5.110640166374585e-05,0.0001102913257073217,0.000381719653507464,10
190.86176419258118,0.0011068737436676556,0.002280711100968289,0.001106561916847653,0.0022779141027665043,0.010000006216378827,0.0011375427256844972,2.5605378963699803e-05,0.0003518185322745701,0.0002727694124893677,10
190.96189522743225,0.001000000022357249,0.0019885043418373218,3.421533014809344e-08,0.0017900853445914683,0.0,0.0009037351600232888,0.0,0.00010381161234076765,9.021355940596342e-05,10
191.06240010261536,0.001448789022090073,0.003055671244301787,0.0010483040663256198,0.00283269247298166,0.0,0.0008472094729612804,0.0,0.0002432619194098414,0.0004615531004779683,10
191.16412711143494,0.0010481038761584016,0.0008064608059012652,0.0010477766253722892,0.0007959183686943117,0.010000006216378827,0.009961557896245981,2.557059379692626e-05,0.00034097048694587084,0.00019397795842219652,10
191.2619333267212,0.001106876503311433,0.0018680563961045507,0.001106567838058634,0.0018602201368941081,0.010000006216378764,0.0009113057055147915,2.5535807866819596e-05,0.0005627383744034499,0.00044852636205515293,10
191.3620846271515,0.002440659480578405,0.003322630084013808,0.0022144283883415968,0.00311371389926112,0.010000006216379226,0.009761929788984937,2.557059379692626e-05,0.0001024867871216389,0.0006644923834966805,10
191.4630343914032,0.001525396847818311,0.0010874581337645163,0.0015245018107939553,0.0010850747509982812,0.020000012432757525,0.00983841777752018,5.117597276062606e-05,0.0003298976873389394,0.0003710672621612309,10
191.56623792648315,0.0014304520533015678,0.003051191543826233,0.0010476779170691146,0.0029324391036937647,0.010000006216378718,0.0009043725303276628,2.5535807866819596e-05,0.0007478229801285779,0.00029523885560543966,10
191.6622211933136,1.9992995455654882e-05,0.001632875625331367,5.392629405389289e-07,0.0016256659458610105,0.007638288953514457,0.007667347890976714,1.9528408702462366e-05,0.00019292103672493495,0.00048099962279401847,10
191.7641110420227,0.0015262104868425986,0.002973614014327831,0.0015256869191525948,0.0029719779877171236,0.015276577907028159,0.007713990572454661,3.9077112397124965e-05,0.0006238662611098312,0.0006377131947149957,10
191.8614571094513,0.001525281031705519,0.0015221687083906918,0.0015251473876580614,0.001513087557767816,0.007638288953514357,0.0004732585868748337,1.9508113430373323e-05,0.00039374441462634093,0.00023799871272681301,10
191.96266627311707,0.0010492043938918976,0.0008089004378043293,0.0010488786881351325,0.0007924768418611378,0.010000006216378827,0.010062344314852522,2.557059379692626e-05,0.0003451013594588311,0.000319691924185726,10
192.0611855983734,0.001244330669534761,0.0027902923311791173,0.001048896940715555,0.0027373077470717274,0.010000006216378827,0.0006669243819773688,2.5605378963699803e-05,0.00048220637855744575,0.0005185763055045907,10
192.16252493858337,0.00028689780718121736,0.00187297289794445,9.767698975615422e-09,0.0018228098099916526,0.0,0.0004584200709633389,0.0,8.158269012580394e-05,0.0002153094711847313,10
192.26245856285095,0.00035655107159847594,0.0018248712235022062,1.2139075539787825e-08,0.0017602693878142498,0.0,0.0001543753090709014,0.0,6.399403862136127e-05,0.0004292762660386991,10
192.3623456954956,0.001049204615532966,0.0028223571477286324,0.0010488789080512404,0.002819841892532234,0.010000006216378827,0.009839207302600777,2.557059379692626e-05,0.0004808363861795078,0.0003491801547388891,10
192.4623327255249,0.0015255370464052737,0.0016031543985027495,0.0015253103389572704,0.0015950011843413568,0.010000006216378718,0.0006729750930279236,2.5535807866819596e-05,0.00026222806571182686,0.00014204565101672714,10
192.56359195709229,0.002213816644072899,0.0026166365230825854,0.0022137705158998783,0.0026120474873661255,0.005481816681313668,0.005588234298039477,1.4013014223557222e-05,0.0008607584193101233,0.0003683294796252024,10
192.662291765213,0.0015108741714339213,0.0023490473239341806,0.0011065467216661655,0.0021774221169911616,0.01096363336262701,0.005689145994088558,2.8036481607241667e-05,5.3120452649792316e-05,0.0003241399205101087,10
192.76162719726562,0.0010143441978776471,0.002099224795075731,2.958658585074652e-07,0.0017539667684562637,0.005481816681313104,0.0006345536322750607,1.4002560961652249e-05,0.00011341675409904635,0.00026728277256512573,10
192.86452865600586,0.0,0.0018910580486319309,0.0,0.0018860616625477782,3.143061567542511e-16,0.00047129878968836503,0.0,0.0003997045360921356,0.0004171610102195565,10
192.96177506446838,0.0,0.0016981525566607553,0.0,0.0016939776502780985,5.06805828968681e-16,0.0009166462986423334,0.0,0.00037889129026677705,0.00016615750055033897,10
193.06167554855347,0.0011070063369539264,0.0019154126559423339,0.0011070063366215648,0.0019102613054858832,1.1112400740480647e-16,0.00024821991246181996,0.0,1.8848211919618836e-05,0.0004717223001775607,10
193.16184306144714,0.0011070063369539264,0.0022582600638923747,0.0011070063366215648,0.0022546019617949147,0.0,0.000396625364731229,0.0,0.0002870494651212051,0.0002675140730110928,10
193.26137804985046,2.6174720550299064e-05,0.0017728924301586935,7.060000994670161e-07,0.0017646169061623163,0.010000006216379073,0.009576740562767442,2.557059379692626e-05,0.00013106155096839225,0.0004055288652560962,10
193.36273550987244,0.002370402636469958,0.0014635318126839394,0.002370257986306201,0.0014577215412960656,0.010000006216379073,0.000658587302266309,2.5605378963699803e-05,0.0003173104812000918,0.0004178404530218241,10
193.4616982936859,0.0015246168524478507,0.0028079058112797837,0.0015246168524456797,0.0028043138330168965,0.0,0.0009486313218341381,0.0,0.0008879731763975277,0.0004048495676491283,10
193.56201124191284,0.0014487895697136923,0.0029497887304910588,0.0010483508420523573,0.0028224415300146504,0.0,0.0010611522701888484,0.0,7.206337952860346e-08,0.00018792857588648896,10
193.6613848209381,0.0009999999503923862,0.002082972717507682,3.4045829314816425e-08,0.0017524779292679292,0.0,0.00019832651124747645,0.0,3.440073211141655e-05,0.000356292091833409,10
193.7638602256775,0.001048328749632326,0.0008666950335639688,0.0010483287493430924,0.0008515302393463303,0.0,0.0006120924320296828,0.0,0.00017456935656507962,0.0003204260225339525,10
193.86164617538452,0.001048328749632326,0.0026745861323437137,0.0010483287493430924,0.0026717154270428397,0.0,0.0009314015723778058,0.0,0.0003181463250672709,0.0003021562530413647,10
193.96137309074402,0.0,0.0017698102915073859,0.0,0.0017637726040897845,0.0,0.0005621402442405934,0.0,0.00028850147573493586,0.00030930142647272774,10
194.0627725124359,0.0009999999503781754,0.002033376720291579,3.4045829314816425e-08,0.001842168279590044,0.0,0.0008674223837147088,0.0,0.0002493385075465172,0.00039977185743789384,10
194.16168236732483,0.0009999999503781754,0.0020664081047288172,3.4045829314816425e-08,0.0017403219305906796,0.0,0.00044009651416752833,0.0,0.00014479493568424274,0.00036640944655335435,10
194.2627694606781,0.0,0.0018154662580386952,0.0,0.0018103760409140086,0.0,0.0007106520882690886,0.0,0.00046223116408299845,0.0003698538733574432,10
194.36178731918335,0.0011070062211661813,0.0022330995827163965,0.0011070062208592207,0.0022290938512595482,0.0,0.000735129483007738,0.0,0.00020713049449883815,0.00025319240171455773,10
194.46232891082764,1.9199603529079797e-09,0.001784550303395048,6.676500538557066e-10,0.0017777044378105857,0.0,0.00029881712108372193,0.0,0.00018657017859507953,0.00023669657503494227,10
194.5618588924408,0.0011070055760386834,0.001908412612502166,0.0011070055756878668,0.0019036641567055869,0.0,0.0003889642207460081,0.0,4.440177847711348e-05,0.0004080278217772594,10
194.66298961639404,0.0,0.001815601997192481,0.0,0.0018108619157743153,0.0,0.00037566456283888975,0.0,0.00021793898344707512,0.00045504091679074074,10
194.76162838935852,0.0,0.0017316534366469429,0.0,0.001727154549170656,0.0,0.0008191775947989212,0.0,0.0007557285064397291,0.0002515978951914581,10
194.86194014549255,0.000999999950378176,0.0019836649870187055,3.404585005519068e-08,0.0017929599670134552,0.0,0.00048268998696824786,0.0,0.0002480394886356296,0.00018569856990743235,10
194.96186685562134,0.0009999999503781832,0.002115513344595557,3.404585005519068e-08,0.001788524713287321,0.0,0.00028341641544222894,0.0,0.00023345414761702802,7.445125666312739e-05,10
195.06203079223633,0.0,0.0017729445691782454,0.0,0.0017681657497775804,0.0,0.00047295843628710084,0.0,0.00017684637843296653,0.000182797811923539,10
195.1620535850525,0.0,0.0017904798258400593,0.0,0.0017851915078955943,0.0,0.0004754492485957199,0.0,8.701313962249842e-05,0.0003525521096761561,10
195.26121473312378,0.0011070055760386836,0.0018933085426807304,0.0011070055756878668,0.0018896983997022923,0.0,0.00035520736186871757,0.0,4.934700529960314e-05,0.0003206265467179051,10
195.36244463920593,0.0015246164322575784,0.0031889350899779196,0.0015246164313563032,0.0031858067971987035,0.0,0.0001803872088401678,0.0,4.325486427597943e-05,0.00035118949791704534,10
195.4639916419983,1.1641116285820888e-09,0.0018254575465152833,1.1070893972459265e-09,0.0018196190757232983,0.0,0.0006422920444740997,0.0,0.00033114100389802423,0.000556090870535901,10
195.56160712242126,0.0010483278699880954,0.0007212333654384095,0.0010483278696920592,0.000709582108648115,0.0,0.0005223779093517835,0.0,6.720209624615522e-05,0.0005292080710641114,10
195.66144347190857,0.0,0.0017769862367617336,0.0,0.0017719128264475988,0.0,0.0003393990456209888,0.0,0.000317858599368567,0.00013672563690078822,10
195.76268339157104,0.0,0.0018247299877899449,0.0,0.0018185628626694514,0.0,0.001117915667838739,0.0,0.0008235473646032724,0.0003670282120427962,10
195.86193990707397,0.0,0.0017497040107641141,0.0,0.0017457713248077036,0.0,4.318916620337471e-05,0.0,3.062965333302088e-05,0.00031969980826146194,10
195.96222734451294,0.0,0.0018054419650249092,0.0,0.001800146249029173,0.0,0.00037145430939530464,0.0,4.893533735429483e-05,0.0001961733984379261,10
196.0619900226593,0.0,0.001767693827279938,0.0,0.00176348391291558,0.0,0.0007145837680622366,0.0,0.0005691291037632366,0.00036356167779114893,10
196.1622576713562,0.0,0.0017899904279071689,0.0,0.0017853907839924545,0.0,0.0003225053667593953,0.0,0.00014943362436142083,0.00024088983989712084,10
196.26167798042297,0.0,0.0017629895422569006,0.0,0.0017586336170210414,0.0,0.0004816860849069264,0.0,0.0003511964311727605,0.0003980447237089314,10
196.36204743385315,0.0014487892194334473,0.0013839774055766183,0.0010483511478654036,0.000790794489157018,0.0,0.0006274953737524448,0.0,0.0003921496636446164,0.0004613091752370428,10
196.46127462387085,0.0015246157309253927,0.003102257153314437,0.0015246157300037528,0.0030994882041574345,0.0,0.0004830248461917369,0.0,6.841718706177493e-05,0.00013089067559090442,10
196.5620996952057,0.0011070063369539268,0.0019529505040370555,0.001107006336621565,0.0019470399982697555,0.0,0.00038020735073951585,0.0,7.407825343864598e-05,0.00011060477411590074,10
196.66141819953918,0.0013110652983485385,0.001262073994972024,0.0008478497503293929,0.0009368005987862572,0.0,0.000934687849306264,0.0,0.0007998908657370851,0.0002897696257076781,10
196.7614870071411,0.0016957463242262658,0.0034798000946214373,0.001695746323726416,0.0034775198977546407,0.0,0.00033421089007538025,0.0,9.375175619589971e-05,0.0002946873800928741,10
196.86176872253418,0.0011807388710619617,0.0010541060396938285,0.0011807388703346017,0.0010457149486621643,0.0,0.0006580771054790791,0.0,0.00021911145839218445,0.00030592748285471254,10
196.96330642700195,0.0005364731418846404,0.002008669551768251,0.0005364731417118225,0.0020042886870135054,0.0,0.000909477421447822,0.0,0.0007215073719817327,0.00017939830076209434,10
197.063960313797,0.00028526642334954726,0.001865287157926178,0.0002852664232576524,0.0018606920833409437,0.0,0.0008584544089129808,0.0,0.000627222993585099,0.00035707119395537876,10
197.16164469718933,0.0,0.0017037148649423494,0.0,0.0016975824349540689,0.0,0.0008946456914018082,0.0,0.0006293879656311133,0.00016262228713095342,10
197.2617757320404,0.0,0.001803942668890604,0.0,0.0017983438391321713,0.0,0.0005383685974631765,0.0,0.00015104838729142336,0.00025994356334641677,10
197.3657443523407,0.0,0.0019310371725671266,0.0,0.0019254973968391678,0.0,0.0009311102712181341,0.0,0.0008216457103740033,0.00024856075319480014,10
197.46368551254272,0.0009999999503923862,0.0018995882008069622,3.4045829314816425e-08,0.0016830672649456725,0.0,0.0006878110910395183,0.0,0.00011959755109974972,0.0005346154924503327,10
197.566508769989,1.0412363796427254e-09,0.0018830855705201535,3.73277566856257e-10,0.0018736696383442584,0.0,0.0014475804354316594,0.0,0.0013726306075895881,0.0005256871058015446,10
197.6640977859497,0.001107005227697556,0.0021974116130305445,0.0011070052273218407,0.0021955916320948845,0.0,0.00043336727978667255,0.0,0.00036129514868328175,0.00037921336437606636,10
197.761949300766,0.0021801220778278787,0.002605415714988456,0.0019372738358746392,0.002337467439366254,0.0,0.0003448870620930409,0.0,0.00029084529052335534,0.0002597823188303865,10
197.86246371269226,0.0005534812551354142,0.00199149186203887,0.0005534812549600125,0.001987113061804558,0.0,0.0003620313348108477,0.0,0.0002544214686711542,0.000153296616787991,10
197.96324729919434,0.00027676216045163484,0.0018921264253769527,0.00027676216036392717,0.0018871901579864466,0.0,0.00029670145840110404,0.0,8.899778424318201e-05,0.000250140487405857,10
198.06443524360657,0.0,0.0018400143727925196,0.0,0.0018345970640265374,0.0,0.0007738998101356947,0.0,0.0006073083481691171,0.00018602581160674693,10
198.16406559944153,0.0,0.0017696365697942192,0.0,0.0017651062631874371,0.0,0.0005492822923290888,0.0,0.00037363519473205485,0.00019355183625099993,10
198.2634027004242,0.0,0.00175661410991797,0.0,0.0017514223078029093,0.0,0.0009837797284641373,0.0,0.0008503801787005328,0.00020564228065522743,10
198.36232376098633,0.0009999990503111152,0.0019465510962097963,3.387035572536126e-08,0.0017461496915991493,0.0,0.0007211252748719862,0.0,0.0005421377844843151,0.0004936064537009013,10
198.46464323997498,0.0019999981006222373,0.002874596467830955,6.774071145072252e-08,0.0018664056109288056,0.0,0.0004973653492777045,0.0,8.705620255177482e-05,0.00034390086419977376,10
198.56240606307983,0.0018233087686101506,0.0032873660781633316,0.0015245815146757706,0.0030685608399314483,0.0,0.0004639608067201625,0.0,0.00036462559542621803,0.0004298305857991388,10
198.67081832885742,0.0010000001531840766,0.0022303762893853287,3.5214120813045306e-08,0.0019632454697657885,0.0,0.0009609017915545813,0.0,0.0003998053252237697,0.00021887133566785138,11
198.7632541656494,0.001823309286854479,0.001173463904607598,0.0015245828578660592,0.000920102410765934,0.0,0.0005386155719776038,0.0,0.0003892433201542376,0.0004551492255934181,9
198.86396288871765,0.0011070070720910843,0.0019345304092968196,0.0011070070717749615,0.001928946428486603,0.0,0.000865900773143456,0.0,0.0005251251218401326,0.0002552651579646311,10
198.96384620666504,0.0011070070720910843,0.002236953409994705,0.0011070070717749615,0.0022326520245365433,0.0,0.0007071463587639228,0.0,0.0006392661785933455,0.00043479078615902796,10
199.06155681610107,0.0,0.0016823461351589515,0.0,0.0016769328926408966,0.0,0.0006397058636035955,0.0,0.0005149908345072757,0.00018075209510337288,10
199.1623387336731,8.784133079218652e-07,0.0017942336494142625,7.067051921816665e-07,0.001787133868249547,0.010000006215470645,0.010107680057974227,5.526938925510234e-09,1.0297115575330066e-05,0.0001066742045190181,10
199.26228141784668,8.78413318506303e-07,0.001790599562052465,7.067962495990446e-07,0.001786613058993461,0.010000006215470572,0.0008073875319429652,2.9258405959094473e-08,0.0007771323443495567,0.00046742959945217594,10
199.36151838302612,0.0,0.0017662429864744207,0.0,0.0017616447207809188,0.0,0.0007315876539339165,0.0,0.0004728057027516416,0.0004251665261619598,10
199.46217155456543,0.00046210271093195625,0.0015327940988921446,0.0003343799497877678,0.001461345805865974,0.0,0.0006955851660452076,0.0,0.0003029013602639497,7.204356024034718e-05,10
199.5643482208252,0.0014672855911185933,0.0020162290651431426,0.0005456073007385203,0.0013316537920160926,0.0,0.0006138216379778786,0.0,0.00013589325575385824,0.00015013834577144754,10
199.66290712356567,0.000681046767904189,0.0017653822870845673,2.3722851189005076e-06,0.0016923532555420408,0.0,0.0005028177135674196,0.0,0.00047085291039375985,0.0004295658595464999,10
199.76117324829102,0.0010136828614533383,0.0017690361136971434,0.0001659694975833348,0.0015430161892896004,0.0,0.0004294055314829812,0.0,0.0003484754870746517,0.00016830128863048528,10
199.8618929386139,0.001048328969557608,0.002872531603512393,0.001048328969270063,0.0028692353283430424,0.0,0.0009129279426856381,0.0,0.0004597151938083358,0.00017351706480766367,10
199.96246027946472,0.0,0.0018208774402707689,0.0,0.0018152606155431119,0.0,0.0005401168717565517,0.0,0.00036690058318944175,0.00036128191612188156,10
200.06313133239746,0.0,0.0018289289393999357,0.0,0.0018233056620184812,0.0,0.0008519162019557618,0.0,0.00046120468148310025,9.08671135716289e-05,10
200.16220545768738,0.0,0.0017491826387016807,0.0,0.001744133567118823,0.0,0.0006379238687915744,0.0,0.0002066773593975927,0.0002007980458116244,10
200.26219534873962,0.001048327650034419,0.0007897448624185468,0.00104832764973667,0.0007753176912726724,0.0,0.0003078598288121766,0.0,0.0002974941253050975,0.00041806790157169034,10
200.36191964149475,0.001524616322515697,0.0029148709016593786,0.0015246163225139848,0.0029114572642451775,0.0,0.0009484378462154813,0.0,0.0007480058158411081,0.0005128563323061153,9
200.46219110488892,0.0022140125707368697,0.0030906952091171442,0.002214012570065073,0.0030879868565490288,0.0,0.0008844811352189566,0.0,0.0007233184389756751,0.0003130298262826751,11
200.56187963485718,0.0012833291273111522,0.0020629963202951273,0.001107022414492098,0.0019094409414542946,0.0,0.0011664990030496025,0.0,0.00028732697961093753,0.00028111781406759735,10
200.66177105903625,0.0002984151312577827,0.0017741029720140962,1.015978169850921e-08,0.0017650631581876395,0.0,0.0012412210402793068,0.0,0.0007852307649410294,0.00020685098285966896,10
200.763418674469,0.0011612571092818008,0.0019807043017027073,0.0011069975955426412,0.0019683104656219802,0.0,0.0007430378521226222,0.0,0.00015095788348840706,0.00038790539793179306,10
200.86120343208313,0.0011070063111753676,0.0021823662233667056,0.0011070063108412397,0.0021780573774903833,0.0,0.0009730689260796353,0.0,0.0009239602246596535,0.0004045240509987919,9
200.96474862098694,0.0004969460310207116,0.0019315460594320725,1.7003187998056348e-08,0.0018989272220846232,0.0,0.0002085531989535172,0.0,0.00013407392328707628,0.00021329262346688027,11
201.06251168251038,6.107960315825756e-06,0.0017072288210206866,2.089541519982487e-10,0.0017037288174428754,0.0,0.0007537353358678208,0.0,0.0004535938928996148,0.00023349570508511674,10
201.1626272201538,0.0005025327575108092,0.0019066795086723095,6.894937630720998e-07,0.0017905770684708082,0.010000006215470645,0.010241762560537649,5.526938925510234e-09,4.6393775853220795e-05,0.0002853840343379423,10
201.2617268562317,8.784133146544193e-07,0.00175310893834282,7.066141347642884e-07,0.001747447170187275,0.010000006215470304,0.00021827789357450824,4.031230925455239e-08,0.00012140113320530471,0.00018160120047793063,10
201.36123776435852,0.00149179836146768,0.0025203764239678885,0.0011069814405937782,0.0022445114293349836,0.0,0.0004975383854209802,0.0,0.0004843428686853986,0.00013306672285467107,10
201.4616584777832,0.0018233083120903824,0.0030370298110539403,0.0015246142893468439,0.0029104144778145918,0.0,0.0010410735571212408,0.0,0.0008915231093005884,0.0003061987186576877,10
201.56135749816895,0.001048327650034419,0.0007913661667176228,0.00104832764973667,0.0007813301458637714,0.0,0.00086849840962945,0.0,0.0001334554703323752,0.00021098074963457646,10
201.66180515289307,0.0,0.0018000395681074606,0.0,0.0017946761792478128,0.0,0.0006828751442765358,0.0,5.863038774475339e-06,0.00013797777016867345,10
201.76222610473633,0.0,0.0018134956973801528,0.0,0.0018094344490307336,0.0,0.001090945878559589,0.0,0.0004936525438601007,0.0005750153590708508,10
201.86183333396912,0.0,0.0017704790686308392,0.0,0.0017659914688934932,0.0,0.001365360903834464,0.0,0.00116729834825133,0.0005534162622401014,10
201.96226692199707,0.001048327650034419,0.0007829713357404475,0.00104832764973667,0.0007703593000707989,0.0,0.0003907622201135221,0.0,2.667055995762941e-05,0.0005778831496691101,10
202.06176471710205,0.0015246161900329923,0.0028799535436363623,0.0015246161900313861,0.0028769221450165856,0.0,0.0005494127324630888,0.0,0.0004947805100212199,0.00034047228805652175,10
202.16181921958923,0.0011070063111753676,0.002279875369584453,0.0011070063108412397,0.002276039167067311,0.0,0.0007467918611463556,0.0,0.0004459634792759672,0.000407477672095665,10
202.26219010353088,0.0,0.0018013865752726345,0.0,0.0017967688925555102,0.0,0.0007846421735279149,0.0,0.00043370355737906295,0.00022165529583580105,10
202.36258244514465,0.0010483273441949227,0.002829624906809406,0.0010483273439165833,0.0028271354593019677,0.0,0.0006735401067132944,0.0,0.0002762334628631441,0.0002106220656075189,10
202.46130108833313,0.0010483273441949227,0.0007476820675497242,0.0010483273439165833,0.0007357806786459203,0.0,0.0010555997242865805,0.0,0.0008828943466098664,0.0001874065640832045,10
202.56236600875854,0.0,0.001809539444198229,0.0,0.0018043070188486629,0.0,0.0012263162970586662,0.0,0.00035208512926863624,0.00015035380013446155,10
202.66147541999817,0.0,0.001763815293336775,0.0,0.0017571745244382814,0.0,0.0011093662786145248,0.0,0.000313458631981116,0.00042467001577539963,10
202.7616424560547,0.0,0.001776367908729962,0.0,0.0017712866613450867,0.0,0.0005298061013187255,0.0,0.00029609499008983537,0.00028922543934369516,10
202.86154174804688,0.0010483273441949227,0.0007809958051633124,0.0010483273439165833,0.000767414769173205,0.0,0.0005695729036816539,0.0,0.0005614562742878015,0.00014221436902659223,10
202.96113538742065,0.0010483273441949227,0.0028136016389901843,0.0010483273439165833,0.002809907734532219,0.0,0.0002088297881970449,0.0,0.0001649707764437754,0.0002008714776824872,10
203.06197357177734,0.0,0.0018218574222786652,0.0,0.0018147266863417983,0.0,0.0005206840117892819,0.0,2.8074217260093236e-05,0.00043701702043839327,10
203.16120290756226,0.0,0.0017562109120026804,0.0,0.0017520753672256135,0.0,0.0005141413232013256,0.0,0.0004446199491638679,0.0005241864981136539,10
203.26164174079895,0.0010190617125032451,0.0019074553184568824,0.0010190617122206704,0.0019021335151542284,0.0,0.0005385996041919134,0.0,0.0004252124242357393,0.00038277495079143143,10
203.3611798286438,0.0025080924720923717,0.003738841763157073,0.0022919621761122834,0.0036308656966057193,0.0,0.0008119107565983431,0.0,0.0004858870161515857,0.00036512658657503677,10
203.46212601661682,0.0014624857289581696,0.0010263876734936802,0.001462012784142982,0.0010089571233688674,0.0,0.001254759565990772,0.0,0.0011265011956482463,0.0003490031654699098,10
203.56126928329468,1.8620703775068755e-05,0.001754607547203801,1.2266631988559935e-09,0.001752188374061422,0.0,0.00038030838042714827,0.0,3.546321978619746e-05,0.0008250357818532438,10
203.66164779663086,0.0010000009224457257,0.002127052320365251,3.4391957334532146e-08,0.0017849810807566272,0.0,0.0006402867769146194,0.0,0.00021765666339366337,0.00023271161714929814,10
203.7611162662506,0.0,0.0017708945366087256,0.0,0.001765923740995882,0.0,0.0004504022226928606,0.0,0.00036261255715422657,0.00025502929805330246,9
203.86139798164368,0.0,0.0017863508553542199,0.0,0.0017813994553927618,0.0,0.0005888995989721528,0.0,0.0005554525607247647,0.00017439366484375935,11
203.96165490150452,0.0,0.0017879319677398832,0.0,0.0017813215565355034,0.0,0.0011089714138967964,0.0,0.0005494805372416854,0.00031693998020238835,10
204.06134748458862,0.0,0.001774401589535603,0.0,0.0017685449127524985,0.0,0.00040296824663905393,0.0,0.00010882871275272697,0.00036409374224103487,10
204.1616599559784,0.00099999912228308,0.0019819942959703,3.404104085110027e-08,0.0017820465430135972,0.0,0.0005704632727625487,0.0,0.000459951062165958,0.00023125442557363993,10
204.26211285591125,0.0010770065207239944,0.002456553149119013,0.00039990757435518154,0.0021750488424593585,0.0,0.001036668251919591,0.0,0.000883822337685388,0.00015928102703545956,10
204.36129117012024,0.0006666875640749097,0.002191824627686529,0.0006666875637275032,0.0021879516476003757,0.0,0.00018209160745033236,0.0,0.00012964365182906463,0.00022966082315327495,10
204.462238073349,0.00042062357088793704,0.0021776766230631535,0.00042062357085172533,0.002174307403564663,0.0,0.0003794048624671349,0.0,0.00028280751227032793,0.0003646731152836458,10
204.56246638298035,0.0015288810194379386,0.0011362068879208914,0.0011564612628105313,0.0007388101083036109,0.0,0.0004447831247738538,0.0,0.0002944908110025908,0.0004755257586520862,10
204.66155457496643,0.000979765549431002,0.002068493411733689,5.447045968187012e-07,0.00175295694019729,0.0077337327357567915,0.008008775663456147,1.977864993580124e-05,1.1656770972442217e-05,0.00033758067230030557,10
204.76162385940552,0.0010481276599042931,0.0028000302453424094,0.0010480296909003263,0.002796239309196699,0.005467459255134855,0.0020501562981133027,1.3965900488949641e-05,0.0006690627586530925,0.0002459079360919573,10
204.8616852760315,0.001048470482505109,0.0007887718037933992,0.0010484536839997984,0.0007732850581075242,0.002266273480621605,0.0008933855290791898,5.79015727994935e-06,0.0004694368214734903,0.00017091561633981648,10
204.96181511878967,2.6174720550299064e-05,0.0017926973206581931,7.060000994670161e-07,0.0017853741029647439,0.010000006216378827,0.010782823082084033,2.557059379692626e-05,0.00021612889947352922,0.0001766986887492529,10
205.0619170665741,2.617472055073053e-05,0.001749598642458574,7.105481393584566e-07,0.0017462290193992764,0.010000006216378827,0.0005885621393987193,2.5605378963699803e-05,0.0004265445207626475,0.0003506108009606202,10
205.16185331344604,0.0010483289695576083,0.0007773537462870016,0.001048328969270063,0.0007678464540872073,0.0,0.00040268617990889304,0.0,8.540358829850805e-05,0.0002242361535865713,10
205.26122403144836,0.0010483289695576083,0.0027938180853109033,0.001048328969270063,0.0027900175474108425,0.0,0.00044924725529662927,0.0,0.00031959013473525547,0.0004718998937894044,10
205.36130785942078,0.001448790337594352,0.001371115915798387,0.0010483509760661632,0.0007801648995730353,0.0,0.00032875442535808854,0.0,0.00018481027161196603,0.00023929149502663504,10
205.4617109298706,0.001107007265706367,0.002287988299568069,0.0011070072654030222,0.00228367244032187,0.0,0.0006792148381400282,0.0,0.0005496918115403999,0.0006674710534796816,10
205.56141471862793,0.0015246173032139123,0.0029065609428038644,0.0015246173032113376,0.0029025548981323618,0.0,0.00020084077000633464,0.0,6.390854622752329e-06,0.0002410131727842403,10
205.66142630577087,0.000999999950378176,0.001981964586301251,3.404584874754444e-08,0.0017823157692465758,0.0,0.00026406618315988697,0.0,0.00018292067947093754,0.0003985518278641271,10
205.76292824745178,0.0,0.0018263342888571717,0.0,0.0018194597589818438,0.0,0.0009743395912295822,0.0,0.00032817964859243063,0.00016912805904664314,10
205.86317086219788,0.0,0.0017877282126326044,0.0,0.0017831276687216386,0.0,0.0005594310623139755,0.0,0.00028067084677931215,0.00035616885236178735,10
205.96229720115662,0.0,0.0017576173051076997,0.0,0.0017519322921627683,0.0,0.0007497051128009106,0.0,0.0006608464837783425,0.00026137348033618973,10
206.06354212760925,0.0,0.001804532082978043,0.0,0.0017987921213347506,0.0,0.0005824932454595907,0.0,0.0005787338243142978,0.00022863925597775702,10
206.16150331497192,0.0,0.0016990756714330927,0.0,0.0016940645700513064,0.0,0.0009559777031458267,0.0,0.0007262487603879086,0.0004135666322243765,10
206.26282382011414,0.0003351687363393159,0.0018496412825531722,1.1411111485794173e-08,0.0018396751416099417,0.0,0.001055737326438089,0.0,0.000719680737190402,0.00033634319275072203,10
206.36140727996826,0.0011550502477110625,0.0018852761658033825,0.0011069982362823104,0.0018745958095409104,0.0,0.0008793820220834672,0.0,0.00035153511701623713,0.00037840403575667013,10
206.46215295791626,0.001291303517043132,0.0024343404710467985,0.0011069899091928526,0.002294494221346397,0.0,0.00046684371018800854,0.0,0.0002885623064894403,0.0005342027667188318,10
206.56968188285828,0.001107006014390675,0.002149041208295595,0.0011070060140358916,0.0021434815744302616,0.0,0.00043261098545713754,0.0,3.137053713474173e-05,0.00010173296962636048,11
206.66172337532043,0.001107006014390675,0.0019413423845772231,0.0011070060140358916,0.0019386592985598799,0.0,0.0003688455366326045,0.0,0.00028601900117928994,0.00018429390665967272,9
206.76142048835754,0.00099999912228308,0.001974666247449477,3.404104085110027e-08,0.0017707619968482648,0.0,0.000680247750001535,0.0,0.00014506692198827222,0.00019144035308161754,10
206.8626570701599,0.00099999912228308,0.0021561880103537013,3.404104085110027e-08,0.00182293325218689,0.0,0.0011461683735974866,0.0,0.0006192675340157818,0.00013511103138895346,10
206.96147561073303,0.0,0.0017340022842847874,0.0,0.0017295524774003442,0.0,0.00011780499160681043,0.0,9.744405596805685e-05,0.0004098724888547384,10
207.0622787475586,0.0,0.0017937689989824613,0.0,0.001789196766311984,0.0,0.0006655417942576534,0.0,0.000341876140782309,0.00010798500703500108,10
207.1612946987152,0.0,0.0017559207005649917,0.0,0.0017522816493114148,0.0,0.0004254696860348866,0.0,0.00038986828759737053,7.889821399919818e-05,10
207.26155495643616,0.0,0.0018022810517128967,0.0,0.0017966916578992596,0.0,0.00010936980505585254,0.0,9.240936194893269e-05,0.0002452564124182516,10
207.36237382888794,0.0014917988081942354,0.002426629237670829,0.0011070311815874758,0.0022717131730167163,0.0,0.0006964983137144758,0.0,0.0004975443967727493,0.0004848309387822734,10
207.46170449256897,0.0014917988081942354,0.0021937549819985,0.0011070311815874758,0.0018902473895205736,0.0,0.0006870389995648341,0.0,8.02564226396271e-05,0.00021262698902932927,10
207.56218600273132,0.0,0.0017962820703209916,0.0,0.0017913663443101465,0.0,0.00046167882433882244,0.0,0.00012641755290222886,0.0009234936964453629,10
207.66245865821838,0.0,0.0017807873170941567,0.0,0.0017742543491608533,0.0,0.00041521756687808875,0.0,0.00038495022286452724,0.00011850494141806333,10
207.76116752624512,0.0,0.0017154433026856303,0.0,0.0017094493369725228,0.0,0.0004847239682129511,0.0,0.00033024848839864206,0.00044539827326513026,10
207.86225533485413,0.0,0.0018231602382588973,0.0,0.0018159506990483515,0.0,0.0006054386264775524,0.0,0.00023718287481628515,0.0002911639017313394,10
207.96143293380737,0.0014917981854446812,0.0023790520770857835,0.001107031297323212,0.0022207627581187933,0.0,0.0004162169413018509,0.0,0.00024382871048762928,0.00039906513402122087,9
208.061425447464,0.0014917981854446812,0.002243622784727324,0.001107031297323212,0.001927159679466502,0.0,0.0008110939785093258,0.0,0.0005093169539300374,0.0002965539309597009,11
208.16134357452393,0.0,0.0017757344315854462,0.0,0.0017708322151591524,0.0,0.0010444516233204736,0.0,0.0006968037761448681,0.0004645546703838573,10
208.2631802558899,0.0,0.0018580625546646406,0.0,0.001852937084772741,0.0,0.00040175962142676884,0.0,0.00021964801465917047,0.00030313971420698035,10
208.3623616695404,0.00033070245908775646,0.0017232097908465582,0.00033070245897882906,0.0017178881252310875,0.0,0.0008539320589473074,0.0,0.0007142340380617289,0.00043258276667444944,10
208.4623317718506,0.0004456019471407134,0.0017665632598059017,0.00044560194699394014,0.0017622392305679162,0.0,0.0005162590327317214,0.0,0.0005144387053540139,0.0003807544321605764,10
208.56242156028748,0.0007763044062284699,0.002075608468851918,0.0007763044059727693,0.0020717489903466437,0.0,0.0008519568623097924,0.0,0.0008329839429174319,0.0005082379948953898,10
208.6616325378418,0.0,0.001744987932735618,0.0,0.0017400848005558133,0.0,0.0007715549152200096,0.0,0.00018751189376405158,0.0005366265783641182,10
208.7619616985321,0.0,0.0018021283745532054,0.0,0.0017969730649068857,0.0,0.0005396276113743023,0.0,0.00020486957677163655,0.00010214289065755675,10
208.8625340461731,0.0,0.0017926820025637102,0.0,0.0017865619564807382,0.0,0.0007667095676084736,0.0,0.0005822878004656918,0.0005425489572666276,10
208.96164727210999,0.0,0.0017456598923180169,0.0,0.0017408225919196343,0.0,0.0007512462116427674,0.0,0.000710035593214228,0.0003534118296569549,10
209.06270384788513,0.0,0.001817519091833383,0.0,0.0018127528569359414,0.0,0.0006346159409650143,0.0,0.00044774302134979564,0.00037332830985441375,10
209.16147351264954,0.0010483276500628407,0.000738165041896381,0.0010483276497650917,0.0007272748105069923,0.0,0.000497053628661809,0.0,0.00021599984666077377,0.0002896405910838774,10
209.2620632648468,0.0010484615908998144,0.00285772089521675,0.0010484615842960253,0.002854441634738788,0.002733872023818169,0.002939352593056102,7.566005254015221e-09,0.0011515391582625524,0.0001542517417782169,10
209.36153411865234,3.9811967605301543e-07,0.001769208033243281,3.202626340735993e-07,0.0017650742186033758,0.004532262167840568,0.006914095160362041,2.258089501645545e-08,0.0003960794870877186,0.00022519486476196628,10
209.46217226982117,0.00100037948999289,0.002110711432435819,5.471138781531252e-07,0.0017827367122186311,0.007266134191658771,0.00023957691566549053,5.111227706424227e-08,1.28645397440742e-05,0.0001657253583406961,10
209.56281304359436,0.0009994785035551275,0.0019830505408680557,6.728871562751256e-07,0.0017850192119204075,0.010000006215476642,0.0099046544279115,4.031276725442652e-08,0.00014551356761296783,5.334464087989688e-05,10
209.66201329231262,0.0010488176085078165,0.0027825723330547345,0.0010488174909181302,0.002779529103677982,0.01000000621547684,0.0009977601377739605,5.527396925384365e-09,0.00028886788291134955,0.00034328163322978216,10
209.76243448257446,0.0010483274301375917,0.0007869485527463511,0.0010483274298381247,0.0007765520327218011,0.0,0.0006047525435274047,0.0,0.0004055354654623243,0.00027361604097051275,10
209.86186385154724,0.0,0.001744648206205371,0.0,0.001739808637031176,0.0,0.00034141675140551164,0.0,2.1938131224879998e-05,0.0002557659548608534,10
209.96125674247742,8.784132981323347e-07,0.0017579647312451225,7.066141142815549e-07,0.0017535666031771172,0.010000006215476642,0.009577857464068803,4.031276725442652e-08,0.000312550354034399,0.00013131021359511042,10
210.0644006729126,1.7568265812966312e-06,0.0018811410790105598,1.4131371309589074e-06,0.001875215233912565,0.020000012430953135,0.00997090131512477,1.1541087939345776e-07,0.00014934698368556507,0.0002047424987724621,10
210.16211986541748,8.784132913976678e-07,0.0017027256416881904,7.067051716989328e-07,0.0016982499495288796,0.01000000621547684,0.0010184109258380295,5.527396925384365e-09,0.0009953453582049884,0.00044686193049998425,10
210.26236128807068,0.0,0.001790943655948812,0.0,0.001785230579772086,0.0,0.0007568914784016899,0.0,0.00046581292886786654,0.0003885981099429863,10
210.36171698570251,0.0,0.0017725280012749667,0.0,0.0017676990603658787,0.0,0.0006143207009463397,0.0,9.071329589905195e-05,0.0003822964670429958,10
210.46138954162598,0.0,0.0017610341220424717,0.0,0.0017553374023855364,0.0,0.000610248338084586,0.0,0.0004934093305076083,0.0001922763355479031,10
210.5637834072113,0.0010000000223572482,0.002183538429447043,3.421531062895928e-08,0.0018586632365203434,0.0,0.0006326246317229318,0.0,0.00014052648621753637,0.00026121627394759387,10
210.6622986793518,0.0010000000223572482,0.0019164326067506933,3.421531062895928e-08,0.001724933929003721,0.0,0.0004934149944303778,0.0,0.00035897658151959024,0.0002701752132434344,10
210.76169514656067,0.0,0.0017556961923794912,0.0,0.0017515562219835037,0.0,0.0005222225181504986,0.0,0.00040553178790144606,0.00039926179548219085,10
210.862380027771,0.0,0.0018177445718732359,0.0,0.001812900241055276,0.0,0.0004610427264083007,0.0,0.00020030806702724785,0.00042401839711672873,10
210.96192979812622,0.0,0.0017522679622276806,0.0,0.0017475747111188825,0.0,0.0005739622846837803,0.0,0.0001876311122762875,0.00026220705896198046,9
211.06209802627563,0.0,0.0017732288539554913,0.0,0.0017670104143599984,0.0,0.00033505410698673376,0.0,0.0002994144692624524,0.0002359981409849003,11
211.16161370277405,0.0,0.0017726867467668047,0.0,0.0017676139549227146,0.0,0.0003083630096141967,0.0,0.00016965139836809588,0.0001875500255124988,10
211.26125502586365,0.0,0.0017714543614233227,0.0,0.0017670652543771163,0.0,0.0004855349645042323,0.0,0.00035029233776733796,0.0002267273430586969,10
211.36178159713745,0.0,0.001801004322880095,0.0,0.0017959461282421258,0.0,0.00028900868552096307,0.0,0.00016940315696576297,0.0002521652790434351,10
211.46153259277344,0.0,0.001772155282729818,0.0,0.001765564226558402,0.0,0.0010980798719135484,0.0,0.00016032814983279068,0.00012098087881643341,10
211.56190133094788,0.0010401300370474406,0.002081311803064795,0.0002861556963766695,0.0017442712336532256,0.0,0.0008159986781241654,0.0,0.0005795836872268463,0.0001075202469590857,10
211.66204643249512,0.0005347446611358086,0.0017770497519597579,0.0005347446609881554,0.001771596301191131,0.0,0.000498786050052947,0.0,0.00046977969827025957,0.00042690526805244037,9
211.76179790496826,0.0012937687871949538,0.002246425374052451,0.0008209003567518642,0.002071528245966782,0.0,0.0007029191638676786,0.0,0.0006866652652898385,0.00048810341373953643,11
211.86143231391907,0.0,0.0017722932681669469,0.0,0.0017681103334461527,0.0,0.00031781716339282344,0.0,0.0003021543422663591,0.0003000636659704187,9
211.9611794948578,0.001107515796666663,0.002263186401178712,0.0011075156861800554,0.002259111796746041,0.010000006215476642,0.009736859843711603,4.031276725442652e-08,0.00016321920668681508,0.00036044366876445777,11
212.06189250946045,0.001107515796658302,0.001957512574144492,0.0011075156151518488,0.001950753802220751,0.010000006215476448,0.0006605379075468992,7.509813758346869e-08,0.0002369840831005845,0.0001262953473640631,10
212.16146278381348,0.0,0.0017580913730642202,0.0,0.0017524159312895205,0.0,0.0008804716450512587,0.0,0.0005655592200039922,0.00012632780024748934,10
212.26390194892883,0.0,0.001862430958331538,0.0,0.0018581861423739836,0.0,0.000590701358126094,0.0,0.00017061811582653005,0.0005878436393728328,10
212.36155533790588,0.0,0.001684352857949542,0.0,0.0016792108999270042,0.0,0.0005551769929144324,0.0,0.0003412478309833168,0.00021371283961201434,10
212.4615547657013,6.554995994382371e-05,0.0017779787176062465,2.2317076570701493e-09,0.0017657802341721374,0.0,0.0008907398945969379,0.0,0.00013734055136066257,0.0004934931958689965,10
212.56282019615173,0.0008689000304905211,0.002068883312395515,2.958241400069982e-08,0.0018201172736765838,0.0,0.00041183530078253423,0.0,0.00028919266125787053,0.00018922635536739807,10
212.66172099113464,0.0009344499904343447,0.0019000728078270182,3.181412165775729e-08,0.001726997231633728,0.0,0.0013167324704398424,0.0,0.001130539590505955,0.00041137357022275013,10
212.76142263412476,0.0018233097366849426,0.0033255425324989025,0.0015245828526415288,0.00311830553910758,0.0,0.00014907322859417115,0.0,8.749673397992853e-05,0.00032088406125983245,10
212.86239981651306,0.0018233097366849426,0.0013942412639980752,0.0015245828526415288,0.001083316304326152,0.0,0.0008353234129015527,0.0,0.0008187512561786904,0.0004690569032867321,10
212.9613823890686,0.00104832896958603,0.0007122368285929013,0.0010483289692984846,0.0006992742475901588,0.0,0.0009037732765970538,0.0,0.0005564804750577138,0.00019083498774143348,10
213.06286215782166,0.00104832896958603,0.0028963716663942523,0.0010483289692984846,0.002891139267839835,0.0,0.0004591115274713315,0.0,0.00022336801724071422,0.0005938494547461121,10
213.1630413532257,0.0,0.0017660356749851255,0.0,0.0017615249027704868,0.0,0.0009961857012327608,0.0,0.0005539659383735461,0.0003595557167416991,10
213.26146841049194,0.0009535384627266051,0.002107234653232599,0.000953538462457532,0.00210175120079189,0.0,0.001399098079555934,0.0,0.0012148328558417173,0.0003945145868959539,10
213.36145567893982,0.0008000702916854721,0.0018147898463844543,0.0008000702914597053,0.0018092548102522778,0.0,0.0006698906806412424,0.0,0.0005995778295129808,0.00014528423033032843,10
213.46163129806519,0.001425214676208201,0.002446977284460863,0.00134923387568697,0.002425584951232251,0.0,0.0010675483978361052,0.0,0.00016486021359482736,0.00032027573522690363,10
213.56312489509583,0.0011369920578879903,0.002936437620050775,0.001134049860664884,0.002935786826686328,0.0,0.001467788626580568,0.0,0.0001722982537094549,0.00036697178750855946,10
213.66209077835083,0.0007836264274826534,0.0013805279778410205,0.0005670366312482276,0.0012159477466725543,0.0,0.001012641853081928,0.0,0.0004910481749533988,0.0005791651573067385,10
213.76187300682068,0.002051574888568261,0.0022032275451690595,0.0020515748884611423,0.002197994866828948,0.0,0.0010752388760202228,0.0,0.00029861811485686513,0.0003736446241590029,10
213.86543941497803,0.0010683766817938456,0.0029132002826259018,0.0010683766816138253,0.00290964032435791,0.0,0.0008156325128764818,0.0,0.0005139225371295358,0.0007277688123257216,10
213.96164774894714,0.00114102743695052,0.0006640664775561964,0.0011410274363738543,0.0006546220624380784,0.0,0.001367177240483904,0.0,0.0010038907337491828,0.0002288157620460392,10
214.061518907547,0.001048328089856512,0.0007707826871577189,0.0010483280895621841,0.0007604890494403754,0.0,0.000595108722577539,0.0,0.0004395083421063257,0.0004981219414373629,10
214.16244649887085,0.001048328089856512,0.002849484690726718,0.0010483280895621841,0.002846194841723106,0.0,0.0006727682470840055,0.0,0.00010076285287352812,0.0004506526026618856,10
214.26419687271118,0.001048328089856512,0.0028702952498141326,0.0010483280895621841,0.002867154421602812,0.0,0.001166373376916418,0.0,0.0004407510281013616,0.0003581641138952219,10
214.36352634429932,0.001048328089856512,0.000780312660226547,0.0010483280895621841,0.0007702290813972017,0.0,0.0003098795182756768,0.0,0.00012528055175214828,0.0002532962304977016,10
214.46377873420715,0.0010484348024139122,0.0007589186108817891,0.0010484347986514629,0.0007457635012050112,0.002178176531291461,0.002031537814664357,1.1744083661335503e-08,0.00020091144084498195,0.00041734371662461293,10
214.56253695487976,0.0010003223972384699,0.002044907947303009,4.3334149417089716e-07,0.0016984962310381926,0.005643653152893945,0.007913403684608728,1.8475002478185663e-08,0.00019422691443838204,0.00035080539682776757,10
214.66381692886353,0.0010003084594038735,0.0020556739075810247,7.23817762525879e-07,0.001850660054873748,0.007821829684185495,0.0007983853967200854,7.2866762196703685e-09,0.000275346900395237,0.00017406300641832886,10
214.7618796825409,0.0010483277840455658,0.002705974296922274,0.0010483277837705337,0.002702555278426677,0.0,0.00022769204709025516,0.0,0.00018805542206134376,0.00031240427715569603,10
214.89548778533936,0.0010483277840455658,0.004225328815094737,0.0010483277837705337,0.004218634742241396,0.0,0.00019282702293349542,0.0,5.001876620820949e-05,0.00036895493050501945,13
214.9632875919342,0.0010483277840455658,0.00031724409998188735,0.0010483277837705337,0.0003092103231945781,0.0,0.0005516000030249666,0.0,0.0003405655084958352,4.782041792899544e-05,7
215.06215620040894,0.0,0.0017322634767481992,0.0,0.0017263222628079173,0.0,0.0005921795245496615,0.0,5.6889983999279936e-05,0.00029761972506493875,10
215.1615924835205,0.0,0.0017695707566474244,0.0,0.0017643813122308772,0.0,0.0007941930158144903,0.0,0.00015064861355195737,0.0003251265353237876,10
215.26203036308289,0.0012006840254629432,0.002273429633821367,0.0011075273133292988,0.002249339206950716,0.010000006215476642,0.009462749664800853,4.031276725442652e-08,0.00031392100308237874,0.0002831980885453081,10
215.36196041107178,0.002350194706567907,0.0027286302528632352,0.001107406201368032,0.0019107611043995938,0.010000006215476448,0.00016392248951202653,7.509813758346869e-08,0.00012653794134969882,0.0003752505563583851,10
215.46248650550842,0.0011777646384052909,0.002891141508037061,0.00104831606622528,0.00281023630496355,0.0,0.00057526122732434,0.0,0.0004764760078177323,0.0002919864499635665,10
215.56258511543274,0.0022580956685744496,0.0022552257277697395,0.0010483754403338538,0.0007593060902451307,0.0,0.0004857031683833165,0.0,0.0002723446925695373,0.00026658287303994,10
215.69564390182495,0.0010000000223572482,0.003223767453475199,3.421531062895928e-08,0.003130786916630573,0.0,0.001150551903898193,0.0,0.0009311445342689011,9.644414371818996e-05,13
215.762277841568,0.0014917814409759643,0.001557632809123124,0.0011066807422262796,0.0014547949071317312,0.005897594655309676,0.005778753811672605,2.7982850865202894e-08,0.000830695302101627,0.00019406423751688892,7
215.86279487609863,0.0011069144743884383,0.002224331267992609,0.0011069144558247474,0.0022209600794318753,0.0017951830951424637,0.004486117565512009,3.5540535788171404e-09,0.0005187480001909394,0.00026192695247676765,10
215.96198344230652,3.6036107000222775e-07,0.0017534131419388534,2.898973469702259e-07,0.0017487695487937685,0.004102411560166935,0.00030253084103672824,6.47560933145972e-09,0.00018620850879125277,0.0005898740672349574,10
216.06226229667664,0.0,0.001765607993725844,0.0,0.0017608208699036016,0.0,0.0007508220390407032,0.0,0.0005581579530809253,0.00021024713333206497,10
216.16186237335205,0.0,0.001777777873563814,0.0,0.0017728117915065864,0.0,0.00034595843467081084,0.0,0.0002694226004227088,0.00017144798270350023,10
216.26184606552124,0.0003316949256731996,0.0017892668807611655,1.129281746006128e-08,0.0017795281633903046,0.0,0.0005558941163174357,0.0,0.00033176084762023204,0.00029586213751898083,10
216.36162447929382,0.002896256072354986,0.001995108060075331,0.0023710093072352345,0.0008648022765835785,0.0,0.0004242748086152218,0.0,7.503303493691599e-05,0.00016186922206381854,10
216.49691367149353,0.0015602807048194416,0.005418489736464919,0.0015246270598800367,0.005392423041464957,0.0,0.0015678942387287852,0.0,0.0014497903992156875,0.0007311907743158447,13
216.55037546157837,0.001448789913206304,0.000981082146142912,0.0010483525532595569,0.0009138914272490386,0.0,0.0004514086153896941,0.0,0.0003305407127756652,0.00036488606353094936,6
216.6627779006958,0.0,0.002250828045002058,0.0,0.002245334897374732,0.0,0.0004950541575431549,0.0,0.00046207973459228154,0.00032630074374348386,11
216.76322484016418,0.0,0.0017841506177337845,0.0,0.001779421573677007,0.0,0.0006734139467296337,0.0,0.0005929601448293445,0.0005774132035062503,10
216.8623867034912,0.0,0.0017399898048835398,0.0,0.0017350835509227852,0.0,0.0009711719932154701,0.0,0.0006939242297182359,0.0005259888788487578,10
216.9617941379547,0.0,0.0017633003888778275,0.0,0.001758494733622712,0.0,0.0004596430656088434,0.0,6.935365619841096e-05,0.0002534273077885072,10
217.06151247024536,0.0,0.001764096850345688,0.0,0.0017592209915663448,0.0,0.00033423723249744424,0.0,0.0002802273297772012,0.00051302960100853,10
217.1627321243286,0.0011070059886121569,0.00229686197556804,0.0011070059882555489,0.002292200743169358,0.0,0.0005171752094743337,0.0,1.4325416548368304e-05,0.00044450657008651,10
217.26207756996155,0.0011070059886121569,0.0018897865879604861,0.0011070059882555489,0.0018849378943474636,0.0,0.0007172491133199068,0.0,0.0005447301804600852,0.00012981188100854077,10
217.36186122894287,0.0010483289695860298,0.0028138310182785377,0.0010483289692984846,0.002809714714371455,0.0,0.0006275510989045166,0.0,0.0006140832199362212,0.00010292075153314082,10
217.46198964118958,0.0014487896788150535,0.0011353587295333614,0.0010483053858838093,0.000748510738481162,0.0,0.0004345754019249032,0.0,2.0150897399387675e-05,0.00033164544357695494,10
217.5622525215149,0.000999999122290191,0.0021106614155877415,3.404100066478895e-08,0.0017717121151461684,0.0,0.0007230138147920171,0.0,7.485483418311202e-05,0.0005074677049422628,10
217.66167283058167,0.0,0.001753313255590724,0.0,0.001748546434100314,0.0,0.00011049766039111063,0.0,1.347340813540936e-05,0.00028943161796281323,10
217.76135897636414,0.0,0.0017614406572782635,0.0,0.0017563116436469398,0.0,0.0006900564534218881,0.0,0.0005059670670771103,0.00034419697178885756,9
217.86155438423157,0.0,0.0017951627953885522,0.0,0.001790070085422043,0.0,0.0002448431404758916,0.0,0.0001129027201794262,0.00031385216780960285,11
217.96235918998718,0.001107006311175367,0.0022760937228962132,0.0011070063108412395,0.00227224039568931,0.0,0.00132844113640715,0.0,0.0010496339952061804,0.0005181796530545344,9
218.06191229820251,0.001107006311175367,0.0018986251113341673,0.0011070063108412395,0.0018925583971306848,0.0,0.0008946695533444482,0.0,0.000401163435761862,0.00025356278664312345,11
218.1612799167633,0.0,0.0017557946740205702,0.0,0.0017512816827314835,0.0,0.0003970480051050745,0.0,0.000259712665036341,0.00013947662387643354,10
218.26241040229797,0.0,0.0018336622293966334,0.0,0.0018269938632464887,0.0,0.0008472547633184216,0.0,0.0007760046705704684,0.0003090347004345228,10
218.36128783226013,0.0014917991560456287,0.0020742627101213626,0.0011069815563542887,0.00188219654251484,0.0,0.0007904834107271701,0.0,6.191476626501698e-05,0.00036343492349690546,10
218.46128940582275,0.0014487914570347551,0.0013911359949469115,0.001048352601346019,0.0007792081938351936,0.0,0.0010054569924658901,0.0,7.60627958999132e-05,0.0003886166954141026,10
218.56392335891724,0.0015246166073922232,0.0032706656320442267,0.0015246166065216308,0.0032680273493116705,0.0,0.0007677429469651259,0.0,4.137798524456819e-05,0.000542793038175856,10
218.66253900527954,0.0010000010795357711,0.0019333481154972982,3.407218370427989e-08,0.0017259974768337185,0.0,0.0004432750337680362,0.0,1.5369797452569824e-05,0.0006066513089328594,10
218.76166200637817,0.001000001079535778,0.002103844419244755,3.407218370427989e-08,0.0017484722746933812,0.0,0.0007666358161833541,0.0,9.777488087980497e-05,0.0003628342118104528,10
218.8625090122223,0.0,0.0018143797494087931,0.0,0.0018083436207128633,0.0,0.0005326783177168052,0.0,0.0005076427037881611,0.0002736622232838891,10
218.962242603302,0.0,0.001761075788563134,0.0,0.0017558240814815448,0.0,0.0006088707074878314,0.0,0.00040226034393373884,0.00023298114843428905,10
219.06397414207458,0.0,0.00184454983280384,0.0,0.0018377880441029682,0.0,0.0005923775667262294,0.0,0.00031089760512916924,0.0003146807638193751,10
219.16140794754028,0.0,0.00170397876081739,0.0,0.001699484386470229,0.0,0.0010389252773433497,0.0,0.0008884197724819036,0.00038478451337896005,10
219.26128149032593,0.0009110583831908425,0.0019305491186121034,3.0857913189028173e-08,0.001767498316068035,0.0,0.0008655959194698714,0.0,0.00033583389724197224,0.0005675357685476191,10
219.36226415634155,0.0032076156404752362,0.0033634296411022635,0.0015246106952323277,0.0015988453635108818,0.0,0.0002602226597233391,0.0,0.00013914930995890604,0.0002942968071291343,10
219.46167016029358,0.0024447082546557647,0.003355013593293489,0.0015246122791028613,0.0028594152166740573,0.0,0.0007218315998782292,0.0,0.0006593589119424959,0.0002951790469028645,10
219.56127262115479,0.001000001007563825,0.0020917728002632905,3.3902612666888314e-08,0.0017579184270411794,0.0,0.000512825503404407,0.0,0.00035985897832597547,0.0002754363390515281,10
219.66165971755981,0.001000001007563825,0.002000545439895531,3.3902612666888314e-08,0.0018075040828158247,0.0,0.0010096394439508593,0.0,0.0009146162792372586,0.0003185599400790144,10
219.7614233493805,0.0,0.0017747431736899084,0.0,0.0017685488751340108,0.0,0.0009323304114937532,0.0,0.0007943956938100668,0.000271813100563973,10
219.86143922805786,0.0,0.0017926101911718978,0.0,0.0017889617954841245,0.0,0.0007536593201328881,0.0,0.0007508533957848588,0.0005801679950007736,10
219.9616527557373,0.0,0.0017923261355023625,0.0,0.0017873422024339651,0.0,0.0009937716083919458,0.0,0.0005545730625232495,0.00022280671615770888,10
220.06129956245422,0.0,0.001757128562035125,0.0,0.0017529415057368537,0.0,0.0005948841833256713,0.0,2.9046718519048993e-05,0.0006924793388088928,10
220.16156458854675,0.0,0.0017978532933673973,0.0,0.0017924988313411077,0.0,0.0009526690450434336,0.0,0.00042032307037000557,0.00048349463813007943,10
220.2611277103424,0.0,0.0017686188038785568,0.0,0.0017632935108433667,0.0,0.0009762708434414556,0.0,0.0009102619121492755,0.0005329073406898364,9
220.3612813949585,0.003062698436935213,0.004440252277384576,0.002319491530092006,0.00389137396879779,0.0,0.0008987692608958691,0.0,0.00016583573121550972,0.0005066293957448231,11
220.46158170700073,0.0015411488650992071,0.0015751376430400835,0.0011726601398430307,0.001315975606738844,0.0,0.0003178227755347321,0.0,2.6297413211290118e-05,0.00017569610321351028,10
220.56157755851746,0.0011513047371442457,0.0006565647477899694,0.0011513047366314751,0.0006438580588901219,0.0,0.0008691165830737399,0.0,0.0007487115168558313,0.00017359105304506876,10
220.66203594207764,0.001227696566525741,0.0022363455286615345,0.0007122325633949708,0.0020592029429798457,0.0,0.0005758399472328799,0.0,0.0002573744179233913,0.00029414202140294816,10
220.76195406913757,0.0,0.0017751729746432795,0.0,0.001769099040870882,0.0,0.0006803843481817454,0.0,0.0003902515354037116,0.0003585518501904989,10
220.86117267608643,0.0009999991222901848,0.002069525059030006,3.404102116029276e-08,0.0017351149783558122,0.0,0.00014698241851798688,0.0,5.2643234006832235e-06,0.0005641216116074342,10
220.96126174926758,0.0009999991222901848,0.00198370787209477,3.404102116029276e-08,0.0017804554057630018,0.0,0.0006110539518638387,0.0,0.0005777661508829041,0.0002212900422599842,10
221.06096291542053,0.0,0.0017755669457222884,0.0,0.0017704244417477593,0.0,0.0005524363528292841,0.0,0.0002554842576844078,0.0002476082133699926,10
221.16231632232666,0.0,0.0018326597090281363,0.0,0.0018268807645096918,0.0,0.0004887433390039762,0.0,0.00026138353183136927,0.00026767866117065586,10
221.26218247413635,0.0,0.001768710758595311,0.0,0.0017640432202112135,0.0,0.00022095683817318384,0.0,9.369072338711743e-05,0.00040895403016526905,10
221.36129117012024,0.0,0.0017449172103645352,0.0,0.001739987284203987,0.0,0.0003029755888974219,0.0,3.7284289904501875e-06,0.00023454034253437208,10
221.46128821372986,0.0,0.0017711588535438859,0.0,0.0017649090951363767,0.0,0.0006377131930266804,0.0,0.0005230085577345925,0.00045506216571665714,10
221.5612759590149,0.001000000022357249,0.0021164644809711403,3.421533014809344e-08,0.0017761131034633474,0.0,0.0013438542080240143,0.0,0.0006780762976484021,0.00034941255112755094,10
221.66125965118408,0.0012698953267710794,0.002089330407014947,4.3449882276486884e-08,0.001766272088242628,0.0,0.0008859529138986107,0.0,0.00047506312683035895,0.0003113684454746963,10
221.7614507675171,0.00046020941352958823,0.0018292892995178398,1.5746225891332307e-08,0.001801349746888024,0.0,0.001126365131495199,0.0,0.00042066004001162054,0.00034925646671471656,10
221.89821457862854,0.0007301047179434187,0.0035431132778245555,2.4980778019705403e-08,0.0033157174525803176,0.0,0.0008705005216695773,0.0,0.0007228870737025578,0.0002525597542712813,13
221.963294506073,0.0,0.0007520805224148999,0.0,0.0007500318640315107,0.0,0.0006634284187341374,0.0,0.00036339314728047964,0.00036493581174023166,7
222.061429977417,0.0,0.0017161670172101636,0.0,0.0017105496070946831,0.0,0.0006171623207605097,0.0,0.000503925571110162,0.00016289911968092306,10
222.16214323043823,0.0,0.0017949702924880894,0.0,0.0017897541236382537,0.0,0.0006159069261229449,0.0,0.0004640289209644877,0.00032095351624020777,10
222.2613344192505,0.0006892564770778247,0.0017659296032241701,0.0006892564768697864,0.0017601149718190995,0.0,0.00029457890421733294,0.0,0.00020964386956810293,0.00026336866097025476,9
222.36184215545654,0.0017030255869792835,0.002578909768778204,0.0013785375018524658,0.0024360105709116653,0.0,0.0004951547302069364,0.0,2.4833444220845822e-05,0.0005612112856398937,11
222.46429204940796,0.0012145257123873099,0.0021903320490250185,0.0006892810251844046,0.0018660875609909388,0.0,0.0009384522470094243,0.0,0.00019885898896126675,0.00040770709802287665,10
222.56307172775269,0.0009999999503852808,0.0019285331573733165,3.4045829314816425e-08,0.0017191105302102497,0.0,0.0012833688240172572,0.0,0.0012136719352665436,0.0006600562298696846,10
222.66332030296326,0.0009999999503852808,0.0021132193648004233,3.4045829314816425e-08,0.0017751088932165895,0.0,0.0006165740711583073,0.0,0.000535326991736194,0.000268113360616128,10
222.7614665031433,0.0,0.0016967193826327664,0.0,0.0016919446056005154,0.0,0.0008028201881999643,0.0,0.00032903652671449575,0.00022641591316414529,10
222.8626582622528,0.0,0.0018275746169857114,0.0,0.0018227118184128406,0.0,0.0011832756449219402,0.0,0.0001928389725110437,0.000516498390480267,10
222.96184921264648,0.0,0.0017447843943240414,0.0,0.0017397768314245119,0.0,0.001026909927290325,0.0,0.0009041185530251722,0.00038226656603505555,10
223.06171321868896,0.0,0.001769571365243326,0.0,0.00176495891568788,0.0,0.0008050468808866153,0.0,0.00048521684429898707,0.00035899610779572085,10
223.1614944934845,0.0010483278699596735,0.000764793707191388,0.0010483278696636375,0.0007538219502538739,0.0,0.0009251039076389745,0.0,0.0006145314461439269,0.0003565616931986992,10
223.2615909576416,0.001524616049188254,0.003142759576713157,0.0015246160482611433,0.003139218759409049,0.0,0.0011653337692198648,0.0,0.0010747713880919383,0.00020425439212841756,10
223.36165189743042,0.0024293735464308154,0.0027345145817490707,0.0022139880086111618,0.00259434654309631,0.0,0.0005295592233367275,0.0,0.00046198994295362507,0.0002498890718100902,10
223.46316957473755,0.0018233095138093516,0.0019962026586277807,0.0015246148442665298,0.001630013533942309,0.0,0.0004251081329881897,0.0,0.00021561965211059362,0.00022790283678861056,10
223.56132459640503,0.0010483287496323257,0.0027090589105394566,0.0010483287493430922,0.0027061696386991557,0.0,0.0008098884470014835,0.0,0.0006715263457010403,0.0005490410359506704,10
223.66149401664734,0.0,0.0017799252119341368,0.0,0.0017749435992400983,0.0,0.0007248129705523074,0.0,0.0005736969383332204,0.000276637252023522,10
223.76185703277588,0.0009999999503852684,0.0019900217763003368,3.404586948790686e-08,0.0017933863726234376,0.0,0.0008083789064895486,0.0,2.485465997090412e-05,0.0002498826485530778,10
223.86176538467407,0.0009999999503852684,0.002097527037400521,3.404586948790686e-08,0.0017646949747026233,0.0,0.0004065899043691606,0.0,1.1389262151515555e-05,0.0006663313237779747,10
223.96172761917114,0.0,0.001782990567103955,0.0,0.0017766602352076843,0.0,0.0012885989357365197,0.0,0.0004081208215220292,0.00019639859021137646,10
224.06172394752502,0.0,0.0017941481771731427,0.0,0.0017897176385961288,0.0,0.0005663201190325556,0.0,6.064234251626483e-06,0.0001011543586259517,10
224.16424202919006,0.0,0.001862993898574363,0.0,0.001858529894013906,0.0,0.0007900386131189351,0.0,0.0001491651269223214,0.0003119291973428025,10
224.26186060905457,0.0010483273442517661,0.0006983887799060893,0.0010483273439734267,0.000684407988125137,0.0,0.0009532390491654942,0.0,0.000702865406718099,0.00022339242520418866,9
224.36207914352417,0.003144983743946747,0.004941400818426221,0.00314498374308159,0.0049397083613109,0.0,0.0006107585126414128,0.0,0.0005837562606537906,0.000421550266209608,11
224.46179151535034,0.0020966563996951317,0.0004962905038526655,0.0020966563991081802,0.00047283877347902486,0.0,0.00041276578045141963,0.0,3.669189566686145e-05,8.932942531249556e-05,10
224.5622260570526,0.0010483277840739875,0.0028331877953444063,0.0010483277837989551,0.0028298938115793645,0.0,0.0007764075631866388,0.0,0.00037095007591843375,0.00029454708925617795,10
224.66295385360718,0.0010483277840739875,0.0008003944591668868,0.0010483277837989551,0.0007902442805631983,0.0,0.0005163011890645452,0.0,4.529806916768037e-05,0.00038619321804819154,10
224.7618796825409,0.0010000008504595518,0.0019565164568527455,3.422368053193538e-08,0.001758341791006219,0.0,0.00039187758671566504,0.0,4.012562494363546e-06,0.00022834965072598038,10
224.86242485046387,0.0010000008504595518,0.002135309455715976,3.422368053193538e-08,0.001796551566879606,0.0,0.0006857820869540164,0.0,0.0006652247788153051,0.0003332900471706942,10
224.96380734443665,0.0,0.0018303925476403002,0.0,0.0018251317299529505,0.0,0.0004917364499310408,0.0,0.00017636427107390554,0.0005763491588765097,10
225.0623438358307,0.0,0.0017394601580278295,0.0,0.0017349636041173264,0.0,0.0001305127511298746,0.0,6.571251267130599e-05,0.0002909881592711093,10
225.16237235069275,0.0,0.0017927592040200059,0.0,0.0017879656904750106,0.0,0.0007900743999230123,0.0,0.00044244663090981407,0.0001758449595380131,10
225.27115726470947,0.0,0.0021106298240530573,0.0,0.002105128234453661,0.0,0.0011136358148596934,0.0,0.0009756921643834866,0.00017088240852118581,11
225.36291885375977,0.0,0.0015079801504153526,0.0,0.0015039108810202954,0.0,0.000394350965464381,0.0,0.00016549685425886338,0.0003778156363261894,9
225.4624412059784,0.00011990332124316566,0.0017839198664652673,4.103524715605484e-09,0.0017650904000767152,0.0,0.000735890088665388,0.0,0.00019732667527038296,0.0005729674609706721,10
225.56398010253906,0.0017596725181555403,0.0026339806632471987,6.463900960969291e-07,0.0018313762988421364,0.010000006215476642,0.01016739607492271,4.031276725442652e-08,0.00016866967864034025,0.0005812593863826919,10
225.6618001461029,0.0008795762035179321,0.0018284947314883562,1.0043779983497563e-06,0.001694111787059564,0.010000006215476448,0.00040076113497994364,7.509813758346869e-08,0.00033673863831010567,0.00034647452762650774,10
225.7619068622589,0.0009998310755641217,0.0019891466398833406,1.9465728371514104e-07,0.0017808000773760005,0.003236558587327056,0.003698023672309118,1.6854751590135793e-08,0.00015225100694858155,0.0004753882551464202,10
225.86486840248108,3.0980640903315725e-07,0.0018934842521603754,2.4920523425012376e-07,0.0018868795558119207,0.003526889040822656,0.006211583499589355,1.024713651717661e-08,7.972355006562871e-06,0.00027197385750353867,10
225.9953269958496,5.941098483935105e-07,0.0030227496221922716,4.7795609732603e-07,0.0030153880482200438,0.0067634476281497975,0.0007905528959594917,7.545726037366209e-09,0.0007742187378717296,0.00012900958709254583,13
226.04182171821594,0.0,0.0003837441490649108,0.0,0.00038282600949224397,0.0,0.0006043907478248161,0.0,0.0005908847234377196,0.0006205198623408032,5
226.16187191009521,0.0,0.0026057726893377498,0.0,0.002598686216089541,0.0,0.0008591046671562482,0.0,0.00030008108701058337,0.00022473286923697518,12
226.26146268844604,0.0,0.0017717630368363475,0.0,0.001765211755452218,0.0,0.0010104204697234742,0.0,0.0004987313768537612,0.0005810606554065838,10
226.3628613948822,0.0,0.0018167387171655642,0.0,0.0018121598803011155,0.0,0.0004659673283190077,0.0,0.00017409374733367723,0.00016835950357630146,10
226.4624309539795,0.0009999999503852808,0.0020826365113726856,3.4045829314816425e-08,0.0017478284699944918,0.0,0.0010574478290325162,0.0,0.0009075242963214152,0.0002349932539399821,9
226.56160807609558,0.0020053576742095646,0.0026506594630921693,0.00014022551737216755,0.001888188749842734,0.00866689738625039,0.00896858803483158,3.2929122283627694e-08,7.5313870790846735e-06,0.00029156853166755495,11
226.6629192829132,0.0016779744121342196,0.0031561328707194014,0.0013467544476756358,0.002929827453325222,0.016567049639549705,0.007407326243033561,9.012760700856875e-08,0.0007298785216258084,0.00035907642533037894,10
226.76295590400696,0.0014309151110809646,0.0011567402092259563,0.001430914657230508,0.0011499834725577447,0.01713341333582516,0.009039875188380847,4.781223530450553e-08,0.00010891019482333375,0.0004893536429477204,10
226.86203289031982,8.110614217746993e-07,0.0017369493899186828,6.523571930917495e-07,0.0017321566145123138,0.009233261082525618,0.0006342722753457732,6.810867783767172e-08,0.0003383290857469018,0.000433842681862045,10
226.9621651172638,0.0,0.0017667647902610106,0.0,0.0017604492885882784,0.0,0.0010653789218351768,0.0,0.0008085689094941524,0.00014705288472880625,10
227.06312727928162,0.0,0.0018161157037403393,0.0,0.0018103852592432996,0.0,0.0006948343019244652,0.0,8.021792474776279e-05,0.00021860928791891826,10
227.16641283035278,0.0010000000223572422,0.002081711308454633,3.421533014809344e-08,0.0018938964364543238,0.0,0.0007468852896277673,0.0,0.0006401700599702707,0.00030401977159058677,10
227.2632999420166,0.0010000000223572422,0.0019783376229611706,3.421533014809344e-08,0.0016713579383091615,0.0,0.0005291600810088769,0.0,0.00011730389490543431,0.00020334026151098855,10
227.36423897743225,0.0,0.0018170830567484286,0.0,0.0018120240131201035,0.0,8.999391098602308e-05,0.0,5.6121170296568216e-05,0.00052301336987951,10
227.46289110183716,0.0010005221259143879,0.002056201172963228,7.40828125407646e-07,0.0017172763222461614,0.010000006215476642,0.009937004449814052,4.031276725442652e-08,0.0005330333146011065,0.0003086663088373044,10
227.5615212917328,0.0010477177085586058,0.0007200369047901911,0.001047717566052175,0.000708455609517943,0.01000000621547684,0.0005419610339640839,5.527396925384365e-09,0.0004343968254528698,0.0006401045537769222,10
227.66205286979675,0.0018233089649223849,0.003079772027907581,0.0015246148726148045,0.002947971500854505,0.0,0.0007235420847375433,0.0,0.00015663335233287554,0.0004365660576783011,10
227.76340985298157,0.001107006775305812,0.002296238513251631,0.0011070067749695894,0.002292099584932012,0.0,0.0007092821879533645,0.0,0.0005894920380820182,0.0003039851188126849,10
227.86218285560608,0.0,0.0017423049886054615,0.0,0.0017371472383833492,0.0,0.0005234720245398831,0.0,0.00029454687084873977,0.000539436716194823,10
227.96157956123352,0.0,0.0017721147211353467,0.0,0.0017675884324873793,0.0,0.0011616198350507213,0.0,0.0009816360376421912,0.0005637400554541656,10
228.06521224975586,0.0,0.0019143856640177275,0.0,0.0019094903799815788,0.0,0.0005131694771071834,0.0,0.0002826018425415175,0.0002491098338959585,10
228.16435480117798,0.0,0.0017645984199429728,0.0,0.0017593450689846522,0.0,0.0006014036794181386,0.0,0.00047117712372110273,0.00016362718650995135,10
228.2626757621765,0.0,0.0017329850207151135,0.0,0.001728043684232228,0.0,0.0005520627348390655,0.0,0.00016814238814336332,0.00018848448481157082,10
228.36302161216736,0.0,0.0017866040216153256,0.0,0.001782382242245206,0.0,0.0011521832671230762,0.0,0.001073166806982582,0.0003417387043971028,10
228.4619746208191,0.0009999999503852808,0.0019332413399382917,3.4045829314816425e-08,0.0017282155397713873,0.0,0.0004738460585541572,0.0,0.00020312938182321682,0.0004072468745226173,10
228.56278800964355,0.0010478382617268357,0.000800150876943772,0.0010478381190863102,0.0007841281838128688,0.010000006215476642,0.009375971744704024,4.031276725442652e-08,0.00024994692788675324,0.00041012039391693893,9
228.6616816520691,0.0010479595128698993,0.0027558933264743637,0.0010479594283695558,0.002753876262990447,0.010000006215476448,0.0004959931846873158,7.509813758346869e-08,0.00014903977408699357,0.0003752473723740632,11
228.76129055023193,0.0009999991222972827,0.0021021850369422244,3.404100066478895e-08,0.0017494249133735327,0.0,0.0009189332365722349,0.0,0.0007034991323147139,0.000286578686357979,10
228.86235117912292,0.0,0.001815438091200823,0.0,0.0018098685412121526,0.0,0.00143256399881652,0.0,0.0005775263840812422,0.00040334018244002134,10
228.96164631843567,0.0,0.0017479713291078767,0.0,0.0017428697232751522,0.0,0.00045569683710191714,0.0,9.760903698804948e-05,0.00013911592514566533,10
229.0620834827423,0.0,0.001788648789986199,0.0,0.0017836149085240045,0.0,0.0006488304363956232,0.0,0.00028599724035849257,0.00016171371225823388,10
229.16378688812256,0.0,0.0018295672616423586,0.0,0.0018244592387103187,0.0,0.0005312840213109408,0.0,0.0004079177792367189,0.0001925991979379755,10
229.29697012901306,0.0010000009224315231,0.0032471346453318275,3.439199603029418e-08,0.003154901733538449,0.0,0.00019756991016800897,0.0,0.00011778773157024227,0.0004002778449773705,13
229.3410997390747,0.0014487897055161579,0.001434271939602537,0.001048304152226385,0.0013888415345889582,0.0,0.0007907900693928883,0.0,0.0007603814145117772,0.0005657756661859925,5
229.46122908592224,0.0010483289695576085,0.0018324253136035014,0.0010483289692700631,0.001823630857762915,0.0,0.0005379667694384409,0.0,0.000297302611919841,0.0003069626849813279,12
229.56331729888916,0.0010483275641202418,0.001143934851314272,0.0010483275638435582,0.0011370740574309925,0.0,0.0014637929177171885,0.0,0.000794941082579181,0.00017005792937790215,10
229.66208815574646,1.1641631317761678e-09,0.001752260508312914,1.10714585360937e-09,0.0017482827097187298,0.0,0.0003622240793152123,0.0,0.0002302305598271688,0.0003093831698562594,10
229.76152324676514,0.0015246162150298539,0.0015681009286800274,0.0015246162150263467,0.001562195193944842,0.0,0.0004404561057164903,0.0,2.6077006318752062e-05,0.00036659122096641415,10
229.86291122436523,0.0011070064527426877,0.001980582376840071,0.0011070064523839157,0.0019756752479929487,0.0,0.00043529047701579613,0.0,0.0004059690827971559,0.0004303723404708071,10
229.96202993392944,0.0,0.0017568805659643714,0.0,0.0017511754544048271,0.0,0.00022710435184450706,0.0,0.0001304060836851969,0.0002275995939252603,10
230.061847448349,0.0,0.0017875133269125811,0.0,0.001782579057240291,0.0,0.0008019566442142437,0.0,0.0001810883668806117,0.0003597427189191827,10
230.16149806976318,2.617472055043272e-05,0.0017669974216806153,7.101517916086796e-07,0.0017598269511401045,0.010000006216398445,0.010180394905488853,2.560468634066793e-05,1.8698756891803742e-05,0.00012176258527741748,10
230.26259541511536,2.5753397541805287e-05,0.0018077391918115248,8.831537031963681e-07,0.0018052387882279619,0.012917803756986975,0.008483874424074143,2.5603347276258157e-05,0.00017390403027481597,0.0006144039851988954,10
230.36194682121277,0.0016201418440372768,0.0013825574818357807,0.0012749933664405037,0.0008076201883879452,0.00635475208063653,0.001532428026401967,7.98174191753868e-09,0.0002649961965191898,0.00011598768059524412,10
230.46156215667725,0.0009595669452689931,0.002016516776199408,0.00034555025470313664,0.0018648569089288413,0.008911565772085885,0.009513147373069455,2.234170615974579e-05,0.00032372905308467124,0.0004913792762912629,10
230.56205439567566,0.0013663223143936649,0.0030381959658857924,0.0011146075928994948,0.00289712745191004,0.01744637900454903,0.008629872208694222,4.464949106770283e-05,0.00021109158205657045,0.00021358331721757953,10
230.66253352165222,0.0008951429197556126,0.0019661926200062745,7.58174881589245e-07,0.0018113589405365773,0.00872318950227433,0.00023095057764662287,2.2364448983162187e-05,4.158514451619145e-05,0.00022584650556531705,10
230.76153469085693,2.6174720550324133e-05,0.0017603376376460617,7.105481215772785e-07,0.0017572542734594324,0.01000000621639158,0.010052325647495544,2.5605378531144366e-05,0.0007115783677494591,0.00021237864218897102,10
230.86208844184875,0.0010492046790814707,0.0008015686307410273,0.001048878994051645,0.000786640208492298,0.010000006216391827,0.00044390692651209793,2.5570593364370822e-05,0.00042069403726594396,0.00016785471922256139,10
230.96184825897217,0.0010481439163738638,0.002807130226546486,0.0010480764227478662,0.0028026140073975432,0.00453646480873356,0.004527524205287032,1.1611471909669254e-05,5.033625698795547e-05,0.00021100098829887457,10
231.0624876022339,2.3748124949385555e-05,0.0018107899836325393,6.456108870948064e-07,0.001807047362495056,0.009072929617467137,0.004288585219351821,2.323010235737117e-05,0.00043718187426669433,0.00037122634750793595,10
231.1614487171173,1.1874062484129787e-05,0.0017374903178081923,3.214014826608319e-07,0.0017313177400374476,0.00453646480873356,0.0005441482970178616,1.1604313295303277e-05,7.404431747997239e-05,0.0002946743755512239,10
231.26186108589172,0.0,0.0018066258223301088,0.0,0.0018011785819609912,0.0,0.0004118908914172667,0.0,0.0001881952628830233,0.0002306682641894117,10
231.36188411712646,2.391646442624642e-07,0.0017926073764610348,6.492452561964141e-09,0.0017873983066093479,9.137243407480096e-05,0.0006624751505637975,2.3380496641150357e-07,0.00013675605779896196,0.0005682220916563763,10
231.46303248405457,0.0010483186533724873,0.0008296504514069842,0.0010483185332362387,0.0008180134738045396,0.00018274486814975742,0.0005933790318363405,4.6761283348887666e-07,0.000378334864031474,0.0004448238836052783,10
231.56329488754272,0.0010483236314293082,0.002829794665630484,0.0010483235987899919,0.002826363313550921,9.137243407478812e-05,0.0007231166594777731,2.338020657456341e-07,0.0003265908790381734,0.00034822372007316217,10
231.66160893440247,0.0,0.0017337066871819216,0.0,0.0017285553615776017,0.0,0.0008777790359537117,0.0,0.0004420570712799854,0.00029579475097179093,10
231.7613868713379,0.0,0.0017666716090809103,0.0,0.001761349326904341,0.0,0.00038853153376930123,0.0,0.00012950603182333034,0.00034990825122543706,10
231.86160469055176,0.0,0.0017933454151252393,0.0,0.0017888302520945897,0.0,0.0004624528380027566,0.0,0.0002552998303714262,0.00018462603719282208,10
231.9614233970642,0.0,0.0017713163021871867,0.0,0.0017665841140654423,0.0,0.0005864147762587035,0.0,0.0005540778027563586,0.0003316514891498289,10
232.06154012680054,0.0011070064527711097,0.0022661821900794616,0.0011070064524123374,0.0022616297248133736,0.0,0.0009843818344636365,0.0,0.00039220804654246027,0.00028801940628796874,10
232.16178846359253,0.0011070064527711097,0.0019406998804397293,0.0011070064524123374,0.0019349800921913943,0.0,0.0005788178649541541,0.0,0.00011634566690722259,0.00043759292860597786,10
232.26316452026367,0.0,0.0018193343676577581,0.0,0.001814632490770123,0.0,0.0005959085827783632,0.0,0.00031723237743833436,6.11445718369511e-05,10
232.3618438243866,0.0008104732891239657,0.0018517097083962251,2.787376742934402e-08,0.0017190763051065324,0.0,0.0007944033337814007,0.0,0.0007452240842694829,0.0008350291932161544,10
232.46171641349792,0.000620945655802198,0.001938632852692168,2.135555817628118e-08,0.0017834995062928397,0.0,0.0006722207455520716,0.0,0.0006672529224574786,0.00017802627057713266,10
232.56194925308228,0.00018952763332176769,0.0018073264328058985,6.518209253062843e-09,0.0017768759564279807,0.0,0.0009679851765771956,0.0,0.000940808603537763,0.0005854973853946608,10
232.66264081001282,0.0,0.0018031696301962345,0.0,0.0017981623302343664,0.0,0.0011884349451099635,0.0,0.0010643050514355587,0.00015033016452928267,10
232.7628059387207,0.0,0.0017881978382076765,0.0,0.001782949272365596,0.0,0.0006378314162575081,0.0,3.7374385044408255e-05,0.00046388170437565364,10
232.86154222488403,0.0,0.0017426387026969986,0.0,0.0017370613925075564,0.0,0.0004208098100355145,0.0,0.00013830494897340095,0.0006133915248981153,10
232.9619436264038,0.0,0.001785523303204533,0.0,0.0017803957242691988,0.0,0.00015608344420177611,0.0,0.0001237872704898708,0.0002244347632038572,10
233.06269073486328,0.0009999999503852678,0.0019998277729793967,3.404584874754444e-08,0.0017982833251751925,0.0,0.0013345049377736138,0.0,0.0003934430302009463,0.00036176752726405266,10
233.16119503974915,0.0014658573343290333,0.0024269018650399134,0.0010717664925830553,0.002160520868439458,0.0,0.0008973901614340428,0.0,0.0001961103318251075,0.0002733231391061758,10
233.2626280784607,0.001036576686118775,0.0019593612917438996,0.001036576685784855,0.001954854170833575,0.0,0.00025077462019110805,0.0,7.847229517283662e-06,0.000252697453904116,10
233.36207580566406,0.001142220639858848,0.0019271827790772454,0.001142220639490896,0.0019226885098992256,0.0,0.001360701123987788,0.0,0.0012243293090900883,0.00026528505848420254,9
233.46230363845825,0.0018233076574124757,0.0018096745697998606,0.00152461763742006,0.0015948403519627375,0.0,0.0010658173270337494,0.0,0.001037142587170783,0.00028670126335442967,11
233.56221866607666,0.0015246162400285562,0.002916274895075351,0.0015246162400224148,0.0029132098837003134,0.0,0.0009344260589065335,0.0,0.00020392099585377356,0.0003256939944244361,10
233.66146779060364,0.0014917995575210717,0.0024886565165456367,0.0011069820204779874,0.0022241552848808774,0.0,0.00028307863549790937,0.0,0.0002451706283383939,0.0005453759224370995,10
233.76165175437927,0.0,0.001778420785479218,0.0,0.0017736236107392857,0.0,0.0007447769872133497,0.0,0.0005651688293079475,0.00022025344144903367,10
233.86187434196472,0.0,0.0017831045145377464,0.0,0.0017785131762190923,0.0,0.0006630823334320959,0.0,0.000608100953922068,0.00023993136867746505,10
233.9619882106781,0.0,0.0017925130900757324,0.0,0.0017876138584682006,0.0,0.00044087722961410887,0.0,0.0003825998407904681,0.00028858750906303763,10
234.06120538711548,0.0011070067753058122,0.0022354895771939136,0.0011070067749695894,0.0022315408112739575,0.0,0.000646694959181906,0.0,0.0004757242919373217,0.0004039552184897941,10
234.16135334968567,0.0011070067753058122,0.0019410647623280923,0.0011070067749695894,0.0019373929863820212,0.0,0.001009898596721316,0.0,0.0009648988196336433,0.0003115648363786996,10
234.26188731193542,0.0,0.0018033215518286686,0.0,0.0017983212804634798,0.0,0.0012021039265515837,0.0,0.00100594420503884,0.000497673785840392,9
234.361554145813,0.0010483289695291864,0.0007570502759174222,0.0010483289692416412,0.0007441962864480255,0.0,0.00039847582954292575,0.0,0.00016057246900053485,0.0003003216495169538,11
234.46148347854614,0.001448789704372871,0.002932529600754857,0.0010483523333035608,0.0028080157985756107,0.0,0.0003394921608326876,0.0,4.582073485826164e-05,0.00029070232582080057,10
234.562846660614,0.0014487888017824249,0.0014040421619461734,0.001048350707981825,0.0008127463977437501,0.0,0.000792084717904183,0.0,0.0001664343171534485,0.00033990857162189217,10
234.66181826591492,0.0010483273441949227,0.0027466602028090284,0.0010483273439165833,0.0027439709526393733,0.0,0.0007126320257169193,0.0,0.0006512855588036897,0.0003847814613535119,10
234.76202607154846,0.0011070066337393158,0.0022471963473567557,0.0011070066334269366,0.0022428757428394758,0.0,0.0003623611018195935,0.0,9.706079243705344e-05,0.00022626931835800134,10
234.86160445213318,0.0011070066337393158,0.0019026344863791748,0.0011070066334269366,0.0018976670573967556,0.0,0.00036663414059632203,0.0,0.00028872695291508045,0.00028244445617166145,10
234.96244096755981,0.0,0.0018051221880830016,0.0,0.0018001795983254622,0.0,0.0006704467286974032,0.0,0.0006567173517157927,0.0004714495186992458,10
235.06149172782898,0.0,0.0017400035351715175,0.0,0.0017355882021931302,0.0,0.0009247353241354883,0.0,0.0005287972206627303,0.0003251263820012162,10
235.16228699684143,0.0,0.001809082891965954,0.0,0.0018050000616742212,0.0,0.0008470316756859444,0.0,0.0007709837777159957,0.0005319499921318891,10
235.26163983345032,0.0011070061043734149,0.0022212354110614234,0.0011070061039894683,0.0022173299183573746,0.0,0.0006159263842570618,0.0,0.0002295829032738269,0.0003830911738110246,10
235.36148929595947,0.0022140122087468297,0.002580444226331979,0.0022140122079789366,0.0025772860729785184,0.0,0.0005533215575821401,0.0,0.00039696282035117983,0.00025955330910952057,10
235.46191263198853,0.0011070061043734149,0.0022772686675925323,0.0011070061039894683,0.0022730872731022205,0.0,0.00104985781776097,0.0,0.0007204330976038576,0.0005346766367750145,10
235.5615828037262,0.0,0.0017604945226650456,0.0,0.0017551947634754017,0.0,0.00027056393760681156,0.0,8.961025951074813e-06,0.0004204298986602389,10
235.66246247291565,0.0,0.0018089726162749263,0.0,0.0018029512150405911,0.0,0.0007871948454535348,0.0,0.0003228095475763732,0.00031914417040595914,10
235.76177763938904,0.0,0.0017595939143194136,0.0,0.0017547693588646212,0.0,0.0013911356878640296,0.0,0.00041676046758742685,0.0004016413065946259,10
235.8620491027832,0.001059204346685495,0.0016797079455753397,0.0003491404574880451,0.0014387392161973097,0.0,0.0002305059376072186,0.0,0.00019034963241006244,0.00023113617352667578,10
235.96116590499878,0.0010594803108300082,0.0017899699138493922,0.0003500249990006447,0.0013842051091737496,0.0,0.0006520542072627409,0.0,0.00015444423313405308,0.00035243674517541305,10
236.06174302101135,0.0013093103089163046,0.0028532532821239076,0.0013093103081125025,0.0028498897237660965,0.0,0.0006698520878906604,0.0,5.283650216771755e-05,0.00033768976883827236,10
236.16130924224854,0.0011070056660212636,0.0019137735912138337,0.0011070056656414435,0.0019096376156566965,0.0,0.0002801192359393094,0.0,0.00021294675866216826,0.0002719066267337547,10
236.26268911361694,0.0,0.001840934687914758,0.0,0.0018343595989282742,0.0,0.0005817229863051871,0.0,0.0005247502416914918,0.0001910567183781547,10
236.36123967170715,0.0009999999503781754,0.0020632234474066355,3.4045829314816425e-08,0.0017321090264854234,0.0,0.0008592618913906726,0.0,0.0005111206006135746,0.0003746708575894837,10
236.46232867240906,0.0014917994909331553,0.0021460336752969016,0.0011069812595708944,0.0019528443596408234,0.0,0.00048513296937240953,0.0,8.067931410085091e-05,0.0004923651863733962,10
236.56174492835999,0.0014917994909426863,0.0024858768428371912,0.0011069812595708944,0.0022201609775609975,0.0,0.0008048393407491285,0.0,0.0002054423519231132,0.00012656907438037175,10
236.66229152679443,0.0009999999503923932,0.0019848136788306473,3.4045829314816425e-08,0.0017944776921986667,0.0,0.0009533534508708056,0.0,0.000846540662934723,0.00029424070263908496,10
236.7618706226349,0.0,0.0017560143179766868,0.0,0.0017506064974656323,0.0,0.0006799208420775429,0.0,0.0004480950335901654,0.00031321780909094704,10
236.86234283447266,0.0015246162150700333,0.0016048206599920006,0.0015246162150665261,0.0015995311936313655,0.0,0.0003424567103665372,0.0,0.00033466518227227404,0.0002833908672643979,10
236.9619584083557,0.0015246162150700333,0.00289933259341333,0.0015246162150665261,0.0028946469261965863,0.0,0.000569076849512995,0.0,0.0003577170284833009,0.00018313575418154012,10
237.06298875808716,0.0,0.0018089765729038907,0.0,0.0018035681114197846,0.0,0.0003844794850315066,0.0,0.00031664296821487357,0.0003291808409835296,10
237.16324734687805,0.0,0.0017881206535336144,0.0,0.0017830899445330085,0.0,0.0006134308524016889,0.0,0.0006044652510518011,0.00021617154730014948,10
237.26126790046692,0.0,0.001705461427229481,0.0,0.0017009665008038497,0.0,0.0006132550637089928,0.0,0.0001626327903144207,0.000219240497361354,10
237.36151123046875,0.0014487884515437287,0.002951230333097403,0.0010483510138518122,0.002826217748709556,0.0,0.0008877176353923697,0.0,0.00041447017418085394,0.0003854357988807254,10
237.46339464187622,0.0014917959608876335,0.002262610856367675,0.0011070304457346076,0.0019460311216629145,0.0,0.0005233528908453836,0.0,0.00031924943412488813,0.00014964257084670586,10
237.5627465248108,0.0018233077062563,0.0017920508755984205,0.001524618775523652,0.0015643878193463837,0.0,0.0007120094420648742,0.0,0.0006872335963158699,0.00018548653416572368,10
237.66138577461243,0.0014487881207569382,0.0029826321195090193,0.0010483037604841388,0.0027580145596566847,0.0,0.0010486754432703649,0.0,0.0008337086156354969,0.0001869622954136805,10
237.76129412651062,0.0010483273441949227,0.0007698096343897488,0.0010483273439165833,0.000757723467777019,0.0,0.000314881312231161,0.0,1.5320764978378449e-06,0.00039118240477869294,10
237.8638846874237,0.0,0.0018541212828387876,0.0,0.0018483932840814919,0.0,0.0008777410092386134,0.0,0.0005973651899850666,0.00041252485285399635,10
237.96166396141052,0.0010000001074896962,0.001885788535828324,3.3727282295356655e-08,0.0016802833704591643,0.0,0.0005177182445641501,0.0,0.0003288768392316039,0.0004186035510827741,10
238.0614242553711,0.0010000001074896962,0.002125299230238728,3.3727282295356655e-08,0.0017751519961001808,0.0,0.0005768214137890335,0.0,0.0005420968595747844,5.152200210597276e-05,10
238.16242289543152,0.0,0.0018213407529568202,0.0,0.0018151040871155484,0.0,0.0005517825913487729,0.0,0.0004797627379892385,0.00015870021259555174,10
238.26180791854858,0.0,0.001757871326117722,0.0,0.001753404254627169,0.0,0.0011675964530294064,0.0,0.0010909994491670814,0.0002814662568221571,10
238.36140513420105,0.0,0.0017508270839295531,0.0,0.0017459119010099528,0.0,0.0008858175234538076,0.0,7.480045896227784e-05,0.0002557880239551007,10
238.46118807792664,0.0014917985882270386,0.002213925296660641,0.0011070307432394515,0.0019036718921308156,0.0,0.00035784477135439226,0.0,0.00021870403722526458,0.00032055641484496453,10
238.56277060508728,0.0014917985882270386,0.002466084668329826,0.0011070307432394515,0.0023025051822615854,0.0,0.0004336852200147319,0.0,1.0021239198480785e-05,0.0005421634975932955,10
238.6616084575653,0.0,0.0017307220296416495,0.0,0.0017267594206179118,0.0,0.0008728095161802882,0.0,0.0008029666077071315,0.0007123699809724099,10
238.76112937927246,0.0,0.00177275638793934,0.0,0.0017679777335327768,0.0,0.0009556116820266575,0.0,0.0009002809978296013,0.00027149763038422046,10
238.8619282245636,0.0,0.00180296118186341,0.0,0.0017967343995433475,0.0,0.0005572512503882229,0.0,0.0005555551744006751,0.0002825385100551843,10
238.96158266067505,0.0011070063369823483,0.002240641893114836,0.0011070063366499865,0.0022357173576381057,0.0,0.0004954979165035104,0.0,0.0003773332338787458,0.00037348717580825504,10
239.06247758865356,0.0014917987338648516,0.0021275673883712526,0.001106981930550004,0.0019497294815244337,0.0,0.0008169562853752808,0.0,6.80032751969722e-05,0.00039760065256098557,10
239.16191220283508,0.0010000001074896962,0.002095295457011932,3.3727282295356655e-08,0.0017708748460992265,0.0,0.0010173813639414793,0.0,0.001010087347826428,0.00033007120964164083,10
239.26142048835754,0.0,0.00175869189023464,0.0,0.0017540470600410274,0.0,0.0002442212152311723,0.0,0.0001037030560656015,0.0006477530143592566,10
239.3614363670349,0.0,0.0017807639534006949,0.0,0.0017764834558138122,0.0,0.0006292335950494017,0.0,8.991711217475106e-05,0.00031332649248596293,10
239.4615867137909,0.0,0.0017836551175716983,0.0,0.001778444209872522,0.0,0.0005159796843981524,0.0,8.983956437395193e-05,0.00018686977896119399,10
239.56162095069885,0.0014917985882270386,0.0022277146476176414,0.0011070307432394515,0.0019187339076370982,0.0,0.0009126287443449208,0.0,0.0007245451118956673,0.000517423545709258,10
239.6614556312561,0.0011070054602786439,0.0022585037307363606,0.0011070054599539374,0.002254440392607969,0.0,0.00045799321819968734,0.0,0.00037993885472810364,0.0001977078284680602,10
239.7610845565796,0.000999999793281058,0.001972507190031697,3.4367014918636636e-08,0.0017716493161554514,0.0,0.0005165052068637141,0.0,0.00010670306991923748,0.00044937613479531844,10
239.8626525402069,0.0,0.00184761638719734,0.0,0.0018408342753761374,0.0,0.0007943666599097512,0.0,0.00021317121938792556,0.0006359025401069734,10
239.96120476722717,0.0,0.0017235635723380203,0.0,0.0017190420393329248,0.0,0.0006133795157790643,0.0,0.0005511075696320938,0.00026219425659340174,10
240.0614755153656,0.0,0.0017837712915190706,0.0,0.0017768567877265412,0.0,0.0010529404404457324,0.0,0.0006759797026427074,0.0003287803918069516,10
240.16140246391296,0.0,0.001784263640961533,0.0,0.0017790845727155525,0.0,0.0010013842788455156,0.0,3.569853139408379e-05,0.00038330258112452445,10
240.26155042648315,0.0,0.0017647591499743438,0.0,0.0017603156288043687,0.0,0.0003581250751280411,0.0,0.00018972337043028523,0.0003814202286911131,10
240.36210560798645,0.0,0.0018050126918237985,0.0,0.0018004529770339237,0.0,0.0015265385105522754,0.0,0.0012519837680406523,0.0003201794928501358,10
240.4612557888031,0.0012245037253912016,0.002212206313115932,4.151965888846063e-08,0.0017368927685406503,0.0,0.0005046855181932328,0.0,0.00014653263738312547,0.00025465388120359656,10
240.5609290599823,0.0005509926294498699,0.0019042355516621565,1.8950953991923075e-08,0.0017769016979001775,0.0,0.00041080374866074625,0.0,0.00023700156342911383,0.0004029582960292691,10
240.6609890460968,0.0010720974498438572,0.0008597088946660007,0.0010483329058714318,0.0007743167866469892,0.0,0.0009227930850091579,0.0,0.0003045111980668613,0.00031047966978958697,9
240.76087832450867,0.0022580948393354384,0.0033681540791877193,0.0010483743407496981,0.00280847210690082,0.0,0.0003151138211622318,0.0,0.0003001719414888366,0.00016844394318155394,11
240.8615734577179,0.0,0.00180899710367182,0.0,0.001804265598473527,0.0,0.0009627609213636474,0.0,0.0007927648331513772,0.0002578919883636143,10
240.9610996246338,0.0010483273442233444,0.0027897183949228857,0.001048327343945005,0.002787018487003116,0.0,0.0008155880227367023,0.0,0.0005357966207869065,0.00037497862005102483,10
241.06130456924438,0.0010483273442233444,0.0007711465618771658,0.001048327343945005,0.0007609424361509318,0.0,0.0011483224458092116,0.0,0.000834265479744124,3.796937652628363e-05,10
241.16097950935364,0.0,0.0017686181146946867,0.0,0.0017629768948995489,0.0,0.0011671331471774732,0.0,0.0006706226235299601,0.0003566569710912403,10
241.2617428302765,0.000999999950378176,0.002128155849870243,3.404584874754444e-08,0.0017907863299837894,0.0,0.0007123869324836214,0.0,2.6770783713863315e-06,0.00020114767973994789,10
241.36123180389404,0.000999999950378176,0.0019548128165721547,3.404584874754444e-08,0.0017710618582229174,0.0,0.0007601214264145814,0.0,0.000498238512019101,0.0002877995108883048,10
241.46127772331238,0.0,0.0017860467039500086,0.0,0.0017816288072094195,0.0,0.0008689722465149017,0.0,0.0008066752266000259,0.00042495212682674977,10
241.5616810321808,0.0010483287496607476,0.0028247423233367266,0.001048328749371514,0.0028213926808442185,0.0,0.000918663418121503,0.0,0.0007411700055368624,0.00029764375816397073,10
241.66157364845276,0.0010483287496607476,0.000775805421648703,0.001048328749371514,0.0007644097008804156,0.0,0.0005509231995690882,0.0,5.149308813314189e-05,0.0005822888148476115,10
241.76273941993713,0.0,0.0018347952689392849,0.0,0.001828390546892946,0.0,0.0004491751621241468,0.0,0.00039462225906664397,0.00036721093370057164,10
241.86410999298096,0.0,0.0018373519752182886,0.0,0.0018317197007527155,0.0,0.0007697027278155433,0.0,0.000617874164840824,0.0005160202413419718,10
241.96183276176453,0.0,0.0016838223645080767,0.0,0.001677990432390555,0.0,0.0010767360415693528,0.0,0.0008931744092214386,0.0005567519558487659,10
242.0612449645996,0.0,0.0017527844163623065,0.0,0.0017480813767919677,0.0,0.000775318835038184,0.0,0.0006866654147250198,0.00046795785944619387,10
242.16128063201904,0.0,0.0017903680465780392,0.0,0.001783851194497553,0.0,0.0008383254811184365,0.0,0.0003008773770417439,0.00015942467259067662,10
242.26122522354126,0.0,0.0017859470828137667,0.0,0.0017810049480786283,0.0,0.0006068780906812059,0.0,0.00031182926959268125,0.0001691942312200192,10
242.36215448379517,0.0,0.001798117854444616,0.0,0.0017928296266875054,0.0,0.0007390303955511846,0.0,0.0004917831860008447,0.000314072906978421,10
242.46119832992554,0.0014917988755781362,0.0023955403056896943,0.001107031207372469,0.0022300875453185715,0.0,0.00030499940422219757,0.0,1.4421071170635694e-05,0.00021266212316426575,10
242.56217455863953,0.0015246170956518892,0.0011163630622111217,0.001524617094778418,0.0011062904947446279,0.0,0.0010542387468550924,0.0,0.000960684829201748,6.421921151271282e-05,10
242.66275000572205,0.0010483291895397393,0.002842733614077368,0.0010483291892538777,0.00283990478280731,0.0,0.0006285606572706422,0.0,0.00032267875477120703,0.00019424363924774074,10
242.76442670822144,0.0010000000223714467,0.0021495046389317174,3.421534966724007e-08,0.0018229593965240036,0.0,0.00043041779351981875,0.0,3.609445518660785e-05,0.00021771915869061472,10
242.86362195014954,0.0,0.001770583785719833,0.0,0.0017659328169222321,0.0,0.0005360492388823572,0.0,0.00031915133673484763,0.00024432963901220426,10
242.96175384521484,0.0,0.0017082750946694866,0.0,0.0017039480911033077,0.0,0.000409490486266599,0.0,9.826261616676372e-05,0.00032634691557370706,10
243.06373643875122,0.0,0.0018695285426089429,0.0,0.0018638583580292251,0.0,0.0007348455314639914,0.0,0.0002357147579499808,0.0002638906072976741,10
243.16275668144226,0.00019196689513090826,0.0015551475385168021,0.00019196689507993946,0.0015490845142705609,0.0,0.0001354105628608314,0.0,8.32838704058347e-05,0.0002605507003233294,10
243.26240611076355,0.0003263411339685324,0.0014241371446115346,0.00032634113388188617,0.0014167415108842078,0.0,0.0009076583571854688,0.0,0.0008880569010645182,0.00040297225481192506,10
243.3619508743286,0.0015841141208059572,0.0030821888206501785,0.001228606451062486,0.002961175698318675,0.0,0.0009145496718180195,0.0,0.00011841074439713464,0.0005490738703356924,10
243.4614930152893,0.001315276482014055,0.0013128361812453086,0.0013152764812701385,0.0013061910072315385,0.0,0.00042472966033529696,0.0,0.0002152815077501904,0.00035398861483549465,10
243.5626449584961,0.0011070056660781066,0.0023148099262032314,0.001107005665698287,0.00231009280230049,0.0,0.0004849127057519631,0.0,0.0001711358300804721,0.00041112862294326286,10
243.6619474887848,0.0009999990503182276,0.0020755313785585715,3.3870356697016754e-08,0.001750810635299473,0.0,0.0003196739617890444,0.0,0.00023417702362703118,0.0005284708298395792,10
243.76111268997192,0.0,0.0017526048178656353,0.0,0.0017481595235373517,0.0,0.0008657981710887244,0.0,0.0005763856321157479,0.00016103864522442452,10
243.86148643493652,0.0,0.0018121572861390007,0.0,0.0018074428722307915,0.0,0.0004152253127142238,0.0,0.00035273571106717423,0.00046322527842389895,10
243.96166062355042,0.0,0.001784518939045488,0.0,0.001779600054952009,0.0,0.0008255105577590482,0.0,0.00011019096584879187,0.00027657658495632546,10
244.06298518180847,0.0,0.0018181427253745161,0.0,0.0018134645461512025,0.0,0.0009264122552777752,0.0,0.0007395675356288147,0.00038108424918896695,10
244.1622085571289,0.000999999793281058,0.0019566877695212036,3.4367014918636636e-08,0.0017541344752876168,0.0,0.0010802849068084785,0.0,0.00036743861869424345,0.00041502240896345113,10
244.29694724082947,0.001999999586562116,0.004150694391258562,6.873402983727327e-08,0.003241558764713208,0.0,0.000463666895126442,0.0,0.0003876836457289843,0.00039403439998987334,13
244.3530557155609,0.000999999793281058,0.000668067479215808,3.4367014918636636e-08,0.0005544652866801026,0.0,0.00014718354704158193,0.0,1.4006300861402214e-05,7.915721137762152e-05,6
244.46216535568237,0.0,0.002107458665344194,0.0,0.002101659065044964,0.0,0.0008837085857356786,0.0,0.0004448032288054983,0.0004130964160055044,11
244.56154680252075,0.0,0.0017641657834674407,0.0,0.001759012429666379,0.0,0.001453494093582032,0.0,0.001142473732436058,0.000494197307261894,10
244.6618983745575,0.0,0.0017702609911383733,0.0,0.0017654196030192908,0.0,0.000647668354278915,0.0,0.0005196872663582512,0.00025682023383097693,10
244.7610981464386,0.0,0.001768784174229042,0.0,0.0017622301589923157,0.0,0.0003548911566799275,0.0,5.280398824776426e-05,0.00041329816628678814,10
244.86125564575195,0.0,0.0017764572263155804,0.0,0.0017718873601940395,0.0,0.0007164272378287135,0.0,0.0001640160022989478,0.00028641407095788434,10
244.96181201934814,0.0,0.0017988648849605617,0.0,0.001794433630800533,0.0,0.0006614638518312079,0.0,0.0004836854136827495,0.00027301944558277705,9
245.06186294555664,0.0,0.0017838207857655214,0.0,0.001777965863482201,0.0,0.0009806282423317281,0.0,0.0008322989713841229,0.0005509834447697508,11
245.16220045089722,0.0,0.0017921633579117931,0.0,0.0017887212318466158,0.0,0.0003196766701016619,0.0,0.00012698359207144564,0.00020829497219737226,10
245.26122069358826,0.0,0.0017504012949670635,0.0,0.0017431274149641222,0.0,0.0006402862700135769,0.0,9.247441093316679e-05,0.00017298913677625443,10
245.36139798164368,0.0014917981854657672,0.002232311701392687,0.0011070312973516328,0.0019128314503392358,0.0,0.000513192692363318,0.0,0.0004938452182241493,6.410690523108275e-05,10
245.46141743659973,0.001823308927379203,0.0032571185936745546,0.0015246511132761852,0.003139209551997767,0.0,0.0005270157406638709,0.0,0.0002996188950127158,0.00022673666431525014,10
245.56169605255127,0.0010483289695291864,0.0008038238721648187,0.0010483289692416412,0.0007947097707852625,0.0,0.0010557761506532753,0.0,0.00021855955447308299,0.0005340241200755135,10
245.66182899475098,0.0,0.0017905806093045957,0.0,0.0017853160127078507,0.0,0.0009029344872252906,0.0,0.00036294388349950355,0.0001899244295487113,10
245.7615773677826,0.0,0.0017666191888416707,0.0,0.0017618710293942769,0.0,0.0005461860717754798,0.0,0.00032197939769085146,0.00034748524758178545,10
245.86268138885498,0.0,0.0018215376682050488,0.0,0.0018158386136497232,0.0,0.0005483926622586023,0.0,0.00016897067717539646,0.00020515476337987495,10
245.96190285682678,0.0,0.001747537074817355,0.0,0.0017426580097198007,0.0,0.0004830440124849785,0.0,0.00023533459940367962,0.0002484438932590023,10
246.06164932250977,0.0,0.0017927266255622354,0.0,0.001788213762387412,0.0,0.0011314008700020976,0.0,0.001113800427397386,0.00020775990602067395,10
246.16300129890442,0.0,0.0018239434259673037,0.0,0.0018186881059062603,0.0,0.0007135378639729029,0.0,0.0005018043592982326,0.00045156820835482196,10
246.26146030426025,0.0003815173335270536,0.0013471250698851556,0.0003815173334224075,0.0013392575795047874,0.0,0.0008671459409933218,0.0,2.7812644779090682e-05,0.0005090894578677709,10
246.36253833770752,0.0018114433877231108,0.003225682402273978,0.0013444612607314238,0.002930116899539447,0.0,0.0003006284717797601,0.0,0.00027735755353110614,8.954842272284112e-05,10
246.46322011947632,0.001246632912796743,0.0016256030248226264,0.0011708921715540572,0.0016017949237047977,0.0,0.0004606335522706931,0.0,0.00016429032501300185,0.00021733927375480784,10
246.5632894039154,0.0007860646915527537,0.0018992090586859075,2.6762231071673558e-08,0.0017836129376968192,0.0,0.000655999630366962,0.0,2.7832618764268024e-06,0.0003859529682058567,10
246.66213583946228,0.0,0.0017433526094677177,0.0,0.0017384743464962527,0.0,0.0010342585047953348,0.0,0.0007226987680211976,0.0003036043988117479,10
246.76249837875366,0.0,0.0017866262238272648,0.0,0.001782652265822814,0.0,0.000745015685755041,0.0,9.25387945962504e-05,0.00043618912528308774,10
246.90014457702637,0.0,0.0034158605694415522,0.0,0.0034068379568500677,0.0,0.0004946561041961872,0.0,0.0004827717405484042,0.00019333090922253463,14
246.94815039634705,0.0,0.0004091204461694945,0.0,0.0004078749911947059,0.0,0.00042964988902203437,0.0,0.00015436212090650837,0.000229324712528764,5
247.06528282165527,0.0,0.0024327192282474724,0.0,0.0024268889405299056,0.0,0.0012392377246092188,0.0,0.0008244737817622265,0.0002936297186486572,11
247.16311311721802,0.0,0.0017189151782758488,0.0,0.0017139619550352782,0.0,0.00045652768902647387,0.0,5.218072708316235e-05,0.00042276330784488906,10
247.26256108283997,0.0,0.0017624053943257301,0.0,0.001758710165445876,0.0,0.00039509481666726736,0.0,0.0003706861966192874,0.00046746973397388274,10
247.3617012500763,0.0011070059885837356,0.0022298808425306924,0.0011070059882271276,0.0022265075990759125,0.0,0.0005841626783850847,0.0,0.000509938430396352,0.00025040015733650316,10
247.46248030662537,0.0011070059885837356,0.0019504786210135655,0.0011070059882271276,0.0019454721328256224,0.0,0.0003572013821861373,0.0,4.058397394089248e-05,0.000331340802438766,10
247.5629210472107,0.0010000010795428904,0.001980876998308577,3.407218370427989e-08,0.001783405304720207,0.0,0.00020196121788448063,0.0,9.744433384675826e-05,0.00047447243472748674,10
247.66148209571838,0.0010000010795428904,0.002041604947634246,3.407218370427989e-08,0.0017076153128017244,0.0,0.0009048089619409153,0.0,0.00039594499578090225,0.00017891071340446997,10
247.7609519958496,0.0,0.001770594551853434,0.0,0.0017663466564712856,0.0,0.00020952678529378744,0.0,0.00016963057357181904,0.0003848987875514267,10
247.86154961585999,0.0010000010795428904,0.002127970436475369,3.407218370427989e-08,0.0018027377132151495,0.0,0.0007108137232504317,0.0,0.0006305969938769547,0.00022308302643056068,10
247.96181273460388,0.0010000010795428904,0.0019686809410625764,3.407218370427989e-08,0.0017715590571639901,0.0,0.0007235012769722957,0.0,5.361786979964581e-05,0.0005661049092088266,9
248.06377720832825,0.0,0.0018458258505579612,0.0,0.0018412815854869334,0.0,0.0006445731586168836,0.0,0.0005068290662484347,0.00046721327402398977,11
248.16372299194336,0.0,0.0017788551535285791,0.0,0.001773837196529598,0.0,0.0006186903979726126,0.0,0.00030986850294810215,0.0002808058685291564,10
248.26152634620667,0.0,0.0016904579595053506,0.0,0.0016859953429222904,0.0,0.0009458005241881808,0.0,0.0006758279328835285,0.0005613337918328976,10
248.36168932914734,0.0011070059885837356,0.0019280348697732466,0.0011070059882271276,0.0019232449838249722,0.0,0.00047853710281695267,0.0,0.0002399529114374577,0.000313375939319183,10
248.46248054504395,0.0011070059885837356,0.002298000684971686,0.0011070059882271276,0.0022938663072865463,0.0,0.0006115565149092993,0.0,0.0004032872403365233,0.00017553181076020676,10
248.5631866455078,0.0010000000223643545,0.0021111553454336096,3.421533014809344e-08,0.0017860218938770182,0.0,0.0006179313140600044,0.0,0.0002246657122520768,0.00029921861139443597,10
248.66223049163818,0.0010000000223643545,0.001941812905264094,3.421533014809344e-08,0.0017462646752847315,0.0,0.0009287580695580139,0.0,0.0003758727821237793,0.000236320605578673,10
248.7621021270752,0.0011070067753342337,0.001921320170172829,0.001107006774998011,0.0019171580330507292,0.0,0.00019062047941469264,0.0,2.413959326586589e-05,0.0003626545146486914,10
248.8630223274231,0.0011070067753342337,0.0022890031680979704,0.001107006774998011,0.002285002468883651,0.0,0.00048282724535235157,0.0,0.00047366953898590557,0.0004159087770755265,10
248.9616322517395,0.0,0.0017400703973352476,0.0,0.0017342044041677453,0.0,0.0010980760929212919,0.0,0.0002947914830091812,0.00017361172948137987,10
249.06148076057434,0.0,0.0017895065445968229,0.0,0.0017836426828540806,0.0,0.0006313579403864776,0.0,0.00012463930574671124,0.0005006540829827022,10
249.16157841682434,0.0010483290554438177,0.0007741980782999297,0.001048329055134805,0.0007629400078188137,0.0,0.0006924637699118404,0.0,4.4973974029749426e-05,0.00026226723630811956,10
249.26159405708313,0.0014487911550580238,0.003029503861057901,0.0010483057775264322,0.002812103478263513,0.0,0.0007613396873046771,0.0,0.0002922177243459557,0.00020705268431192678,9
249.3631546497345,0.001999999900770537,0.002631051766089869,6.809173897581372e-08,0.0018321132831218582,0.0,0.000525720394121935,0.0,0.0002549774663712417,0.00012969789866513633,11
249.46298789978027,0.0009999999503852684,0.0020946716718474997,3.404586948790686e-08,0.0017675875142904003,0.0,0.0007421455635608107,0.0,0.0007329878296687411,0.0007761301758861952,10
249.56369304656982,0.0010483290554438177,0.0028472743483407992,0.001048329055134805,0.0028440622930911074,0.0,0.0007325801407028293,0.0,0.00024492987592100284,0.00027242906069412375,10
249.66197228431702,0.0010483290554438177,0.0007514918964150838,0.001048329055134805,0.0007398934806131789,0.0,0.0004484960832375665,0.0,8.803391086218844e-05,0.0006086926623990874,10
249.7616114616394,0.0,0.0017636156121594037,0.0,0.0017589043003013762,0.0,0.0010964292677701274,0.0,0.0009307144734303143,0.00033097590231375996,10
249.8632652759552,0.0,0.0018374067324056274,0.0,0.0018320226208363881,0.0,0.0003237004659159517,0.0,0.00013313901559923336,0.0001990438135621891,10
249.96338605880737,0.0010483290554438177,0.0007752811618950112,0.001048329055134805,0.000764079544870471,0.0,0.0007997537587006941,0.0,0.000747517616778388,0.00040352141864557833,10
250.06250071525574,0.0010483290554438177,0.0027789651747557567,0.001048329055134805,0.0027753839989495864,0.0,0.0007206434185524183,0.0,0.0002383253840255187,8.32229037981546e-05,10
250.16212058067322,0.0,0.0017802254298829913,0.0,0.0017740978911157269,0.0,0.000803243429523954,0.0,0.000714075408431324,0.00028385262838789274,10
250.2618019580841,0.0,0.0017635326710530327,0.0,0.0017583060396473371,0.0,0.0008482799711152559,0.0,0.0007721151074790794,0.00019641972708154623,10
250.36145901679993,0.0010000000223572482,0.001975543120823893,3.421531062895928e-08,0.001771300406936127,0.0,0.0005119524848309984,0.0,0.0004987944356249866,0.0002911439163220011,10
250.4613196849823,0.0014917988081826611,0.002408043202857723,0.001107031181559055,0.002247443579214311,0.0,0.00040846148612834677,0.0,0.0002616230152328869,0.0003395173670350518,10
250.56273651123047,0.002285927488941911,0.0029221714063920774,0.001107056052804032,0.001964821954488475,0.0,0.0006881537091672249,0.0,0.0006576313259850553,0.00023752149983836067,10
250.66343331336975,0.0009999990503182206,0.002001907844265018,3.3870356697016754e-08,0.0018033624040120241,0.0,0.00047723682340982093,0.0,0.0002980056620312928,0.00021896405811463676,10
250.76133012771606,0.0009999990503182276,0.0020263423044202637,3.3870356697016754e-08,0.0017019892118723982,0.0,0.0004573737644298331,0.0,0.00017941309168412826,0.00019530051245568976,10
250.86215806007385,0.0,0.001806138064435449,0.0,0.0018015505994259792,0.0,0.0007171235568039339,0.0,0.0005218384023552901,0.00023988323612616255,10
250.96126079559326,0.0010483289695860302,0.0027836742584716255,0.0010483289692984849,0.0027805283927128323,0.0,0.0004432759821657135,0.0,7.754071409074615e-05,0.000307429327424479,9
251.06204795837402,0.0010483289695860302,0.0007913953854266939,0.0010483289692984849,0.0007779527502464246,0.0,0.00034699505583867874,0.0,0.00010495615410255369,0.0001589400605785427,11
251.16302585601807,0.0,0.0018172681541806421,0.0,0.0018125025255486048,0.0,0.0006998923914351551,0.0,1.8539352172945282e-05,0.00014876625665207968,10
251.26158261299133,0.0,0.0017223543473984043,0.0,0.001717791944041177,0.0,0.0008086014726967003,0.0,0.0002386983057666976,0.00028355262893911586,10
251.362233877182,0.0009999990503111158,0.002130255316268082,3.38703753308624e-08,0.0018034789455137117,0.0,0.0006456260731492848,0.0,0.0002674044980715535,0.00043432838318241244,10
251.46333980560303,2.0430742172421453e-09,0.001817722274324006,2.375444681194645e-10,0.0018119543261002151,0.0,0.0011955025979209048,0.0,0.0006392383385366633,0.0003722447222875033,10
251.5643756389618,0.0010000010795357711,0.002017043978260111,3.407218370427989e-08,0.0018204675729475552,0.0,0.0002472124335214639,0.0,0.00018067447425180368,0.00027029326265749824,10
251.66467595100403,0.0,0.0018043733220912878,0.0,0.0017971481219590333,0.0,0.0006776481203138914,0.0,0.0005603026911250558,0.0002511825497033832,10
251.76147174835205,0.0,0.001662140903550597,0.0,0.0016580053530601145,0.0,0.0009057820045957905,0.0,0.00039347894853574176,0.0001747086240315483,10
251.86223912239075,0.0011070068910947232,0.00194818039300113,0.0011070068907319403,0.001944272661598441,0.0,0.0006601273552153268,0.0,0.0006596541286362522,0.00017661774173603203,10
251.9617142677307,0.0011070068910947232,0.0022287017351831167,0.0011070068907319403,0.002225258168997607,0.0,0.0008568362996282711,0.0,0.0003860458047705464,0.0002122225562897829,10
252.06217527389526,0.0,0.0017885126859620356,0.0,0.001783250687505973,0.0,0.0009832692467908715,0.0,0.00023025597411296215,0.0004492766737584197,10
252.16364932060242,0.0,0.0018267405855279164,0.0,0.0018202032211119027,0.0,0.0008675245294642737,0.0,0.0006584861806636765,0.0002793602135111142,10
252.26141619682312,0.0,0.0016948984349999733,0.0,0.0016902378251585797,0.0,0.000859209020259172,0.0,0.0004608247392654063,0.0002844480855611417,10
252.3625466823578,0.0,0.00181887993451417,0.0,0.0018143541103974664,0.0,0.0008780001492502013,0.0,0.00033452035362840975,0.0003837155108369603,10
252.46186089515686,0.0010000001074896966,0.0020871058364951393,3.3727302862227096e-08,0.00174974892792138,0.0,0.0006679588260737045,0.0,6.305713077173473e-05,0.00023285341666881427,10
252.56168842315674,0.0010000001074896966,0.0019744610671315124,3.3727302862227096e-08,0.001763571730847785,0.0,0.0016486889995645732,0.0,0.0003856438834442261,0.00020893878255690793,10
252.6616473197937,0.0011070063369539266,0.0019365874458437157,0.0011070063366215648,0.0019312591181347716,0.0,0.00033823226804417057,0.0,0.00024410217753069628,0.00020849773618631415,10
252.76170706748962,0.0011070063369539266,0.0022689430495611675,0.0011070063366215648,0.002264840770601022,0.0,0.0005677512842270281,0.0,0.00032583723294273774,0.00026049563483340456,10
252.86162090301514,0.0,0.0017803069203679498,0.0,0.0017739997596437184,0.0,0.0006459291107967462,0.0,0.0006418547571656093,0.00016437009948639403,10
252.96267104148865,0.0,0.0018258774417749491,0.0,0.0018216918333944505,0.0,0.00047379033929294414,0.0,0.00046797784539411827,0.00022550355361539937,10
253.0629277229309,0.0011070063369539266,0.002273921839786552,0.0011070063366215648,0.00226876229414907,0.0,0.0010320355215131408,0.0,0.0005254704111512388,0.00017053295978650953,10
253.16120505332947,0.0011070063369539266,0.0018619954890366581,0.0011070063366215648,0.0018572576695550958,0.0,0.0007019244209411832,0.0,0.00028255481376588656,0.0002716275534722011,10
253.26279163360596,0.0011070063369539266,0.001955073565289039,0.0011070063366215648,0.0019507440916723972,0.0,0.00106266815163002,0.0,0.0009396383469404884,0.0002187192922727179,10
253.3616886138916,0.0011070063369539266,0.002202144507630041,0.0011070063366215648,0.0021983396929599604,0.0,0.0003872905600743621,0.0,0.00011489534231825071,0.0002610865954815524,10
253.4613106250763,0.0,0.0017531698771177304,0.0,0.0017477319720057502,0.0,0.0009397641948992665,0.0,0.0005138466422757268,0.0002251252609323354,9
253.56546545028687,0.0018108947012734978,0.0034937718042020163,0.0015246331071865555,0.0033039913242064655,0.008750650767558732,0.009354530540645622,2.237782123093162e-05,0.000581848456300434,0.0002670148440255381,11
253.66170144081116,0.0014633340136269003,0.001995827045188519,0.001106169504573109,0.0018455426363493043,0.01606870197720994,0.007182470538448497,4.106363102607131e-05,0.0005984100901593477,0.00022423908750711345,10
253.76186871528625,0.001419707574721197,0.0013128072058124075,0.0010474754779928213,0.0007240326602514756,0.01588545786812252,0.00844146143493912,4.063629467606905e-05,0.00039566306655404974,0.00041609636448584013,10
253.8635802268982,0.001477224322211846,0.0024539034576544173,0.0011075106111208995,0.0023023405785629384,0.008567406658471421,0.0009742691227752219,2.1879686217164298e-05,0.0009434357423407627,0.0003438573393970035,10
253.9649908542633,0.0022140129054853755,0.0026061157541234026,0.0022140129047678314,0.002602806101042217,4.894504810714231e-16,0.0002432021455843413,0.0,1.6996955207721525e-05,0.00032081661534931894,10
254.0619626045227,0.0011070064527426877,0.0021383943007184333,0.0011070064523839157,0.0021353117061404235,1.1116740674542017e-16,0.00040622460278572336,0.0,0.0002748070739073719,0.00029909511367214,10
254.16326141357422,0.0011070064527426877,0.002289549139868804,0.0011070064523839157,0.0022856189865622764,1.1113485882882577e-16,0.0008883739073482888,0.0,0.0008859067638125382,0.00017041421074112138,10
254.26218390464783,0.0022140129054853755,0.002526833096373603,0.0022140129047678314,0.0025234446208080782,2.4848083448933725e-16,0.0008332417429978562,0.0,0.0005839981436947598,0.00017358136036323322,10
254.36244440078735,0.0011070064527426877,0.002284182725328666,0.0011070064523839157,0.002280855051362099,5.06805828968681e-16,0.00044656786077292455,0.0,0.00032316419219646396,0.00044498646509785245,10
254.46339416503906,0.0,0.0018166817879032213,0.0,0.0018123687064199034,3.143061567542511e-16,0.0006429386356934646,0.0,0.00035337182772846536,0.00016568041497503057,10
254.56285166740417,0.0011070064527426877,0.0022274160840714333,0.0011070064523839157,0.0022232284688876555,5.06805828968681e-16,0.000770630233850919,0.0,0.0007275260740486503,0.00056389532757844,10
254.66252756118774,0.0015246170740169142,0.0010538473873013224,0.001524617073133222,0.001045394114146672,3.143061567542511e-16,0.0010788369320795708,0.0,0.0010073391195053734,0.00024302311837094527,10
254.7615282535553,0.0010483286637184971,0.0027759255685123768,0.0010483286634500202,0.0027725048541497425,5.06805828968681e-16,0.00027711838652056824,0.0,0.00011102548586733482,0.00020739894947588108,10
254.86428093910217,0.0,0.0018786842606528542,0.0,0.0018721151042909825,2.2225344072030355e-16,0.0006454088537788637,0.0,8.149618504335536e-05,0.0003340014803217396,10
254.96191835403442,0.0010483286637184971,0.0027333294542532596,0.0010483286634500202,0.0027306516021077093,1.791888079139671e-16,0.0005391233033520207,0.0,0.00030971345640337926,0.00019625134873720926,10
255.0621829032898,0.0010483286637184971,0.0007524371191622662,0.0010483286634500202,0.000741526286787329,4.581760200719361e-16,0.001028081069072982,0.0,0.00047904367419207653,0.0004308912292797568,10
255.16145086288452,0.0,0.0017507046827507614,0.0,0.0017457419551476392,3.143061567542511e-16,0.0007508175001427565,0.0,0.0004357422914541037,0.00048664026577850423,10
255.26220798492432,0.0,0.0017936687279058053,0.0,0.0017887495382285356,5.06805828968681e-16,0.00027316530706018437,0.0,3.896558581466401e-06,0.0002130843318718697,10
255.3623435497284,0.0011070064527426877,0.001918322508929397,0.0011070064523839157,0.0019139102638806537,3.143061567542511e-16,0.001077938431115992,0.0,9.600860884344073e-06,0.00021252520910629362,10
255.4614269733429,0.0011070064527426877,0.0022081598006061854,0.0011070064523839157,0.0022045184613351597,5.06805828968681e-16,0.0010574402860777576,0.0,0.0009923817990803339,0.0002945324346584412,10
255.56203150749207,0.0010483286637184967,0.0008016127043926332,0.0010483286634500198,0.0007888073670642646,1.1112400740480647e-16,0.0005171365910653723,0.0,9.120115840819796e-05,0.0002330789079121904,10
255.66250586509705,0.0010483286637184967,0.0028281367605710018,0.0010483286634500198,0.0028248971542584765,0.0,0.0007928053208923832,0.0,0.00033465147838170685,0.0005103251937331567,10
255.76159715652466,0.0,0.0017400443724659047,0.0,0.0017344575829613266,0.0,0.0010659065968987443,0.0,0.0001812038142727729,0.0003933853735671827,10
255.8620090484619,0.0,0.0018121192494640853,0.0,0.0018062264852172687,0.0,0.0010086574824664575,0.0,0.0006396951026253559,0.00041309214301863084,10
255.96189618110657,0.0003305609970528057,0.002102831209837289,0.000330560996968149,0.0020986258505551053,2.4848083448933725e-16,0.0006643090831714523,0.0,0.0003299717044441533,0.0005022858828807087,10
256.06144094467163,0.00038720666961288545,0.0021477055611512546,0.0003872066695137219,0.002143591025583567,5.06805828968681e-16,0.0007793104523232219,0.0,0.0004847330990814873,0.000227894790650459,10
256.1622951030731,0.0007177676666656911,0.0011020942438486725,0.0007177676664818709,0.0010935204580024556,1.1112400740480647e-16,0.0002771957376469296,0.0,0.00022957397797583533,0.00028751347808174155,10
256.26347041130066,0.0,0.0018149285174387927,0.0,0.0018094359361709388,2.4848083448933725e-16,0.001656328969973962,0.0,2.3307881269995678e-05,0.0004407805655026751,10
256.3610622882843,0.001048327869931252,0.00272335408004575,0.0010483278696352158,0.0027201107503045364,5.06805828968681e-16,0.0007917339135796266,0.0,0.0006395028579924115,0.00021768604809911316,10
256.4617512226105,0.001048327869931252,0.0007779892479900065,0.0010483278696352158,0.0007672246286431147,1.1112400740480647e-16,0.0005557961920517482,0.0,0.00011069452811017876,0.00025883333978236954,10
256.5619783401489,0.001000000022371453,0.0019695987109842497,3.421533014809344e-08,0.001777345253391578,1.1113485882882577e-16,0.0009832808932115663,0.0,0.0009697917630479461,0.0002405579513356203,10
256.66130805015564,0.001000000022371453,0.002071976576555994,3.421533014809344e-08,0.0017411078024892979,1.405962991530139e-16,0.0006245861148769429,0.0,0.00014320705373374156,0.0002453925918979053,10
256.761595249176,0.0011070060143906746,0.0019375898169586385,0.0011070060140358912,0.0019331729782096781,3.143099934759113e-16,0.0008832673789976195,0.0,0.0006524244551826939,0.0002480054609034953,10
256.86199021339417,0.0015246167505386008,0.003152345756678084,0.0015246167496319153,0.0031495967583432304,2.676220490278785e-16,0.0006643808554721998,0.0,0.000624006913761732,0.0003329550298139413,10
256.9641909599304,0.0010483289695576085,0.0008324371630548749,0.0010483289692700631,0.0008227686879127626,0.0,0.0006148298634734982,0.0,5.5364162456611965e-05,0.00024369546717671598,10
257.06135416030884,0.0,0.001671460444111812,0.0,0.001666368978056227,2.4848083448933725e-16,0.0005483666590829826,0.0,0.00013746911945688455,0.00020830644182845835,10
257.1623694896698,0.0,0.001820347671025603,0.0,0.001815024813765702,3.143061567542511e-16,0.0004100771429766261,0.0,0.00024647456502293,0.0001921697714530914,10
257.26163482666016,0.0,0.0017651844578135528,0.0,0.001759639602837939,2.676220490278785e-16,0.0003412858054548519,0.0,0.00012113742934555458,0.0006425199171587479,10
257.36124444007874,0.0020227562607040505,0.000474407259203883,0.002022756260159377,0.00045210247554193457,2.4848083448933725e-16,0.00030551420493142914,0.0,1.6074534148558093e-05,0.00021759279822526688,10
257.4620463848114,0.002241317006618095,0.004021264202110605,0.002241317005418118,0.004018497007221572,3.143061567542511e-16,0.000623361909197212,0.0,0.000261542593737322,0.00011157329924542366,10
257.56171345710754,0.001474778923890299,0.0010962202921467597,0.0014747789230075573,0.001086648558394043,5.06805828968681e-16,0.001198864968481831,0.0,0.0010383664196773337,0.0002659251622535655,10
257.6611590385437,0.001524616426679786,0.0028746132659874524,0.0015246164266759926,0.0028725992107019338,2.2225344072030355e-16,0.0008136848884017702,0.0,0.0006501856299699763,0.00018699606853818227,10
257.76143074035645,0.0011070060143906746,0.002275231611165514,0.0011070060140358912,0.002270634809258385,1.405962991530139e-16,0.001009484163044655,0.0,0.00018695116558681968,0.00039756662849995235,10
257.862322807312,0.0010483289695291864,0.0028569628382037024,0.0010483289692416412,0.0028544995459342005,3.143099934759113e-16,0.0003194282539450304,0.0,7.85394789199285e-05,0.00028554912453225854,10
257.9611756801605,0.0010483289695291864,0.0007663561632825039,0.0010483289692416412,0.000754535992776987,5.06805828968681e-16,0.0003849294969121065,0.0,0.0001909395304466111,0.00010662569524291924,10
258.0612618923187,0.0,0.0017911119335039503,0.0,0.0017858003395438825,3.143061567542511e-16,0.0006868209324119837,0.0,2.9923120361526265e-05,0.000254549167552992,10
258.16141176223755,0.0,0.0017748239476697875,0.0,0.0017705095962249296,5.06805828968681e-16,0.0001537398131068948,0.0,7.52817557124505e-05,0.00040048447510104905,10
258.261656999588,0.0011070058986020633,0.0019165874381130705,0.0011070058982735403,0.0019118032687772191,3.143061567542511e-16,0.00028161007179132013,0.0,2.5708522443686855e-05,0.0002727899758002665,10
258.3620238304138,0.0013347207220375447,0.0017565032740374353,0.0013347207220037027,0.001752145245160227,5.06805828968681e-16,0.000769870548723579,0.0,0.00023510946004933104,0.0005619758686229801,10
258.46139311790466,0.0004430025505491948,0.002195585146351825,0.0004430025504276841,0.002192088609756836,3.143061567542511e-16,0.0006387397458207643,0.0,0.000557211694858535,0.0002661316899034855,10
258.5632905960083,0.00030266320948999577,0.002139278660427148,0.00030266320940697857,0.002135281606359368,2.676220490278785e-16,0.000543123021412319,0.0,0.0001230681809174937,0.00023692935325801096,10
258.66429352760315,0.0,0.0018088497427628668,0.0,0.0018026803937148041,0.0,0.0006402515825461401,0.0,0.00031869764844608746,0.00016525354616508893,10
258.7633399963379,0.0,0.0017509891353688827,0.0,0.0017455747425102956,2.4848083448933725e-16,0.0010467466364867768,0.0,0.0006090907313179425,0.00037434158874794155,10
258.86127638816833,0.0,0.0016942336274773327,0.0,0.0016897420816669763,1.1112400740480647e-16,0.0005539321630638634,0.0,7.237591085671241e-05,0.0003264799333722357,10
258.96147775650024,0.0,0.0017868390428888055,0.0,0.001781664711163827,0.0,0.0010337091838239529,0.0,0.0009304406876193349,0.0003266972685294169,10
259.0614230632782,0.0015246168524478507,0.002898410787293777,0.0015246168524456797,0.0028954234160320936,0.0,0.0008031875566893227,0.0,0.0007784813484507072,0.00012920551491751563,10
259.16167068481445,0.0015246168524478507,0.001594753866047427,0.0015246168524456797,0.001588997867494089,0.0,0.0007953713257788518,0.0,0.00021203417449885698,0.00019711274347043237,10
259.2616410255432,0.0,0.0017809757308987059,0.0,0.0017751376169654108,0.0,0.00037042375196776316,0.0,3.310085439987607e-05,0.000633898324677247,10
259.3616919517517,0.002325093359415174,0.0030289680710843337,0.0017254004582252418,0.0026759003158253586,1.1113485882882577e-16,0.00045817972762995826,0.0,8.74600478083441e-05,0.0005532258256283553,10
259.4619438648224,0.0016665884123148872,0.002338489809242004,0.0012367386432547112,0.0019775053710082194,1.791888079139671e-16,0.0006323278271297136,0.0,0.0005296740556967552,0.00027761654507234973,10
259.5616888999939,0.0008332927983907524,0.002022227219556416,0.0006183686056566316,0.0019734463509403456,2.2224801480961293e-16,0.0006876986592841589,0.0,0.0006033929569636041,0.0003480575540172916,10
259.6616816520691,0.0018233082162891247,0.003130787943755581,0.001524617612380704,0.002919659370946904,0.0,0.0008762141058685022,0.0,0.0008161512477615679,0.0003785900868422472,10
259.7620029449463,0.0015246155825814854,0.0010693689744036144,0.0015246155816677936,0.0010615223734629707,2.4848083448933725e-16,0.0008980332522971028,0.0,0.0007511717574768099,0.0003163908441866028,10
259.86164689064026,0.001107005576038684,0.0022568332143030976,0.001107005575687867,0.0022532414770019666,1.1112400740480647e-16,0.0005706489683656468,0.0,0.00019706420513507155,0.0002840712368413054,10
259.9615514278412,0.0,0.0017722770321497276,0.0,0.0017676673935483123,1.1113485882882577e-16,0.0010673201096788605,0.0,0.00030760475086323504,0.00034154221295358756,10
260.06223464012146,0.0,0.0017874879040780897,0.0,0.001782364259415494,1.791888079139671e-16,0.0009539838743104893,0.0,0.00015785791682500276,0.0003735064794517877,10
260.1617226600647,0.0,0.0017601602416074129,0.0,0.0017552206994248516,4.581760200719361e-16,0.0011253340669520062,0.0,0.0007756888152064952,0.00021537331632915415,10
260.2621400356293,0.0,0.001785884010241478,0.0,0.0017810279462566762,1.1112400740480647e-16,0.0003732197526166836,0.0,0.0001375465205959462,0.00019882388323958278,9
260.361191034317,0.0022607809599276664,0.0012101088754013147,0.0020276155452038265,0.0004651828173382889,0.0,0.001407564469499478,0.0,0.001174425053053631,0.00026266564682017493,11
260.4617688655853,0.0013522075863996747,0.00285428909899862,0.000910223409758059,0.0027089027327978953,0.0,0.0009254290587998976,0.0,0.0005744818963533843,0.00021557862024591608,10
260.56351137161255,0.0018638747397122116,0.003456788205168492,0.001572869985801854,0.0032638650531780725,2.4848083448933725e-16,0.001234751119203907,0.0,0.0009149646982905047,0.00043587021084313075,10
260.66148042678833,0.0024293725354532056,0.0026410143515625925,0.0022139874802797155,0.0025047347866631164,5.06805828968681e-16,0.00023646425003695114,0.0,0.00016188745928303314,0.00030957590633105413,9
260.7614724636078,0.0011070063369539266,0.00227519584306052,0.0011070063366215648,0.0022710895838968237,1.1112400740480647e-16,0.0006786242114692353,0.0,0.00020690031480498589,0.0004284353683042868,11
260.86157608032227,0.0010483275641486628,0.002830391793867407,0.0010483275638719796,0.0028274540743545703,0.0,0.0006308369333008365,0.0,0.0005213677161136458,0.00010689796433699336,10
260.9623193740845,0.0010483275641486628,0.0007766351514954091,0.0010483275638719796,0.0007651895247374659,2.4848083448933725e-16,0.001099817270866488,0.0,0.00017284018086463155,0.00030943403459385353,10
261.06126260757446,0.0,0.0017224798546096368,0.0,0.0017166572483628155,2.676220490278785e-16,0.00043653536869220274,0.0,4.269328521131471e-06,0.00026639143269962596,10
261.1613461971283,0.0,0.0017611410621594238,0.0,0.0017564114293862547,0.0,0.000485984688376648,0.0,0.00030346585694047924,0.00014098230757968465,10
261.2613582611084,0.0,0.0017641349595854635,0.0,0.0017595939540099748,2.4848083448933725e-16,0.0011466762383885252,0.0,0.0009390137688735817,0.000578309524747736,10
261.3620431423187,0.0011070063369539264,0.0022684617510311477,0.0011070063366215646,0.0022645839518502632,2.2225344072030355e-16,0.0006104232329985898,0.0,0.0002985209145359114,0.00010560921558062633,10
261.4615867137909,1.0669556825007477e-09,0.0017506982629355153,1.4417934287340763e-10,0.0017461304603151068,1.405962991530139e-16,0.0004393119899193998,0.0,0.00020804350070903347,0.0002553695050009346,10
261.5636293888092,0.001107006452742688,0.00197999491991508,0.001107006452383916,0.001975609989843089,3.143099934759113e-16,0.0003383616850237946,0.0,0.00015489466911481812,0.00028841990675118856,10
261.6614742279053,0.0010483287496323257,0.002714282784794965,0.0010483287493430922,0.002711159195071698,5.06805828968681e-16,0.0005779404295512471,0.0,0.00046973723834870635,0.0004387384146624092,10
261.7617769241333,0.0010483287496323257,0.0007554764650455569,0.0010483287493430922,0.000744475479637507,1.1112400740480647e-16,0.0004824328763203037,0.0,0.00045670359375377285,0.0002826358556666666,10
261.8615574836731,0.0,0.0017708109092270153,0.0,0.001765964138320282,0.0,0.000707570594373386,0.0,0.00040848055770127624,0.00020713185215602125,10
261.96144819259644,0.0,0.0017869607663465314,0.0,0.0017807199385129653,2.4848083448933725e-16,0.0007418437902270206,0.0,0.0006822479202167189,0.0004118509561050898,10
262.06194949150085,0.0,0.0017807728884870653,0.0,0.0017765648141840722,2.676220490278785e-16,0.0011395573292365048,0.0,0.0009583017735438907,0.00021094765019159808,10
262.16172456741333,0.0,0.0017670797383445543,0.0,0.0017624545502124306,2.4848083448933725e-16,0.0007718856789045373,0.0,0.0003899641398465836,0.0005106903180104674,10
262.262247800827,0.0,0.0017888245515092246,0.0,0.0017844429337695086,3.143061567542511e-16,0.0004629822196796549,0.0,4.271268837598226e-06,0.00042382891396155976,10
262.36281394958496,0.0010000000223572482,0.0019692345512667964,3.421531062895928e-08,0.0017650764300146454,2.676220490278785e-16,0.0005475493571232476,0.0,4.7178399100921005e-06,0.0002637505042615841,10
262.4616677761078,0.0015246173923209106,0.0010330855919161894,0.0015246173914318611,0.0010265109503989967,2.4848083448933725e-16,0.00048079940829215027,0.0,0.00015495370193992783,0.00014849480869570753,10
262.5654230117798,0.0018233096391575454,0.0035485546817174032,0.0015245831761440541,0.003335565825996692,3.143061567542511e-16,0.0005419584217120531,0.0,0.0003391754419834141,0.0004413332541680825,10
262.6622405052185,0.0,0.0016643423131893456,0.0,0.0016599676635784758,5.06805828968681e-16,0.0008421982811208473,0.0,0.000207421460979207,0.00032251025158721853,10
262.7623631954193,0.0010483286637184967,0.0028162435275509707,0.0010483286634500198,0.002812891273361499,3.143061567542511e-16,0.0008077583406318542,0.0,0.00017756973618250396,0.0003402960063443479,10
262.86239409446716,0.0010483286637184967,0.0007677844862895059,0.0010483286634500198,0.0007513442992418466,2.676220490278785e-16,0.0007901561822152239,0.0,0.0005775886838957873,0.0005278111095864211,10
262.96189999580383,0.0,0.0017528240658671993,0.0,0.001747286361163595,0.0,0.00020480264437097668,0.0,0.00018636722427118954,0.00044834064626635096,10
263.0610496997833,0.0,0.0017383287330209002,0.0,0.0017333988280853218,2.4848083448933725e-16,0.00040808204730197103,0.0,0.0004031593526500032,0.00022327315291692092,10
263.16203689575195,0.0010483286637184967,0.0008269365920841016,0.0010483286634500198,0.0008132406864610113,1.1112400740480647e-16,0.0011045619729533561,0.0,0.00028226634595471993,0.00042319536623302624,10
263.2616934776306,0.0014878117438038424,0.003220602048261037,0.0014878117434228139,0.0032177085242053867,1.1113485882882577e-16,0.0008494657791749184,0.0,0.0007454258501854773,0.0003554433949753252,9
263.3619222640991,0.0008789661601706913,0.0009347858844974255,0.0008789661599455881,0.00092426424557004,1.405962991530139e-16,0.0004972673748944608,0.0,0.00035577426263321915,0.00027078103756490225,11
263.4618320465088,0.0016112594353878621,0.002148047443849376,0.0012633804562013457,0.0018187414802362232,1.1113485882882577e-16,0.000735059601023485,0.0,0.00034393130178616855,0.00033760985844235886,10
263.56151819229126,0.0018233092651211396,0.003020661222426404,0.0015246146326346073,0.002895756829953774,2.4848083448933725e-16,0.0006828904180998312,0.0,0.0006469454106525766,0.00029870579366246937,10
263.66280126571655,0.0,0.0018191170807026395,0.0,0.001814317008898455,5.06805828968681e-16,0.0011201376491886043,0.0,0.0006676391987116539,0.0001993608977293728,10
263.76122665405273,0.0006436294201319929,0.0017259747585039178,0.0006436294199210657,0.0017209975924579745,2.2225344072030355e-16,0.00030506887396387824,0.0,0.0001379370510582858,0.0002569391329548013,10
263.86165833473206,0.00018025194916926243,0.0018389404563253168,0.00018025194911019113,0.0018331712479437148,1.405962991530139e-16,0.0003005996510867063,0.0,0.0001348923824204776,0.00016668276019625252,10
263.9616346359253,0.0007393544572639652,0.0019675566622926054,0.0004633917996729772,0.0019172207236906344,2.2226971765765155e-16,0.00025383771418877906,0.0,0.00012462575902643421,0.00039001710220094816,10
264.06150579452515,0.0001522616199983334,0.0017841576757871116,5.209677875118911e-09,0.0017607480932503728,1.405962991530139e-16,0.0006541206657509426,0.0,5.4521686700366555e-05,0.0002917505145290379,10
264.16209411621094,0.001130777016140347,0.0028642202024317495,0.001048317909759424,0.002810435319914768,3.143099934759113e-16,0.0005623988400378782,0.0,0.00046163180117371764,0.0003401023241399049,10
264.26164197921753,0.0010483278699880956,0.000767323968480387,0.0010483278696920594,0.0007557928110504055,5.06805828968681e-16,0.0009733366411946162,0.0,0.0008426174613046898,0.00018735679712025821,9
264.36112093925476,0.0,0.0017643233938500695,0.0,0.0017595078541301087,1.1112400740480647e-16,0.001079790631092969,0.0,0.0009332280466863024,0.00028877147330640194,11
264.4624893665314,0.0014917981854657724,0.0024403379658767196,0.0011070312973516336,0.0022844129458338158,2.4848083448933725e-16,0.000880496254046099,0.0,0.0008127413601007971,0.0003691260617147553,10
264.5637879371643,0.0014917981854657724,0.0022545467382063724,0.0011070312973516336,0.0019406280369637136,2.676220490278785e-16,0.00024735150275181504,0.0,0.0001306444247586951,0.00027136223370237265,10
264.6617422103882,3.0138246794089995e-05,0.0017291958450232428,3.0138246786324688e-05,0.001723836696013165,2.4848083448933725e-16,0.00042396257103676817,0.0,0.000217159974361832,0.0003543200482882397,10
264.7617247104645,6.027649358817999e-05,0.0017168699206069058,6.0276493572649376e-05,0.0017102529275310086,1.1112400740480647e-16,0.000598109093013265,0.0,0.0004311220290024172,0.00028181776829227536,10
264.8617286682129,0.0010004538646461731,0.002012348000549868,3.0161535268027938e-05,0.001815767122585266,0.0,0.0007418240060860622,0.0,1.2857945919886342e-05,0.00021803417910954347,10
264.96180963516235,0.0009999997932810447,0.0021133280646489947,3.436703582769261e-08,0.0017778215260069099,2.4848083448933725e-16,0.0007186059964713479,0.0,0.0007158064924136921,0.0003376312542543834,10
265.0615179538727,0.0,0.0017774836151236374,0.0,0.0017714933666724594,5.06805828968681e-16,0.0001074215985473317,0.0,6.686186908043552e-05,0.0004098814595761323,10
265.1613276004791,0.0,0.001768099480136323,0.0,0.001763047464599367,2.2225344072030355e-16,0.0004679533094679382,0.0,0.00021083966378035915,0.000728172922131097,10
265.2618751525879,0.0011070064269641804,0.0019519604355087985,0.0011070064266035737,0.0019461286780336794,1.791888079139671e-16,0.0007907775508056653,0.0,0.000784003081164426,0.00026449063853537023,10
265.36210775375366,0.0014917987254543384,0.002541983072017863,0.0011069811180062642,0.002267837795199347,2.2224801480961293e-16,0.0006733381186333238,0.0,0.00017591539616026704,0.0002654500814172984,10
265.4633221626282,0.00019590394658660582,0.0017998700035955207,7.160484851237071e-09,0.0017986664565226176,2.4848083448933725e-16,0.0009529939642394288,0.0,0.0007331504723703763,0.0005167183265781626,10
265.5649507045746,0.0006012577387005039,0.0018853608078963464,1.8664255951244098e-07,0.0018226230447762168,0.0026501543450943945,0.0030448880314080337,6.773209990894207e-06,7.290299652596785e-05,0.0002845688058363437,10
265.66317200660706,0.00018360746136178042,0.0017249082434297638,3.219907718332162e-07,0.0017241949655568416,0.004699697526190559,0.007182117198098925,1.2021730691142609e-05,0.0006367310814042727,0.000216510997338374,10
265.7629814147949,4.541274038213667e-05,0.0017636346339389047,1.2273562198895216e-06,0.0017615071828215188,0.01734985808766351,0.01016912217629273,4.438676862534965e-05,0.0002968172500391189,0.00043087772310280217,10
265.8630769252777,2.6174720550451943e-05,0.0017798914356262313,7.014523021794269e-07,0.0017711462085450605,0.010000006216378966,0.0002801417473044495,2.5535807866819596e-05,4.743802594756938e-05,7.79201339022729e-05,10
265.9611015319824,0.0,0.001705045053029614,0.0,0.0017006095191182717,0.0,0.0009083280039814127,0.0,0.000709590656107174,0.0003296045923284489,10
266.06189250946045,0.001107005576010262,0.0019475021177013125,0.001107005575659445,0.0019430047548916608,2.4848083448933725e-16,0.0009593412228023301,0.0,0.0008197075590253201,0.00016623193893836806,10
266.16332626342773,0.001107756787387173,0.0023010976748531215,0.0011074470746904623,0.002295161670879412,0.010000006216379323,0.00973796316931481,2.557059379692626e-05,0.0004075567289794997,0.00018698079163827422,10
266.2612113952637,2.617472055073053e-05,0.0017030273067177766,7.105481393584566e-07,0.0017002506701947698,0.010000006216379073,0.0010102618549512887,2.5605378963699803e-05,0.0008540043917788461,0.00034870494886374786,9
266.36374616622925,0.0,0.001877423761635537,0.0,0.0018715076388890208,0.0,0.0004933459209892203,0.0,0.00024400784594284306,0.00020182548548428763,11
266.46209025382996,0.0,0.0017328426623917834,0.0,0.0017274727112799985,0.0,0.0007222896272750906,0.0,0.00017217638294539231,0.0003570747158853739,10
266.56240248680115,0.0,0.0017997767087338872,0.0,0.0017946296538733763,0.0,0.0003507343007512679,0.0,0.000300892574139123,0.00037739812765464215,10
266.6642210483551,0.0,0.0018373394593053504,0.0,0.0018331860963732582,0.0,0.0006510752784481048,0.0,4.885752841723413e-06,0.00021458525554561263,10
266.76122426986694,0.0,0.001675662280089659,0.0,0.0016710697800894697,0.0,0.0007043997432413543,0.0,0.0006090526756249566,0.00039342531918276673,10
266.8982319831848,0.0006788388990277628,0.0034422873642005083,2.3111656000335175e-08,0.003316075152636683,0.0,0.0009613662691642865,0.0,0.00031840170622964166,0.00025863599747796145,14
266.948566198349,0.00035767784767024404,0.0004626667313529441,1.2177461945489971e-08,0.0004518505153671861,0.0,0.0007110865038584727,0.0,0.0006760965904190284,0.00035449347228991637,4
267.0643286705017,0.00032116105135751875,0.002443946053468639,1.0934194054861242e-08,0.0023809137848124586,0.0,0.0009876854462333167,0.0,0.0004981539695678908,0.00021675264866915947,12
267.19777607917786,0.0010483278699880952,0.0021641208131263244,0.0010483278696920592,0.0021525459091106124,0.0,0.0011409014332399007,0.0,0.00020996359627779,9.874223237972054e-05,14
267.2638418674469,0.0010483278699880952,0.001281472835462276,0.0010483278696920592,0.001280287184856572,0.0,0.00020651874766314474,0.0,0.00011096418103207173,0.00031955823062709235,6
267.3616752624512,0.0,0.001709093587811301,0.0,0.0017041548248087144,0.0,0.0005270240853374301,0.0,0.00018591634395421328,0.0004239756300257281,10
267.46470069885254,0.0014917979683609654,0.0021927609291545204,0.0011069817889569392,0.002017076250234549,0.0,0.0010448358029241768,0.0,0.0007896311809393571,0.00034499002983764797,10
267.56189036369324,0.002449662798766541,0.0025257666487895395,0.0024496627985955543,0.0025250070074289747,0.0,0.0006745990044915167,0.0,0.0005728881344223878,0.0004634621780452803,10
267.66165232658386,0.0013041133183942395,0.0025910475536247484,0.0013041133183449023,0.002585963965377704,0.0,0.000651668263654075,0.0,2.7465478380944706e-05,0.00025850051848942115,10
267.76267409324646,0.001053179452559755,0.0018864766929341532,0.00033045804980072295,0.0015064083326873806,0.0,0.000534315616130611,0.0,0.00040337536544086,0.0006763842995192504,10
267.8614432811737,0.0006893809906436575,0.00241919581504406,0.0006893809904478576,0.0024141695035168904,0.0,0.0004955459141151235,0.0,0.0002341970872784061,0.0006389814599449174,9
267.9618058204651,0.0011070062211661813,0.0019376761962010805,0.0011070062208592205,0.0019330067309293434,0.0,0.0008035756549314111,0.0,0.00037419218695342455,9.013345756812778e-05,11
268.0618302822113,0.0011070062211661813,0.0022507062703878726,0.0011070062208592205,0.0022470742469209016,0.0,0.0004904544349787685,0.0,0.0004490984313170745,4.7840384008150395e-05,10
268.16176772117615,0.0010483276500628407,0.002803820319935692,0.0010483276497650917,0.002800930228268095,0.0,0.0003505151315327058,0.0,0.00010893546926649884,0.0003986109865721127,10
268.26296377182007,0.0010483276500628407,0.0008086018720696906,0.0010483276497650917,0.0007959714765714211,0.0,0.0005942342742594289,0.0,0.00011697956237090194,0.000494149813651921,10
268.3638758659363,0.0010483276500628407,0.0008070428848833837,0.0010483276497650917,0.0007954343809632853,0.0,0.0005969385216247605,0.0,0.00014569488375824896,0.0004546524800478241,9
268.4627733230591,0.0028975780452147005,0.004342651909312243,0.002096608352591654,0.003790179222796727,0.0,0.0008109986071192569,0.0,0.0004777691740245617,0.00019003617475346076,11
268.56327533721924,0.001455333600685142,0.0012086373355277339,0.0010573355857962825,0.0008324407431716031,0.0,0.001129622229152856,0.0,0.0010747096053846956,0.0005880284480433284,10
268.66235184669495,0.0008312512267141892,0.002071941703713922,0.0008312512264890555,0.0020655091091491603,0.0,0.00043263390343933314,0.0,0.00011807912490649379,0.000386967410175545,10
268.76338243484497,0.002304415893683902,0.0026682939461202646,0.0020761096610692454,0.002526160006322925,0.0,0.00047928376289068975,0.0,0.00036965425193833475,0.00015434055533617872,10
268.86212968826294,0.0011070058986020633,0.002194185641666282,0.0011070058982735403,0.0021904257313581916,0.0,0.0005959191722465785,0.0,0.0002759736965809785,0.000487237041662152,10
268.96344900131226,0.0,0.0018218900089532976,0.0,0.001816676011167172,0.0,0.0005376592285276656,0.0,0.00010266162473147824,0.0004540037258422431,10
269.0619480609894,0.0,0.0017160316844204188,0.0,0.001711414591488725,0.0,0.00027683249425561286,0.0,0.00014878136641056572,0.00021334537200650002,10
269.1616847515106,0.0,0.001745442831108618,0.0,0.0017411621648822876,0.0,0.0004509829514563915,0.0,0.00042122210608281805,0.0002294753842184146,10
269.26135754585266,0.0,0.0017811840888651486,0.0,0.001775291149965768,0.0,0.0004353614794236934,0.0,0.0003690060783285794,0.0002721806092527334,10
269.3635501861572,0.0010483276500628407,0.0008652877975758486,0.0010483276497650917,0.0008540544525319538,0.0,0.0011862275584619375,0.0,0.00029417536068861736,0.00037438423895628923,10
269.4626932144165,0.0023229207945062945,0.003905050967633243,0.00209667857755572,0.0038065044446632078,0.0,0.0010830390457926174,0.0,0.0008721333378724697,0.0005489575480240143,10
269.56216263771057,0.0010483275160812365,0.0007557284675091436,0.0010483275157559672,0.0007454034230437761,0.0,0.0009556082134671328,0.0,0.0004859311314627951,0.00031718549873375665,10
269.6620728969574,0.001058316064392593,0.002823046951536377,0.0010583160639366532,0.0028197921807290396,0.0,0.0006965303019247545,0.0,0.00016128252734972726,0.0005200014271440872,9
269.76151037216187,0.0014775477247050185,0.0013358219477911817,0.0010877564529822496,0.00070024917123831,0.0,0.0009239816531887333,0.0,0.000751121063480853,0.00025347777306589,11
269.86125111579895,0.0001450492592480575,0.0018000914068020313,0.00014504925920761453,0.0017952386575571242,0.0,0.000967016378632864,0.0,0.00014995100017890033,0.0003735926089814706,9
269.9618604183197,0.0,0.0017945349226644869,0.0,0.001789352441431572,0.0,0.0008894602203600742,0.0,0.00015763923834765636,0.000352732684425835,11
270.0620732307434,0.0,0.0017900999000589487,0.0,0.0017838834166304634,0.0,0.0004302156437320489,0.0,0.00037107395987183195,0.00034646729051619735,10
270.1617534160614,0.0010483290554722396,0.0007809622143836518,0.0010483290551632268,0.0007660507831729604,0.0,0.000979159768597173,0.0,3.6113914532593295e-05,0.0004793044179912124,10
270.26139855384827,0.0010483290554722396,0.0028077569774026773,0.0010483290551632268,0.0028051951317051363,0.0,0.0004461624524223109,0.0,1.04653200493257e-05,0.00034777611146638365,10
270.3618085384369,0.0,0.0018073017610290532,0.0,0.0018020508816171084,0.0,0.0007945891982605765,0.0,0.000331377066091371,0.00021169205861252394,10
270.46264481544495,0.0010483290554722396,0.002852917604647678,0.0010483290551632268,0.002850325337391769,0.0,0.0004370348248947504,0.0,0.00020031067533653104,0.0002822969956643759,10
270.5629172325134,0.0018233079659050182,0.0019483220122858036,0.0015246155134332575,0.0015869779378521215,0.0,0.0005612225220565429,0.0,0.00018218239560727995,0.0001851699850270108,10
270.66195034980774,0.001491797173800133,0.0020670257033433724,0.0011069816732248465,0.0018823657778426696,0.0,0.00047211128340879024,0.0,5.6080527235071226e-05,0.0003790441411624409,10
270.761581659317,0.0,0.001777270518543326,0.0,0.0017710349181676978,0.0,0.0008226671804478532,0.0,0.0007159783365617986,0.00036872538918614645,10
270.861613035202,0.0011070066337393156,0.001923731859372522,0.0011070066334269366,0.0019192614478758634,0.0,0.00025455019054434076,0.0,0.00012314517110344607,6.609323378861036e-05,10
270.9617648124695,0.0011070066337393156,0.0022729451010235365,0.0011070066334269366,0.00226907588446654,0.0,0.00022599506976757433,0.0,0.00022364276001698614,0.00025786937879092455,10
271.0622675418854,0.0,0.0017965466792226607,0.0,0.001791791159616822,0.0,0.0005521362796117891,0.0,0.000362509279632943,0.0002599486930021796,10
271.1613562107086,0.001048329055500661,0.0007364801018447143,0.001048329055191648,0.0007248128554807111,0.0,0.0005045354670143908,0.0,5.0590454373318215e-05,0.0005624570146866508,10
271.2614367008209,0.001048329055500661,0.002829434168699594,0.001048329055191648,0.0028267365217984246,0.0,0.000221159868869149,0.0,0.00015996905421725646,0.00023314921759288055,10
271.36229062080383,0.0012845140227610021,0.002425238743161716,0.0011069901234344566,0.0022938083690476935,0.0,0.0003699036541481097,0.0,0.0003581842471570092,0.00034810548634557983,10
271.46163034439087,0.0011477495294644926,0.0019005435848734448,0.0011069987805589136,0.0018939288478147995,0.0,0.0004320468562956258,0.0,0.0003688032590637634,0.0006145388616684601,10
271.5618088245392,0.0006515480577887854,0.001944490667040182,2.2360924151646393e-08,0.0017785186371575663,0.0,0.0006427761522830361,0.0,0.0004506060086892009,0.0003018258309576116,10
271.664119720459,0.0010000008504595656,0.0020497505742283,3.422367889183285e-08,0.001854238526923362,0.0,0.0006060953193902831,0.0,0.0004381899461876522,0.000338542120430545,10
271.7612204551697,0.0,0.0016845716362003987,0.0,0.001679415132459118,0.0,0.0010465220494386496,0.0,0.00015620634485222733,0.00043192044397574107,10
271.86207485198975,0.0,0.0018036143475588064,0.0,0.0017965148411842127,0.0,0.00039054375650195085,0.0,0.00013957415954770282,0.0004497872007755432,10
271.9618933200836,0.0,0.0017746902961876586,0.0,0.0017691718785801311,0.0,0.0005949636217673813,0.0,0.0003510624981169018,0.0004229527767502722,10
272.0616626739502,0.0010000008504595656,0.001976634270602998,3.422367889183285e-08,0.0017783133511339573,0.0,0.000794292074978762,0.0,0.0007329722213638084,0.00038709956034887685,10
272.16177582740784,0.0010000008504595656,0.002144651863392759,3.422367889183285e-08,0.001806353734723578,0.0,0.0006001405228994786,0.0,2.9037084644363275e-06,0.0003948784139509164,10
272.26227593421936,0.0,0.0017977859021469967,0.0,0.0017921698199438753,0.0,0.0010016085008334788,0.0,9.874910551595376e-05,0.00015807498973641342,10
272.36180996894836,0.0014487895697038742,0.0013455669874458882,0.0010483508420523573,0.0007326069649026235,0.0,0.0005366996515522675,0.0,0.0001540044098500381,0.000342470665764164,10
272.4612183570862,0.001524615736060704,0.0031232337110433986,0.001524615735167632,0.003119878437128187,0.0,0.0006701865496322203,0.0,5.912102463902582e-05,0.0003110642475886058,10
272.5628147125244,0.0014917986963384766,0.0021677176047638397,0.0011069811437819385,0.001977402587189093,0.0,0.0005667440628892831,0.0,0.00023020449574133185,0.0002956392515138977,10
272.66194319725037,0.0,0.0017493650831384147,0.0,0.0017442556126579752,0.0,0.0006151854253253434,0.0,0.00012072109351641801,0.00047090590015859716,10
272.7632529735565,0.0,0.0018082158918754272,0.0,0.0018039635285887663,0.0,0.0009495401457433641,0.0,0.0009051878293267541,0.00031167531053122104,10
272.86190462112427,0.0,0.0017381132139443476,0.0,0.001731880768548967,0.0,0.0005870803399204568,0.0,0.0001836454791821898,0.00046247231200388395,10
272.9618818759918,0.0010000009224386285,0.0019712281453903658,3.439199603029418e-08,0.001771802460147576,0.0,0.0006551143922198302,0.0,0.0005220694412569062,0.00025732343355642167,10
273.062695980072,0.001448791240188451,0.0014021284401909083,0.0010483526013878044,0.0007958317044315659,0.0,0.0008662493773839369,0.0,0.0006807461515552184,0.0002864370971593324,10
273.16148233413696,0.0010483291894544744,0.002759922692978815,0.0010483291891686126,0.002757235400101773,0.0,0.0009470609290856151,0.0,0.0002387091345630549,0.0005065115696600184,10
273.2620725631714,0.00021761848956760094,0.002008901375678396,0.00021761848950826003,0.002004572323730849,0.0,0.0006849222484859451,0.0,0.0006132833689051504,0.0002122860471428647,10
273.3614413738251,0.001996441613205279,0.0034888205450751227,0.001996441613168146,0.003486019451783839,0.0,0.0005820447108517899,0.0,0.00019890321877244466,0.0005406440771047149,10
273.462153673172,0.0017074968853671942,0.0019087654492746834,0.0013840370312905234,0.0017066882869214912,0.0,0.00013776430374412002,0.0,0.0001332115731351817,0.00028793885102467603,10
273.56156182289124,0.0014487908225481602,0.001356645672768364,0.0010483521615326226,0.0007560469875020577,0.0,0.0007093910348258613,0.0,0.0001597809926243847,6.691719512994016e-05,10
273.661497592926,0.0,0.0017731484233159856,0.0,0.001767144467395104,0.0,0.0008974328199329207,0.0,0.0005696992738114293,0.0004120424643242109,10
273.76142287254333,0.0,0.00177810362830376,0.0,0.0017733025257449793,0.0,0.0006816936270910455,0.0,0.0006578072011172762,0.00019815457643635235,10
273.86173486709595,0.0,0.0017722206199014847,0.0,0.001765802988869684,0.0,0.0009340818378092029,0.0,0.0002181041601093473,0.00048616012020743214,10
273.9630091190338,2.6174720550324133e-05,0.0018122789964413108,7.105481215772785e-07,0.0018048005306061095,0.01000000621639158,0.009861762313682515,2.5605378531144366e-05,0.00040384754534731596,0.00018373184443566331,10
274.06159925460815,2.617472055025614e-05,0.0017353951767006038,7.150963594746389e-07,0.0017318554536415577,0.010000006216391594,0.0008006356306868183,2.564016290914035e-05,0.00016323150869065642,9.63464354550421e-05,10
274.1616940498352,0.00014249408628598252,0.0017866394612037883,4.851335545408902e-09,0.0017865857406020678,0.0,0.0005346401768614499,0.0,0.00034929048830900335,0.0005721703401122354,10
274.26152896881104,0.0007150117778204081,0.0018644363930494885,2.4343178964411503e-08,0.0017722670063295292,0.0,0.0008692200857877706,0.0,0.0004945693453116975,5.144590584740635e-05,9
274.3622817993164,0.0014002779297769019,0.0024877506614257444,0.0011069842713812372,0.00227594005559184,0.0,0.0006330646641871559,0.0,0.0005442628570570723,0.00044037720878292805,11
274.46154141426086,0.0015246164322575784,0.001056689967266205,0.0015246164313563032,0.0010476337344442026,0.0,0.0005200725500437749,0.0,0.00034110417741446285,0.00020311620764316534,10
274.56174516677856,0.0010483289695291864,0.0028443136439610514,0.0010483289692416412,0.0028409524876848637,0.0,0.0008183382027203248,0.0,0.00032329032439491095,0.0003748996292470221,10
274.6630313396454,0.0,0.0018294013551617106,0.0,0.001823202055149332,0.0,0.0009287784884711316,0.0,0.0008563780506278416,0.0003468229409442243,10
274.76237869262695,0.0,0.0017630017580878299,0.0,0.001757744319769183,0.0,0.0005855507350849875,0.0,9.636806365809846e-05,0.00019443888651672527,10
274.8621175289154,0.0,0.0017810681186640272,0.0,0.0017748741268080485,0.0,0.0002675127617973602,0.0,0.0001789985104525095,0.0003972873974352329,10
274.9613251686096,0.0,0.00173836723389296,0.0,0.0017329140066557097,0.0,0.0009087868505414655,0.0,0.0001318070569557317,0.00018916725542985724,10
275.06150937080383,0.000999999950385267,0.0019816211240510843,3.4045829314816425e-08,0.0017890359290571305,0.0,0.0010318690173990864,0.0,0.0008591231593081983,0.00026126988968436455,10
275.16150975227356,0.000999999950385267,0.0021080160886518115,3.4045829314816425e-08,0.0017864000766066987,0.0,0.0011661100857624821,0.0,0.0010045788369329644,0.00040112655438423385,10
275.26128125190735,0.0011070064527711095,0.0022543900204270093,0.0011070064524123374,0.0022495398467611994,0.0,0.00034581013824348236,0.0,0.00027870085304026885,0.00023119808082633345,10
275.36144638061523,0.0029835963709478625,0.0033784421419065357,0.0022140625947316872,0.002603927549955461,0.0,0.0010959765499944172,0.0,0.0007969010817177489,0.00044965692614817686,10
275.4614932537079,0.0019999995865621033,0.002573802824949228,6.873407165538522e-08,0.0017754157091634908,0.0,0.000623557664501234,0.0,0.0005643732129182685,0.0004314296191188269,10
275.56145906448364,0.0014917986006254083,0.002515312889068934,0.0011069804086505804,0.002244819487628623,0.0,0.0003719905128691817,0.0,1.9347490737182925e-05,0.00045961169690616343,10
275.6612021923065,0.0010000008504595656,0.001964808375706423,3.422367889183285e-08,0.0017622164939202565,0.0,0.0012521623936649854,0.0,0.0006958987619561431,0.0004692687010712223,10
275.7609586715698,0.0,0.001772364942194202,0.0,0.0017681257137682018,0.0,0.0008017508609035727,0.0,0.00015832612147066233,0.00025220377119071095,9
275.8614556789398,0.0,0.0018083388946947608,0.0,0.001803586359867543,0.0,0.0008728460511279681,0.0,0.0007090099862846447,0.00029735507574046155,11
275.96103405952454,0.0,0.0017659931659346694,0.0,0.0017604840378476116,0.0,0.00043072749881052825,0.0,0.0003959589973713876,0.0001814337272720322,10
276.0609712600708,0.0014487897055416186,0.0011663458858069179,0.0010483041522548076,0.0007798879440419978,0.0,0.00048173126442812333,0.0,0.00041693225351866045,0.0006138025882224267,10
276.1614234447479,0.0014487897055416186,0.003061456292557979,0.0010483041522548076,0.002835010819873526,0.0,0.0007249685868824148,0.0,0.0005258751873688856,0.0005392475799145157,10
276.26173734664917,0.0,0.0017940077164946022,0.0,0.001788491862850453,0.0,0.0004802462880152899,0.0,0.0003441576865948415,0.0003282235806810014,10
276.36165261268616,0.0,0.0017842380594536072,0.0,0.0017785956279576399,0.0,0.0010542411694545995,0.0,0.0006703877668686154,0.0005248867738579591,10
276.46170377731323,0.0,0.0017976739325142191,0.0,0.0017912266662119675,0.0,0.0009525597855753148,0.0,0.0002731627794508187,0.0004709675034002919,10
276.5625886917114,0.0,0.0018185830342710477,0.0,0.001812792916790303,0.0,0.000815038876756814,0.0,2.5589775518654667e-05,0.0006249980391787297,10
276.6611239910126,0.0,0.0017265505294220766,0.0,0.0017213847222639564,0.0,0.0005768447477758746,0.0,0.00026904537676504547,0.0001832622382665948,10
276.7617003917694,0.0010761273400946589,0.0009179584805110237,0.001076127339923524,0.0009090696179712495,0.0,0.00033060808876767813,0.0,0.00017466789701910948,0.0003122384111415661,10
276.86109828948975,0.0012184459453287856,0.0029368115227672246,0.0012184459446408769,0.0029336617829613058,0.0,0.0006889313894556337,0.0,0.0006760407677913697,0.00017797659933835652,10
276.9615728855133,0.0008639927088079537,0.0018542280104978793,0.0008639927085341492,0.0018491860446048355,0.0,0.00031901591395632086,0.0,0.0001435620928952795,0.0002765940358861015,10
277.06318616867065,0.0009999999503781615,0.002035735729576323,3.4045829314816425e-08,0.0018421457667372914,0.0,0.0006359108621413587,0.0,0.0005932156546896799,0.0001758510102334071,10
277.1651828289032,0.0009999999503781615,0.0021742960605876664,3.4045829314816425e-08,0.0018524463442710617,0.0,0.000581698326555515,0.0,0.00033398922934170863,0.00034391159316203346,10
277.2616834640503,0.0,0.0016566059353500748,0.0,0.001652828955321846,0.0,0.0002471720012858887,0.0,0.00020988523171054866,0.0003947262079675475,10
277.361629486084,0.0022580953558918614,0.0035484026667268573,0.0010482826345566806,0.0028198149855396732,0.0,0.0003604075027520925,0.0,0.00014060855012609436,0.0001295672447635522,10
277.4617049694061,0.002514846714471773,0.0024527348745892893,0.0015246208927189033,0.0015863915195812649,0.0,0.0013687958454835043,0.0,0.000895230725835314,0.0005451012386667698,10
277.56124663352966,0.0018233077660990713,0.003119326388501117,0.0015246178232301627,0.002909686201000174,0.0,0.0007398624046261676,0.0,5.115632375180386e-05,0.00018080265373155777,10
277.66148471832275,0.0014487890221204479,0.0011746081815854057,0.0010483040663540426,0.0007866099801288873,0.0,0.0005003647779642673,0.0,0.0004933443360253592,0.00032238115158684003,10
277.76116371154785,0.0010483273442233449,0.0007768788263319811,0.0010483273439450052,0.0007611629212485425,0.0,0.0008093002638210891,0.0,3.1676668143609646e-05,0.00024890819565081174,10
277.86204957962036,0.0010483273442233449,0.0028617876813999458,0.0010483273439450052,0.0028584835159325473,0.0,0.0009267454411970497,0.0,0.0007304989017930909,0.00025555757444029894,10
277.9618401527405,0.0,0.0017693061276138767,0.0,0.001763919605195907,0.0,0.0004522292707361928,0.0,3.2315872461941104e-05,0.00043929300446566557,10
278.0619857311249,0.0,0.0017877408204867498,0.0,0.0017828255932832323,0.0,0.0012153426215539937,0.0,0.00030752733537351063,0.00025744608551768033,10
278.16156482696533,0.0,0.0017893476453027955,0.0,0.0017839966055335451,0.0,0.0004749981391344848,0.0,6.498479015752365e-05,0.000359411749131727,10
278.26211190223694,0.00017104419394802718,0.0018042628750863695,5.823327518458005e-09,0.0018038777635625523,0.0,0.0006729366655247046,0.0,0.0004616204232100668,0.00039133819692899706,10
278.3613088130951,0.001657911512867388,0.0023179402865616595,5.6445003592722665e-08,0.0017421443767186254,0.0,0.0008170398466159672,0.0,0.0005913755420307199,0.00018324690318357857,10
278.46246433258057,0.0008289546272725529,0.0020622351525267147,2.8196950399031803e-08,0.0018101654735927335,0.0,0.00041210211994315384,0.0,0.00015114044562234577,0.0002203198834542095,10
278.5611493587494,2.9173553169510294e-09,0.001736793074995231,5.887998839254383e-10,0.0017338532712320015,0.0,0.0006811855944590232,0.0,0.00010587271278877269,0.0003696487088935045,10
278.6618230342865,0.000999998222216141,0.00214694793753455,3.386912531935621e-08,0.0018065381250252806,0.0,0.0001952905136507975,0.0,0.00018830761015036982,0.0005692937238414214,10
278.7614827156067,0.0,0.0017786909167443854,0.0,0.0017745574047983062,0.0,0.000912152084968567,0.0,0.000601591168080223,0.00035373028152867566,10
278.8613820075989,0.0,0.001783808711205515,0.0,0.0017791999376595966,0.0,0.0007620023848225741,0.0,0.000220162442611349,0.00043080844750797276,10
278.96209025382996,0.0011070066337393158,0.0022689698308079233,0.0011070066334269366,0.002265191114305585,0.0,0.0008345503205669649,0.0,0.00035452352438972954,0.00031852017128916187,10
279.0618164539337,0.0015246171008105882,0.0010822250198482665,0.0015246170999649227,0.0010753488308091314,0.0,0.0006623234913601941,0.0,0.0004706731278610572,0.000348561806678757,10
279.1621563434601,0.0010483291894544744,0.0028291315987937775,0.0010483291891686124,0.002826476683084,0.0,0.0012447713438576344,0.0,0.0004898622766935341,0.0005079436799301189,10
279.2643156051636,0.0,0.0018629261076834847,0.0,0.001857205206981932,0.0,0.0009309081751696007,0.0,0.0005383721690083069,0.0003823049541041282,10
279.3641710281372,0.0018233086129461741,0.0030451768117203226,0.001524615059315111,0.0029252639781339644,0.0,0.0006040196189314266,0.0,0.00029042800096036977,0.0004974468793114653,10
279.46460366249084,0.0014487891372331366,0.0013947580688760221,0.0010483526391584328,0.0007984806148583374,0.0,0.0005640892854850135,0.0,3.989534225070039e-05,0.00034371951085154556,10
279.56148409843445,0.0015246158844058673,0.003016687558386998,0.0015246158835049376,0.003013586839591495,0.0,0.0006467321210030685,0.0,0.00045174898460030615,0.00024533013622644683,10
279.66195368766785,0.0020966546883898454,0.0005003346793250867,0.0020966546878331666,0.000483481402954623,0.0,0.0005494036799279509,0.0,8.511000218608138e-05,0.00020484796072862485,10
279.7611389160156,0.0010483273441949227,0.002786283144670556,0.0010483273439165833,0.002783758824742523,0.0,0.0009051677748080633,0.0,0.00019428287871522395,0.0004074185494862223,10
279.8616535663605,0.0,0.0017887641379907729,0.0,0.0017823090079771512,0.0,0.000544647774546915,0.0,0.0003327282425877022,0.00016983099545498222,10
279.961710691452,0.0,0.0017966048151100142,0.0,0.001791882594808357,0.0,0.0002556782909764666,0.0,0.000247820321268862,0.00019556773361778523,10
280.0613605976105,0.0,0.0017693835680572929,0.0,0.0017633165479431162,0.0,0.0007918627510331615,0.0,0.0007300682150976762,0.000308778415844342,10
280.1616847515106,0.0,0.0017910945678297132,0.0,0.0017858193453198566,0.0,0.0009032328924068543,0.0,0.0008289358218980629,0.0005011373161321982,10
280.2637140750885,0.0,0.0018546846462346432,0.0,0.0018488715005756415,0.0,0.00010515595148781456,0.0,7.335780818664147e-05,0.00019310975756542498,10
280.36216616630554,0.0014487888042083287,0.002976720169041729,0.001048303846413369,0.0027571468696560167,0.0,0.00016825588329781065,0.0,9.216906432541662e-05,0.0005795916618822482,10
280.4622881412506,0.0009999994690479677,0.001995318507604971,3.556039164737794e-08,0.001785910926289625,0.0,0.0008828482003451294,0.0,8.834799984786932e-05,0.0005420971238567842,10
280.562637090683,0.0010000003102882279,0.002131917825145909,3.489907181228369e-08,0.001794403511992613,0.0,0.0004888046875571507,0.0,0.00022340863905610594,0.0004747476624665418,10
280.66217732429504,0.0014487899244529175,0.0011381347280360282,0.0010483045921075194,0.0007591119354224333,0.0,0.0007044004050554594,0.0,0.0005519482740483816,0.00015451683092988116,10
280.7623348236084,0.0,0.0017953340247996662,0.0,0.001787926238207858,0.0,0.0007541136239250654,0.0,0.000601048926584466,0.00034969311797735135,10
280.861825466156,0.0,0.0017670610986817129,0.0,0.0017627119066506945,0.0,0.0009584419515571862,0.0,0.0006138687774742662,0.0005855733246338745,10
280.96156454086304,0.0,0.001788294426412664,0.0,0.0017828944874585602,0.0,0.0003138619347643632,0.0,0.00025063259425676026,0.00013922033632431495,10
281.0624129772186,0.0,0.0018177831088881749,0.0,0.0018121308601404082,0.0,0.0005078369369497953,0.0,0.0001403243762673032,0.0004068975494615253,9
281.16237616539,0.0015246165083543858,0.001582428622580009,0.0015246165083525436,0.0015771609459661674,0.0,0.0010942404455544727,0.0,4.207492227903332e-05,0.00017873374145765229,10
281.26274943351746,0.0015246165083543858,0.0029178081365199148,0.0015246165083525436,0.0029151104512921393,0.0,0.0008989362346822268,0.0,0.0008030713180555768,0.00043678692456007606,10
281.3613021373749,0.000999999050311109,0.0019311134942024493,3.38703753308624e-08,0.0017302631460738448,0.0,0.0005694560182642786,0.0,0.0001607314956404972,0.00032678928599570375,11
281.4621670246124,0.000999999050311109,0.0021471665300763043,3.38703753308624e-08,0.0018070503827131996,0.0,0.0005775805401406655,0.0,0.00046007718405940783,0.0005422601551026065,10
281.561496257782,0.0,0.0017641596601974472,0.0,0.0017588434040595035,0.0,0.0005891620453797008,0.0,0.0005193565673201351,0.00023771683605368165,10
281.661940574646,0.0,0.0018137922205066343,0.0,0.0018085260414251513,0.0,0.0008488717463187764,0.0,0.00015303488752404143,0.0002582770964041665,10
281.7616882324219,0.000999999793288164,0.0019619916048426583,3.436703582769261e-08,0.0017670836254888027,0.0,0.0008877027248976133,0.0,0.00013158313631360375,0.0004823915016487752,10
281.8627064228058,0.0014487901550681395,0.0013889991862078262,0.001048352247481686,0.0007855821112438611,0.0,0.000575775460422697,0.0,0.0004679027967205212,0.00022423526876823074,10
281.96182513237,0.0010483289695860298,0.002784923582230273,0.0010483289692984846,0.002782110092513318,0.0,0.0006940331385069497,0.0,0.0002022654290279849,0.0006533942112738464,10
282.0621395111084,0.0,0.0017916819638545012,0.0,0.0017851393519045218,0.0,0.0005439448884587392,0.0,0.00045829618732709027,0.00024548937233984103,10
282.164715051651,0.0010000009224386285,0.0020671557366232253,3.439199603029418e-08,0.0018813013865962036,0.0,0.000635227839824614,0.0,0.00023053953336136667,0.0002758215498380414,10
282.26186537742615,0.0010000009224386285,0.0019904223559278683,3.439199603029418e-08,0.0016731029717057607,0.0,0.0007359239387349488,0.0,0.0001961091374377691,0.00011964317167956657,10
282.36231541633606,0.0,0.0017908088999327519,0.0,0.001784898058218619,0.0,0.00045194653149701713,0.0,0.00040017998031636115,0.0002691407359584108,10
282.46185994148254,0.0008468389177950453,0.0010814058921336223,0.0008468389177070534,0.0010711452486872107,0.0,0.0007953620455156917,0.0,0.0001922144567066755,0.00025530760159837683,9
282.56232166290283,0.0012569223435521233,0.002513392736827939,0.000761481503457742,0.0023572536872929406,0.0,0.0006355375342332868,0.0,0.000512698617017787,0.00013917326720590164,11
282.6627902984619,0.001310396719190019,0.0015878946874865933,0.0008468556026762088,0.0011095259979059316,0.0,0.0005272097011935638,0.0,0.00048700347201253486,0.0004161018911701989,10
282.76129841804504,0.0010483291895113179,0.0027527256312330126,0.001048329189225456,0.0027498871726735537,0.0,0.0004719313481582022,0.0,0.00017187890737081234,0.0005018433939353489,10
282.8617386817932,0.0010000000223643545,0.0019779338138874217,3.421533014809344e-08,0.0017776296483807555,0.0,0.0005059752207378941,0.0,0.00023572040735298376,0.00043116562994026316,10
282.9617438316345,0.0010000000223643545,0.0021040386250490446,3.421533014809344e-08,0.0017834305925370966,0.0,0.0008574285143199071,0.0,0.0008353331071952702,0.000314998048348446,10
283.06279277801514,0.0,0.0018180589617893491,0.0,0.00181284342419032,0.0,0.00045232710703595576,0.0,0.00031768873492491644,0.0003840124810867309,10
283.16164445877075,0.0,0.0017380311997676244,0.0,0.0017338734008385712,0.0,0.0010380828153520685,0.0,0.0006990204904467734,0.0003441187177118536,10
283.26174998283386,0.0008980414964585893,0.002136868481818498,0.0008980414961875336,0.002132709721862947,0.0,0.0010037431789367255,0.0,0.0008858942773619697,0.0006031045139644337,10
283.3640594482422,0.0006890766817418112,0.0018860545431722037,0.0006890766815338271,0.0018811932018209323,0.0,0.0005197921569570105,0.0,4.3397265062510974e-05,0.0003255463246309548,10
283.4642210006714,0.001016866068693643,0.00208058275495006,0.00020907213919146262,0.0017529590038001877,0.0018551076165560843,0.0018162438620284826,4.752698229623317e-06,0.00020776877984042216,0.00039956683398427673,10
283.5634756088257,0.0015251102738789051,0.002901911318381418,0.001525020248985515,0.0028995689340310313,0.006639308603622488,0.008200495490358445,1.6106837388569284e-05,0.0005473280028183642,0.0005941091439395002,10
283.6623980998993,0.0008929088131294564,0.002084411574149403,0.000892655981417928,0.0020785466280763567,0.009969150735130784,0.008811827839673244,2.1104129967527815e-05,0.0007166289508528833,0.0003261979405619287,10
283.7626953125,0.0015111647298189214,0.0013457909663425166,0.0011333885198046751,0.0010085308098059824,0.007874224446878221,0.000504427758164128,5.622258877091823e-08,0.00025108225547984937,0.0005275868173423353,10
283.86169266700745,0.0002150744372990802,0.0017206149010755136,0.00021507443722901978,0.0017156426922033947,0.0,0.0004478792053031366,0.0,0.00032614404810163986,0.00028354721756491735,10
283.96157455444336,0.0,0.0017719221211630024,0.0,0.0017651854670869857,0.0,0.00047283764926921027,0.0,0.00029766250689782224,0.0001757943849990043,10
284.0614609718323,0.0,0.0017867341061774938,0.0,0.001781066965059951,0.0,0.0002900033352044138,0.0,1.5514414322381228e-05,0.0003353262780691967,10
284.1618790626526,0.0,0.0017970301248891017,0.0,0.0017914062958603364,0.0,0.0007082875499471482,0.0,0.0005511169656776227,0.00038088555964592083,10
284.2644839286804,0.0,0.0018547122034036287,0.0,0.0018489140108831903,0.0,0.0006110296408057671,0.0,0.00026833912734636184,0.00018832951040624702,10
284.3625328540802,0.0,0.0017042672096549047,0.0,0.0016996851468913847,0.0,0.0010718555699103926,0.0,0.0010470173307839687,0.0003441910882699491,10
284.46143221855164,0.0,0.0017320316783851627,0.0,0.0017270307908351255,0.0,0.00048463054120122126,0.0,8.615782200778226e-05,0.00022619713111081646,10
284.5622613430023,0.0010005218969405469,0.0021194010031154306,7.409732798732927e-07,0.0017897840316917861,0.010000006215476642,0.009855020005904883,4.031276725442652e-08,0.00028533643287309817,0.0005552458780481872,10
284.66241240501404,0.001491677470984232,0.002097825330690148,0.0011063462621387233,0.0019189678694118265,0.01000000621547684,0.0005223718750213414,5.527396925384365e-09,0.00025896015261781593,0.0003978879882323537,10
284.76155734062195,0.0011070064527711095,0.002216966902568243,0.0011070064524123374,0.00221280355220958,0.0,0.0005336078918707199,0.0,0.00035285388030169854,0.0004679172654921592,10
284.86174511909485,0.0,0.0018000396611804344,0.0,0.0017960713500702508,0.0,0.0008934549129108384,0.0,0.0007169107515089932,0.0005031688699350012,10
284.9623372554779,0.0011070064527711095,0.0022737267594102237,0.0011070064524123374,0.0022691473527769166,0.0,0.0003725230857875442,0.0,0.00018489543246478403,0.0004295316948092389,10
285.06379747390747,0.0011070064527711095,0.001966324436505057,0.0011070064524123374,0.001960663544461718,0.0,0.0006345687364501467,0.0,0.00023509926820357646,0.00023302470380343442,10
285.16452741622925,0.0,0.0018216998552707878,0.0,0.001816912519739554,0.0,0.000738308856317056,0.0,0.0004705762242222442,0.0006407640501441968,10
285.26220703125,1.2680479101680241e-05,0.001695347195385589,3.4422871797240633e-07,0.0016895265301021672,0.004844554867393226,0.004668456859263331,1.2400314506654333e-05,0.0002942618454409604,0.00028374684329189235,10
285.3620104789734,0.0014318024908697281,0.003021198724832942,0.0010488435656629638,0.0028143846080058055,0.009689109734786356,0.005108795136698768,2.4808792886509484e-05,0.0003301038621652777,0.0002481170936193829,10
285.46159648895264,0.0011068453439811998,0.0019056218533946726,0.0011068437922602096,0.0019009800241460181,0.004844554867393131,0.000823693176599972,1.2392150531675765e-05,0.00045992748023588334,0.00041867613646168704,10
285.5621166229248,0.0017899543792692226,0.0018149065593275903,0.0015037821959642793,0.001616873397402564,0.0,0.0005440382821406879,0.0,0.00035922957975950475,0.0004674420674247785,10
285.6616110801697,0.0010729579210632036,0.0022027292213206416,0.0010728593937152444,0.0021996938598432387,0.0,0.0006782868697799272,0.0,0.00018844042082664806,0.00034310511196435436,10
285.76308822631836,0.0010383640810465024,0.0019461906091431014,0.0010383051174250027,0.0019412294731933752,0.004239049294314239,0.0051165588336870745,1.0849992031719804e-05,0.0004946505079019476,0.00045622525922291683,10
285.8626799583435,4.113146731654487e-05,0.0017722986269897295,3.463745716867735e-05,0.0017692998389158801,0.008478098588628726,0.004394762803542007,2.1706234743943998e-05,0.00026156192687889763,0.00045377987095910586,10
285.9638237953186,1.1095586170677794e-05,0.0018329137872337671,3.003874079357593e-07,0.0018268589422246358,0.0042390492943140375,0.0006390776218421991,1.084374132577098e-05,0.00029553282921266385,0.00022301393388501643,10
286.06275963783264,0.0,0.0017525063175716183,0.0,0.0017459812012367278,0.0,0.0008205025588565853,0.0,0.00047924313262837174,0.00023350464840202157,10
286.1614742279053,2.0625533929316724e-05,0.001737783889710784,5.599079599448862e-07,0.0017311005303824603,0.00787994917130279,0.00826971647298886,2.0173990058374597e-05,0.0002206490047570746,0.0004328832555814822,10
286.2626473903656,1.5076347379802125e-05,0.00182254753466242,4.120919568226667e-07,0.0018193301656527373,0.0057598921262142395,0.002183226363215323,1.4764200503446707e-05,0.0002002873560948286,0.00012052590089876935,10
286.36273193359375,5.549186620860494e-06,0.0017879716004871962,1.5084457922587452e-07,0.001783685350860265,0.0021200570450885334,0.0012312369976369012,5.43295190622899e-06,0.0004350250335758899,0.0003941836851257555,10
286.46195578575134,0.0010483289695291864,0.0027981310626412296,0.0010483289692416412,0.0027942286098576177,0.0,0.0009006105705488381,0.0,0.0004214790008584395,0.00044470513362356365,10
286.56708908081055,0.0010483289695291864,0.0009091622603985491,0.0010483289692416412,0.0008971087421959082,0.0,0.0007232609595296256,0.0,0.00018688579465411852,0.0004842259716917505,10
286.66182470321655,0.0,0.0015909796605842218,0.0,0.0015871671617820524,0.0,0.0008273232990092993,0.0,0.0008244522920773546,0.0003284241868049263,10
286.7618374824524,0.0010483289695291864,0.0007721957765390111,0.0010483289692416412,0.0007597081665844709,0.0,0.0003491820235309779,0.0,7.893775204825135e-06,0.0001979130363319957,10
286.86315655708313,0.0010483289695291864,0.0028935114722637902,0.0010483289692416412,0.002889677475635772,0.0,0.0005279840294192511,0.0,0.0003460343922987448,0.00032518187667766765,10
286.9622485637665,0.001107005898602063,0.002213679630224111,0.00110700589827354,0.0022095263590283234,0.0,0.0011783268262861488,0.0,0.0011331747790129648,0.0005161900725922015,10
287.0636694431305,0.001107005898602063,0.0019836993224644083,0.00110700589827354,0.001977105900088858,0.0,0.0006302318753715355,0.0,0.00029382765603884155,0.00030326611249602677,10
287.16162848472595,0.0,0.0017081666892662117,0.0,0.0017040829632953417,0.0,0.0010580552040036436,0.0,0.0006051476162604932,0.00022034848169269716,10
287.2628240585327,0.0,0.0018383678733022728,0.0,0.0018326729372226938,0.0,0.0003013890898058181,0.0,0.0001792217908617023,0.0003182530165005602,10
287.36162519454956,0.0009999999503852817,0.0019488604110633105,3.404584874754444e-08,0.001748997630050242,0.0,0.0005345610129942131,0.0,0.00045804324972127024,0.0005302367921061166,10
287.463255405426,0.0018233081164512452,0.0015844375457800784,0.0015246497805732452,0.0010725041984179383,0.0,0.00039288919323996857,0.0,0.00023109638843721853,0.0005558766740708401,10
287.5624749660492,0.0018233074763743568,0.00319455800415717,0.0015246496054271857,0.0030721509993737114,0.0,0.0014096757983518798,0.0,0.00097920465770517,0.00022672188119320043,10
287.69597601890564,0.000999999050311109,0.003530985139299714,3.38703753308624e-08,0.003158326468328139,0.0,0.00011280573252235597,0.0,1.941903438863214e-05,0.0004497670480073706,13
287.7442886829376,0.0,0.0004141198102507822,0.0,0.0004130314993896271,0.0,0.00037044262325379966,0.0,0.0003428347092270938,0.00010437871606247881,5
287.86231541633606,0.001107006311175367,0.0028910745345008763,0.0011070063108412393,0.002885434420941886,0.0,0.0003402910311804961,0.0,0.0001074925759035958,0.00036943185887973375,12
287.96149253845215,0.001107006311175367,0.0018492786289654132,0.0011070063108412393,0.0018438650754712448,0.0,0.0006066081192384902,0.0,0.00022784199046149334,0.0003862123857157214,10
288.06203389167786,0.0,0.0017796286809565408,0.0,0.0017742624089304852,0.0,0.0006984603068830388,0.0,0.00044460382217407775,0.00020774251422195556,10
288.16229820251465,0.001048328749632326,0.0007892513170099859,0.0010483287493430924,0.0007792110549443719,0.0,0.00040507239451466077,0.0,0.00027148838381764906,0.00046121179255292514,10
288.262499332428,0.0016358588375146544,0.003408690319841319,0.0016358588370633215,0.003405245402749369,0.0,0.00042052326741607096,0.0,0.00010900910646081714,0.0003841726184589048,10
288.36254715919495,0.0021891156150613453,0.0025789776240428644,0.0019473907274039312,0.0023173553601932824,0.0,0.00121680440830153,0.0,0.00015743611311348,0.00032188783123481403,10
288.46187710762024,0.0017726567868939923,0.0030555515158845314,0.0017726567860055146,0.0030522600000121225,0.0,0.0008301316104199631,0.0,0.0007207668750626833,0.0002812864958857946,10
288.5617005825043,0.0014738766173366888,0.0012466835240040504,0.0010827169082430815,0.0008996631375619296,0.0,0.0006388488173411928,0.0,0.0005879504318281327,0.00024290773616095725,10
288.66192388534546,0.0,0.0017814382263336994,0.0,0.0017761034911489904,0.0,0.0006571663523623858,0.0,0.00020610678681839959,0.0002808487869948679,10
288.7621660232544,0.0,0.0018045618524690852,0.0,0.0017982245407657123,0.0,0.00031316332517002733,0.0,0.00029809877269325937,0.00014085948795289084,10
288.86165165901184,2.1095949816109312e-05,0.00176775962699966,5.726780261775119e-07,0.0017644428338410918,0.008059670738353225,0.007291916682706081,2.0639799084803647e-05,0.0008344340911764522,0.00021907132699444028,9
288.9619538784027,1.5702469989183578e-05,0.001792684228960732,5.831405731255013e-07,0.001784634172495919,0.008659374603790272,0.006431932335816078,1.563105218343748e-05,0.0003246164295710213,6.673542261039062e-05,11
289.0628471374512,5.199182640478201e-06,0.0018213198257982144,2.1925414285104838e-07,0.001815551978943859,0.0029739190620300853,0.003571407508828447,5.185480936017674e-06,7.737647118843956e-06,0.00019627095722018036,10
289.1616966724396,2.6378812605457814e-05,0.0017281116114844868,7.821144978466125e-07,0.0017195568554444157,0.010723867227771492,0.010396546394588705,2.5629645552697434e-05,0.00018619821091852732,0.00023234177010180638,10
289.26159715652466,0.0011068649605332891,0.002237188683847851,0.0011065563150643868,0.002235028764663971,0.010000006216398445,0.0005586556160512089,2.5639470769552786e-05,0.0005577432158749048,0.0002692754993985119,10
289.3623049259186,0.003209860535484041,0.002259723502074839,0.0030499786492191637,0.0019562927012695525,0.010000006215478438,0.010293237252320555,4.1004957730862794e-08,0.00011476780561230084,0.00022647476674896863,10
289.46127462387085,0.002323532112623253,0.003877462874254362,0.0020972942906300838,0.003781644172796567,0.010000006215478613,0.0006755183566378315,6.220376179381636e-09,5.202529370665692e-06,5.1214015552460586e-05,10
289.5618121623993,0.0018233083121269587,0.0019832515650448,0.0015246142893859302,0.0016239379301570527,0.0,0.0004980363138654756,0.0,0.000445199069343823,0.00024353122409062673,10
289.6617634296417,0.001448789219433447,0.0029332596874617903,0.0010483511478654032,0.002802317257823841,0.0,0.0004044148284409879,0.0,0.00037530750768713015,0.0004066455361817301,9
289.7613296508789,0.0,0.0017737107402488424,0.0,0.0017680540804107376,0.0,0.0006863973158862079,0.0,0.0005029691015770225,0.00018312486961625542,10
289.86255407333374,0.0010483291894544744,0.000810076775475348,0.0010483291891686124,0.0007970035376472302,0.0,0.0009153264977551184,0.0,0.0007834552496020943,0.00037074163511614696,10
289.96320247650146,0.0023709817735549214,0.00412466610863656,0.0023709808550492887,0.004122235797671128,0.0008270488954299968,0.0010907010431479873,2.1190081455350747e-06,0.0007458408509449808,0.0003847163553140962,11
290.06348180770874,0.0015247254446896018,0.0010795320495639825,0.0015245683055974575,0.0010727667437834432,0.008345908425531214,0.009209968772719077,2.136760017100883e-05,0.0004847501241835862,0.0002615535530722362,10
290.1616883277893,2.3497171735838243e-05,0.001714544711028329,9.144777009180244e-07,0.0017077060581318839,0.013569939945499513,0.01003713530919615,2.341678832217654e-05,0.0009186596989896973,0.0006047997091691437,10
290.2627475261688,8.784132898543382e-07,0.0018271812031858438,7.065230166773525e-07,0.0018224130926932992,0.010000006215476448,0.0003174540278672366,7.509813758346869e-08,0.0002448431735423863,5.917306339973942e-05,10
290.36183309555054,0.0011224823320884012,0.002418061321827955,0.0005098912787378445,0.0022539924762719895,0.0,0.000956494894966197,0.0,0.0009475434912543002,0.0001119652200688176,10
290.46241188049316,2.859178337287087e-05,0.0018024920369684389,2.859178333729265e-05,0.0017955885705452557,0.0,0.000995137018698806,0.0,0.00028593911595068875,0.0004802560893608295,10
290.56274914741516,0.0011357546500449852,0.0016870297946708847,0.0005384830619969004,0.0012504417157182307,0.0,0.000639472763104171,0.0,0.0003412943480458661,0.0003906654729299985,10
290.66420555114746,0.0014917990281662985,0.002458121784320586,0.0011070316199355001,0.002300899015700635,0.0,0.0007914672096642913,0.0,0.0007756042548678454,0.00046079549807940526,10
290.7635793685913,0.0014917990281662985,0.0021825222772270296,0.0011070316199355001,0.0018775700756004214,0.0,0.0017089083304831772,0.0,0.001323119482487867,0.00032539465064397864,10
290.86168098449707,0.0,0.0017018247423468834,0.0,0.0016956126863815072,0.0,0.0009953996098741545,0.0,1.8837379230262582e-05,0.000864008856151149,10
290.96143770217896,0.0,0.0017889847899012024,0.0,0.0017844732153367126,0.0,0.0008480217231115333,0.0,0.0008250431728544109,0.00017760092921787147,10
291.06175899505615,0.0,0.0017906433773412253,0.0,0.0017863715495279587,0.0,0.0008118992358984599,0.0,0.0007667749165773574,0.000236103673955488,10
291.1621482372284,0.0007135654662433463,0.0010921998659369592,0.0007135654660406774,0.001083879190213855,0.0,0.0004118698364875519,0.0,0.00026461691751075803,0.0002564951332592517,10
291.2624728679657,0.0003788032824238518,0.0021682012348441158,0.000378803282316263,0.002163383229636025,0.0,0.0005219440917852755,0.0,0.00017308730953082582,0.0001952099333308257,10
291.36343479156494,0.00033523460514253434,0.00213551691489014,0.0003342113271842357,0.0021290929923608653,0.010000006216398445,0.010289764032107695,2.560468634066793e-05,0.00037254084133436473,0.00021579651357883796,10
291.4629683494568,0.0010505822250587312,0.002784714439784584,0.0010493870990527891,0.0027829260667990062,0.019156186727808448,0.008726791634230863,4.908491296329901e-05,0.00024002249739388937,0.00016832562047016742,10
291.56244111061096,0.002097224224855951,0.0004992707191431574,0.0020971107095746327,0.00047467625549001694,0.008312354806421444,0.0015516462366572449,2.125703576995011e-05,0.00107880813053699,0.00036608750398317563,10
291.6623740196228,0.001048283520484587,0.0027958621499186323,0.0010482811661053071,0.0027930186168919724,0.0008438257049882002,0.0009110692427168527,2.158996445323117e-06,0.0003762258498757479,0.0004965472801667584,10
291.76118898391724,0.0011070060143906746,0.00222018307111733,0.0011070060140358912,0.002216705234053979,0.0,0.0005405218214038147,0.0,0.0004793913853810728,0.0003712593715888924,10
291.86269521713257,0.0011070060143906746,0.0019830035018414552,0.0011070060140358912,0.0019788502570329356,0.0,0.0009653644410512604,0.0,0.0005916651404909091,0.00043652042050587375,10
291.9625289440155,2.617472055043272e-05,0.0017678827187195805,7.101517916086796e-07,0.0017612884777735394,0.010000006216398445,0.009967185169252109,2.560468634066793e-05,0.00046685658368960097,0.0006153607005792485,10
292.06690979003906,5.2349440902018945e-05,0.0019243670546256581,1.4248543163767984e-06,0.0019208229603661828,0.020000012432796963,0.010075612301773715,5.124415711022071e-05,0.000807812099230253,0.00019336776190761448,10
292.1622006893158,3.002479942503624e-05,0.0016141386543474558,8.100584971503139e-07,0.0016078703856929586,0.011470922137523099,0.001724420610007423,2.9333950875555156e-05,7.265388637420702e-05,0.00010772450032051097,10
292.26206827163696,0.0003787318476723901,0.0017255977959410242,0.0003782817839330063,0.0017187632950763285,0.007058174374148912,0.00839109044519779,1.807583418910882e-05,5.169036348759259e-06,0.00021514731622401738,10
292.36288499832153,0.0020655877380456747,0.001623508568907399,0.001794803601532528,0.0013521246159765119,0.008529090295273796,0.0008251435614601144,2.18659405977197e-05,0.0005632111922273972,0.0002032927927939459,10
292.4615354537964,0.0012762798870304926,0.0029119745448631744,0.0012760442437840139,0.002910413954116212,0.013853989431584085,0.014007710437106307,2.45105247940362e-05,0.000756532272860835,0.00025593815678168403,10
292.5978162288666,0.0018521496948612712,0.0034670899612993535,0.001525817238151073,0.003027183711370472,0.021627106133706223,0.009360942446205023,4.739274360179182e-05,0.00013328568774347992,0.0003645157488847343,13
292.66448879241943,0.0010491586212156103,0.0012951389289956137,0.0010488622456881127,0.001294224315796395,0.009588164531182677,0.0004224334629935785,2.4583508015423123e-05,0.00016919893599233219,0.00024408746286900206,7
292.7644283771515,0.0,0.0018045887845217102,0.0,0.0017990515127260954,0.0,0.001026018716668023,0.0,0.00093127972812208,0.00018650086962721869,10
292.8618218898773,0.0,0.0016998010517867168,0.0,0.0016947572210922054,0.0,0.0006783046662897568,0.0,0.0006154913871380013,0.0002186037024796297,10
292.96146512031555,0.0,0.0017628451997206112,0.0,0.001757323671381573,0.0,0.0005447529849704932,0.0,0.00032773447894866273,0.0002976851123201761,9
293.0705192089081,0.0010483276500628407,0.003150388190222434,0.0010483276497650917,0.003146878797034176,0.0,0.0012689055813577643,0.0,0.0010596893810941657,0.0003345738847236797,10
293.16709446907043,0.0010481006927777568,0.0007673921920706342,0.001047773421576759,0.0007587611868668449,0.01000000621639158,0.010145354436667645,2.5605378531144366e-05,0.000821735794420135,0.00017769841947724572,11
293.2621576786041,0.0011077572293274444,0.002115446037365577,0.0011074475130384343,0.002110387036611931,0.010000006216391827,0.0008256455983744985,2.5570593364370822e-05,0.00020495524234031583,0.0004293848682140272,10
293.3615548610687,0.0031671626462469425,0.004031970571616505,0.002449497790823758,0.0034128374147000084,0.0029569129735679267,0.0028546667906191093,7.5676607708935784e-06,0.0004776650656151732,0.00042871298964486246,10
293.49499225616455,0.0018176643437219694,0.003011199414386918,0.001524802987628466,0.0026510169294553317,0.004086180269255661,0.007797409008047378,1.0467015615748606e-05,0.000273449531721679,0.00026340065767754985,13
293.5623118877411,0.0008516167248662406,0.0008599528423446235,1.3380116735051726e-06,0.000812097616470429,0.017043099459215175,0.009961198768480119,4.366035110587534e-05,0.00046297594612520354,0.0005728520519851847,7
293.66171979904175,0.0012278663144159156,0.0028768737328181077,0.001047738012826859,0.002787427320719312,0.010000006216391827,0.00046593593946642057,2.5570593364370822e-05,0.0002598575752041829,0.00032143984560287095,10
293.7621428966522,0.0013076279939760558,0.000996590631729672,0.0010488631119015429,0.0007571026499008513,0.01000000621639158,0.009649610843875125,2.5605378531144366e-05,0.0006302971592213564,0.00024264049329520454,10
293.86243867874146,0.001106867410592392,0.002258222068478468,0.001106558756938836,0.0022544703900584905,0.010000006216391594,0.0008414531103973387,2.564016290914035e-05,0.0005540234496212962,0.0001790267264479334,10
293.9612545967102,0.001524615566142972,0.0010205214417484023,0.0015246155652474348,0.0010127644556085446,0.0,0.0005672288600980417,0.0,0.0005577233643792494,0.0005135516331568088,10
294.0636293888092,0.001448788910231614,0.0030456328091199624,0.001048350708003705,0.002927881045391494,0.0,0.00042432025087348535,0.0,4.585041266488325e-05,0.0003133527743828535,10
294.19584941864014,0.0010000001074896823,0.003444918910607096,3.3727282295356655e-08,0.0030956436228771196,0.0,0.00021717512098448502,0.0,6.64864456676108e-05,8.62295766195431e-05,13
294.2615351676941,0.0,0.0007739092624653842,0.0,0.0007718652440079518,0.0,0.00023914123565342863,0.0,0.00021505642432271532,0.00045374633255529584,7
294.36196756362915,0.001049207745665028,0.0028438483828658536,0.001048882066449131,0.0028412081513492825,0.01000000621639158,0.010575069432927213,2.5605378531144366e-05,0.0010381671083607756,0.0002944941029205979,10
294.46188592910767,0.0010262970496850794,0.0021363842308635304,7.086228282481061e-07,0.0017827297483610607,0.010000006216391827,0.0002971438035052764,2.5570593364370822e-05,0.00021406087714620424,0.0005292869256942464,10
294.56422328948975,0.0022580954183609087,0.002032439079794633,0.0010482821947093925,0.0008125516492443715,0.0,0.000958008268682738,0.0,0.0007836395503544441,0.0004033976519198502,10
294.6615834236145,0.0010000001074896966,0.001994020050410099,3.3727302862227096e-08,0.0016783607906823868,0.0,0.0005360429077910044,0.0,0.0003066487004763137,0.0003466967413149578,10
294.76177859306335,0.0,0.0017957611805756017,0.0,0.0017910183895231606,0.0,0.0002712913846123857,0.0,0.00023372852468040047,7.070214017366621e-05,10
294.8616704940796,0.0,0.0017812443069710566,0.0,0.0017771936469063786,0.0,0.0006653462127046662,0.0,0.0003344709358999909,0.0004581331118193376,10
294.9613244533539,0.0,0.001786666947542926,0.0,0.0017808042144505211,0.0,0.000599932737531901,0.0,0.00038801625447390883,0.0005930594807112833,10
295.0617320537567,0.0010000000223643398,0.0019931216262185853,3.421531062895928e-08,0.0017916683911253194,0.0,0.0005716193646157316,0.0,9.645441543781137e-05,0.0005509429624551277,10
295.16167879104614,0.0010000000223643467,0.0021090986858727004,3.421531062895928e-08,0.001780133640757635,0.0,0.000837198115602181,0.0,0.0005207664282308941,0.00018455612947659698,10
295.2615954875946,2.6174720550324133e-05,0.0017866891694245572,7.105481215772785e-07,0.001778286927705797,0.01000000621639158,0.010342662285089833,2.5605378531144366e-05,0.00036900622183520663,0.0002028023114761476,10
295.3620226383209,2.617472055025614e-05,0.0018043756410398965,7.150963594746389e-07,0.0018003387252585755,0.010000006216391594,0.0006050862141590889,2.564016290914035e-05,0.0005998178014985862,0.00017956633597160759,10
295.46253299713135,2.6174720550324133e-05,0.001817991614475003,7.105481215772785e-07,0.0018150869065817182,0.01000000621639158,0.00973966653459857,2.5605378531144366e-05,0.0004146937728490704,0.000239748527456591,10
295.5615692138672,0.0009738350069124559,0.0019523879910353988,7.041821824614234e-07,0.0017563705083149313,0.010000006216391827,0.0006705761547868459,2.5570593364370822e-05,0.00012942360698542707,0.00041181137668554516,10
295.66253328323364,1.6242479676034503e-05,0.0018237725406427313,4.4074746346745724e-07,0.0018162073268885256,0.006205036253840669,0.006435217192372694,1.5884124797442666e-05,0.00036314099211655565,0.0003990543576449292,10
295.76097345352173,3.248236409938042e-05,0.0017261686976269234,7.757538427155138e-07,0.0017247078576540017,0.012410072507681018,0.006946120665193588,3.178164255442685e-05,0.00010435506679830234,0.0002206566715066345,10
295.8614614009857,0.001016236689798919,0.0021633691731387265,3.36932060487209e-07,0.0018205133572272074,0.006205036253840773,0.0010158415647619702,1.587073168523452e-05,0.0004288705889210554,0.0004473914848865137,10
295.9620485305786,0.0,0.0018130464549657214,0.0,0.0018085973823057325,0.0,0.00048717295758341286,0.0,0.00020148634673909524,0.00013564133565345792,10
296.06213641166687,0.0,0.0017828028845284416,0.0,0.001777970787203308,0.0,0.00022313706242153437,0.0,8.879444110284332e-05,0.0003499488599754647,10
296.16368532180786,0.0,0.001834130635308431,0.0,0.0018286619408662223,0.0,0.000906097273219597,0.0,0.0003164306183034546,0.00023965376573325243,10
296.2620463371277,0.0009999999503852808,0.0019236155604985504,3.4045829314816425e-08,0.0017120475097926154,0.0,0.0003241270169379665,0.0,5.469381213672906e-05,0.0005123027605196053,10
296.36161756515503,0.0009999999503852808,0.0021050033097931293,3.4045829314816425e-08,0.0017537711687762064,0.0,0.0007465725907074278,0.0,8.51959654801233e-05,0.00021322685777368984,10
296.46138525009155,0.0011070063369539264,0.001910986682511221,0.0011070063366215648,0.0019074355788489866,0.0,0.0006046925923976915,0.0,0.0005129084978773291,0.0007977906894908935,10
296.56301712989807,0.001524616245897639,0.0031931320388432385,0.001524616245011943,0.0031895480691589615,0.0,0.00031132790947462785,0.0,4.446584212550726e-05,0.0003196429357408869,10
296.6620545387268,0.0009914295371556455,0.001962067882117285,2.3286848343058644e-07,0.001765496313220199,0.003276299260387407,0.0038920882920745036,8.385251689200157e-06,0.0002053776845036631,0.00047541264867678225,9
296.7618010044098,0.001436746373311331,0.0013539520310449067,0.0010480295218581901,0.0007591144162456125,0.006552598520774854,0.0035071716191378633,1.6774237247818602e-05,7.797413130507724e-05,0.0003042757699431582,11
296.86197876930237,2.7245315957552257e-05,0.0017864369333549304,7.391226642869664e-07,0.0017787267410896534,0.010409025323455522,0.007135552882862269,2.6641564545375815e-05,0.00022962459874270133,0.0003279472049797086,10
296.9616515636444,3.733939900855219e-05,0.0017674957581276522,1.0159423012842227e-06,0.0017642347394741709,0.014265452126135761,0.006744109203564815,3.653779036276881e-05,0.00022678137168064328,0.0003340986933041871,10
297.0628070831299,0.0010502331062640306,0.0008330997638829016,0.0010492769693494777,0.000812590145997699,0.0171327322794596,0.010437428529692724,4.384772806526859e-05,0.0009610774204854102,0.00020699330651133426,10
297.1623818874359,0.0014672786107620339,0.002932732326412582,0.0010489096286521082,0.0027916636384149006,0.010000006216391594,0.0006650338742436026,2.564016290914035e-05,0.0005568447605751551,0.00030806301805622044,10
297.2615854740143,0.0009999999503781754,0.0020840962315838785,3.4045829314816425e-08,0.0017538697299117592,0.0,0.0007602570193507197,0.0,1.884499513205844e-06,0.000468878389716923,10
297.3620045185089,0.0,0.0018047510894422154,0.0,0.0018009473481096273,0.0,0.0007168173309733186,0.0,1.8818526199777177e-05,0.00039263472740373305,10
297.4615526199341,0.002258095005149525,0.0022518732163069994,0.0010483745606210525,0.0007348669269962423,0.0,0.0009550414005176832,0.0,0.0008705282816645773,0.0003205320103321711,10
297.5622932910919,1.2538616675329572e-09,0.0018352201875640676,1.1683704895133805e-09,0.0018316947649896905,0.0,0.0004106742408260735,0.0,0.00039987002386354453,0.00043642419860060366,10
297.66183948516846,0.0018233087629105995,0.0030119807747547734,0.0015246146868663514,0.002889068526270127,0.0,0.0006567483294719949,0.0,0.000412745732723327,0.00023191727666142754,10
297.76152658462524,0.002429372403281772,0.0031801189126671615,0.0022140366413622033,0.003062034116265152,0.0,0.0006608849574608421,0.0,0.0004197432157872523,0.00032037866240683155,10
297.8616189956665,0.0015246152529964896,0.0010789634284838069,0.0015246152521344023,0.0010726827541391061,0.0,0.0009815903950643758,0.0,9.182391747771563e-05,0.00032357160930843306,10
297.9614825248718,0.001448788229174745,0.0030341868906964614,0.0010483037604417404,0.002815747947145464,0.0,0.0007406311973851331,0.0,0.00039864989952753037,0.0005220760233626153,10
298.0709466934204,0.000999999050311109,0.002326195759751089,3.38703753308624e-08,0.002129504675766472,0.0,0.0007188412361222671,0.0,0.0004955469421245862,0.0004171238838022025,10
298.1963429450989,0.0,0.0028113646352505776,0.0,0.002801683716551361,0.0,0.0007720225248669455,0.0,0.0004497522663141629,0.00029760729954362994,13
298.26264929771423,0.0,0.0007920558798274267,0.0,0.000789403445034124,0.0,0.0007488094134016742,0.0,0.0002540329418055973,0.00031803881965885927,7
298.36155366897583,0.0010000000223643539,0.0020667548535030396,3.421531062895928e-08,0.0017285196701284338,0.0,0.0008189668027592082,0.0,0.00042198044787285216,0.00010401619781004246,10
298.4626033306122,0.001000000022364341,0.0021391987241074937,3.421534966724007e-08,0.0018234053766430236,0.0,0.00041950367119087057,0.0,0.00028774661420961196,0.0002911405909355322,10
298.5637936592102,0.002000000044728695,0.002603684970464287,6.843066029618688e-08,0.0018180104109001287,0.0,0.0012113342525003447,0.0,0.0004158778627218765,0.0004688239167414886,9
298.66297221183777,0.0009999999503781693,0.0020935528826238736,3.404585005519068e-08,0.0017567050271570202,0.0,0.000524788283751436,0.0,0.0003843077098533273,0.00026032803578785043,11
298.7628767490387,0.0014917979655003728,0.002411977027511243,0.0011070308590320301,0.002249836976740085,0.0,0.0013328816018520842,0.0,0.0004326516850472536,0.000178733642148087,10
298.8613431453705,0.0011070060144190963,0.0018801903718299632,0.0011070060140643129,0.0018750452238725187,0.0,0.0003031723271072109,0.0,0.00025330253553977475,0.0003294944747445685,9
298.96129751205444,0.0,0.0017881350547021694,0.0,0.001783253270525002,0.0,0.000807452030793211,0.0,0.0004991214709439985,0.0003922848615689825,11
299.06239080429077,0.0,0.0018281324727655072,0.0,0.0018226293450767513,0.0,0.00025807524575819084,0.0,3.579001175460948e-05,0.0006068926210677612,10
299.16298055648804,0.0011070060144190963,0.0019704239345468893,0.0011070060140643129,0.001965431820680559,0.0,0.0005918290395256162,0.0,0.00022949103262107513,0.00038929262025424137,10
299.26232981681824,0.0011070060144190963,0.0022272844124918037,0.0011070060140643129,0.0022231266197436594,0.0,0.0009317604989129283,0.0,0.0004298726127246754,0.000526694178231087,10
299.36382150650024,0.0015246160325911263,0.0029563820070985193,0.001524616032590741,0.00295383105501474,0.0,0.0008294243472389815,0.0,0.0006109623137843649,0.0003193950363982069,10
299.46222496032715,0.0010212135492584675,0.0019430816926360472,5.803535994855525e-07,0.001733847368323883,0.00810663035992773,0.007799492307650835,2.0759990515994406e-05,0.0005348480291060464,0.0003947240867615554,10
299.5614535808563,0.001832639204859623,0.0019470873848289084,0.0015249075441388022,0.0015716478700755017,0.006213254503463848,0.002635537916097838,1.589174273479352e-05,0.00024624783928423966,0.00018101280022859761,10
299.66242837905884,4.955855312925561e-06,0.0018175244982543406,1.3437032781941946e-07,0.0018123933209871104,0.0018933758564634415,0.0003769364296020901,4.8441410087148895e-06,9.037540165746888e-05,0.00029593865360140177,10
299.761385679245,0.0,0.0017483080970326578,0.0,0.0017437985266645303,0.0,0.000755192204270375,0.0,0.0007100041075803254,0.0003403190131268955,10
299.8614938259125,0.0,0.0017656325314507663,0.0,0.0017606500992991742,0.0,0.0010766147106653697,0.0,0.0009696076490323228,0.0002671759588240962,10
299.9613025188446,0.0010483287496607474,0.0007821488220828125,0.001048328749371514,0.0007721032822256487,0.0,0.0005979730780563049,0.0,0.0005590064470572944,0.00033372297095031944,10
300.0616126060486,0.0010483287496607474,0.002829428226371316,0.001048328749371514,0.0028256590094507933,0.0,0.0006845774127136416,0.0,0.0002702376347602735,0.000257653633997791,10
300.1633195877075,0.0,0.0018459324765008197,0.0,0.0018398811379167828,0.0,0.0006291200515178139,0.0,0.0003224854094882318,0.00035681786609226886,10
300.26356410980225,0.0,0.0017833765126783526,0.0,0.0017786692757619051,0.0,0.0008875492794140136,0.0,0.0008341347216960594,0.0005959883243376921,10
300.3611915111542,0.001491798696333713,0.0024550911302005473,0.0011069811437819383,0.002181017464113201,0.0,0.0006393135158226984,0.0,0.00044267285770853047,0.00047356674353617845,9
300.4619963169098,0.001491798696333713,0.0021633177505077524,0.0011069811437819383,0.0019659602674337454,0.0,0.000798037472267906,0.0,0.00016317504806917312,0.0002646360036899092,11
300.5619580745697,0.0,0.0017850160013977428,0.0,0.0017805496673293589,0.0,0.0009440275636126411,0.0,6.7459587184946146e-06,0.0004147512724656682,10
300.6622996330261,0.0,0.0017977934103715028,0.0,0.0017930664098207972,0.0,0.00048379958256823696,0.0,8.218878107868018e-05,0.00034475371603792535,10
300.7616341114044,0.0,0.00176177228245304,0.0,0.0017570829752077068,0.0,0.0009801153105771683,0.0,0.0009694495463816621,0.00037342212367168465,10
300.86234760284424,0.0,0.001798534001120774,0.0,0.0017941957777616374,0.0,0.00032717424341861535,0.0,0.00029530776573362773,0.0002355561398007148,10
300.96329712867737,0.0,0.0018291860242143035,0.0,0.0018227782996846984,0.0,0.0006237503408208033,0.0,0.0005216119909826245,0.0004273131778362828,10
301.0616788864136,0.0,0.0017318554473767052,0.0,0.0017272210883512661,0.0,0.000464011275017308,0.0,7.426106352862764e-05,0.00026606738002251594,10
301.16219210624695,0.0010483276500628407,0.0007956848447275279,0.0010483276497650917,0.0007850442685684681,0.0,0.000778147545356708,0.0,0.0007040276999697844,6.780271189726619e-05,10
301.262131690979,0.0015246157628530225,0.003133955668420901,0.0015246157619981816,0.003131347895222817,0.0,0.0009034355401732856,0.0,0.0006660829788776735,0.0002985738101995233,10
301.3623208999634,0.002449661768322882,0.003398169834334546,0.0024496617681723917,0.0033955282171123143,0.0,0.0009344228434734812,0.0,0.0008595764563123992,0.0002215062209638122,10
301.4612936973572,0.0015246160325911263,0.0015505630535368041,0.001524616032590741,0.0015458765429940764,0.0,0.001438405994593197,0.0,0.0011326980190059898,0.0002675108298020732,10
301.56274008750916,0.00149179858820118,0.0022718692971125656,0.0011070307432110298,0.0019640237414751717,0.0,0.0007871411454393452,0.0,0.00029291251893334296,0.0003139396510553945,10
301.66152572631836,0.00149179858820118,0.0023470811548856447,0.0011070307432110298,0.0021889195164982787,0.0,0.0007256411945570198,0.0,0.0002775333247736889,5.1563804739902294e-05,10
301.762814283371,0.0,0.0018286688758572573,0.0,0.0018234686145454655,0.0,0.0006066469309560923,0.0,5.0952767972301376e-05,0.00037565272416445976,10
301.86332273483276,0.0,0.001801428758333507,0.0,0.0017963959519415392,0.0,0.0005602567178832502,0.0,0.000423691914372056,0.00026886066731311335,10
301.9615020751953,0.0,0.0017084480016351137,0.0,0.0017023720796470589,0.0,0.0006040130488421683,0.0,0.0005510349332438337,9.649951411482505e-05,10
302.0618932247162,0.0,0.0017902577869236302,0.0,0.0017856130521550742,0.0,0.0007411265918285082,0.0,0.00046845444843435864,0.0006684706822409941,10
302.1617269515991,0.0,0.0017811922094606652,0.0,0.0017755270565006484,0.0,0.00018529285668282335,0.0,5.5754505037225434e-05,0.00030768854744207645,10
302.26148200035095,0.0011070061953875705,0.0022371836340301394,0.0011070061950789124,0.0022326547717888717,0.0,0.0010079968620418716,0.0,8.767355582333367e-05,0.00020528828760605302,10
302.36416029930115,0.001823308214297393,0.0031315592116713657,0.0015246152201313754,0.0030127053141083653,0.0,0.0012905951032710701,0.0,0.000760090524262943,0.00046997408566491473,10
302.46147632598877,0.0010483289214910218,0.0007329933865097244,0.0010483289211579568,0.000729844487705555,0.0,0.0008613408369554405,0.0,0.0008337225274325624,0.0004897507992315959,10
302.56204438209534,0.001448789705562175,0.0030645528791440274,0.0010483041522832302,0.0028361608651968663,0.0,0.0006225656204497894,0.0,6.140624923376954e-05,0.0002060210905858503,10
302.6618585586548,0.0010483275641486633,0.0007728783093558034,0.0010483275638719799,0.0007605716687277219,0.0,0.0007760983060387546,0.0,0.0005379924358929999,0.000255805944563407,10
302.7622368335724,0.0,0.001802872570722222,0.0,0.0017983746173726085,0.0,0.0006248756874407975,0.0,0.00034438422144936215,0.0002974161341871636,10
302.86186122894287,0.0,0.0017747113240904552,0.0,0.0017699928815289572,0.0,0.00034121458617102584,0.0,5.6090104979327924e-05,0.0002066105212843944,10
302.9615204334259,0.0,0.0017548259355116727,0.0,0.0017506743745609936,0.0,0.00017585805160832458,0.0,0.00010279897706173057,0.00020090650495908826,10
303.0616443157196,0.0008250741318434375,0.0021038934386965386,0.0008250741315985826,0.002098197281607027,0.0,0.0004116770114670171,0.0,2.240649395682945e-05,0.0002801500292712764,10
303.1641445159912,0.0005431423650848117,0.0018453140091153459,0.0005431423649236249,0.0018386304927233137,0.0,0.0010657578271869037,0.0,0.0001835481446163841,0.00020257466246900821,10
303.26167845726013,0.00028193176675862585,0.0016660323064133968,0.00028193176667495775,0.00166105274591777,0.0,0.000993757157058986,0.0,0.0003571846337812823,0.00017593767011342233,10
303.36249017715454,0.0014917975668900616,0.002126447987191282,0.0011069813248332741,0.001953245344699111,0.0,0.0005450040927106601,0.0,0.00031407551753302563,0.0002691039913810013,10
303.46425461769104,0.0014918258889206214,0.0025815319887630447,0.0011074906638651049,0.0023104032565643955,0.010000006215476642,0.009352739706217307,4.031276725442652e-08,0.0002925377100291271,0.0002988134553732373,10
303.563273191452,8.784132898543382e-07,0.0017314565980728446,7.065230166773525e-07,0.0017270000390456127,0.010000006215476448,0.0006137253479368145,7.509813758346869e-08,0.00036093900457160303,0.000499489427241667,10
303.66151547431946,0.0008305021181648382,0.001845844102677918,2.8275144600532502e-08,0.0017168884344512813,0.0,0.000628590834119256,0.0,0.0004626918071507361,0.00026491489948662043,10
303.7627098560333,0.0006613766413097477,0.0019818618439345053,5.264288426303401e-07,0.0018041371915018015,0.007131567037106494,0.007206947512744912,3.2307234787870496e-08,0.00012833067588090163,0.00026044754135529097,10
303.8630120754242,0.0001687564518737824,0.0018094643644491772,9.810313716318688e-07,0.0017832685499539135,0.014263134074212622,0.007329204146280326,4.692290132669342e-08,0.0003139493085432664,0.0004649534428052288,10
303.9619128704071,0.0010486773148566887,0.000743816228150643,0.001048677257348961,0.0007333356897846342,0.007131567037106396,0.00041010607471775334,4.9998777592480616e-08,0.0002150184115036066,0.0002857148776175641,10
304.0632927417755,0.0010483278699596735,0.00287925884427206,0.0010483278696636375,0.002876340220796195,0.0,0.0005829609520730541,0.0,0.00030104392513375034,0.000303556649037718,10
304.1623251438141,8.784132981323347e-07,0.001731509087482196,7.066141142815549e-07,0.0017265953235090406,0.010000006215476642,0.010370359858220496,4.031276725442652e-08,0.00020117638993005652,0.000312963444259369,10
304.263818025589,8.784132913976678e-07,0.0018332259333259373,7.067051716989328e-07,0.0018284151312716013,0.01000000621547684,0.0007407865241593178,5.527396925384365e-09,0.000647395824954681,0.00045804900027762767,10
304.3617916107178,0.0009994784180784402,0.0020402728737458336,6.724002373907165e-07,0.0017075691381010993,0.010000006215476642,0.010085790892292426,4.031276725442652e-08,0.00023467826301483424,0.0002428989635473753,10
304.4619948863983,1.899869895146124e-06,0.0017785166453222398,1.5874991081457187e-06,0.0017749815821975511,0.020000012430953135,0.009913928121090355,1.1541087939345776e-07,0.00020577152482931533,0.00019771658706106379,10
304.5636179447174,0.001492619701588834,0.0024603631143653827,0.001107666013525318,0.002304048432883961,0.01000000621547684,0.0003335612923352589,5.527396925384365e-09,3.395699549836592e-05,0.00047139617935293963,10
304.6626601219177,0.0011070058986020633,0.0018903319212860818,0.0011070058982735403,0.0018854827403055779,0.0,0.0005291149132645226,0.0,0.0002662111190198558,0.0002575987081663052,10
304.76225543022156,0.0,0.0017607871239061616,0.0,0.001756167723457364,0.0,0.0015311437501536647,0.0,0.0008406686264219427,0.00012326762421526968,10
304.86173248291016,0.0,0.0017478773690978611,0.0,0.0017427257391802013,0.0,0.000648211138234692,0.0,0.000418641899722809,0.0004825970158124223,10
304.9631621837616,0.0,0.0018498991751353176,0.0,0.0018440063152276615,0.0,0.0005950098262489708,0.0,0.00021971006791711678,0.00032176605821330274,10
305.0616145133972,0.0,0.0017255756678021695,0.0,0.0017202523411116314,0.0,0.0009388119103509715,0.0,0.0005152349728922917,0.00039936283585405324,10
305.16169357299805,0.0,0.0017819615896427525,0.0,0.0017762020191108014,0.0,0.0009790755736540546,0.0,0.0006087257647801328,0.00033980444818025395,10
305.2613663673401,0.0,0.0017719515805729377,0.0,0.0017667245569670967,0.0,0.0007672753710854203,0.0,0.0002201888727663076,0.00023204788391293176,10
305.36205220222473,0.0,0.0018099082275520274,0.0,0.0018044497225704012,0.0,0.000542420116092814,0.0,0.0005073947048458726,0.0004822010998647856,10
305.4615864753723,0.0,0.0017646151767925801,0.0,0.0017583465932269821,0.0,0.0003941373081043059,0.0,0.00014088881811107006,0.0005319046910728235,10
305.5614459514618,0.0,0.0017784840174731756,0.0,0.0017735393116951345,0.0,0.0007083169329161563,0.0,0.00019039942480782274,0.0003585630411692895,10
305.66145968437195,0.0,0.0017704616747931492,0.0,0.001766254979833699,0.0,0.0007900394581993162,0.0,0.0007464157053649972,0.0001515476294718946,10
305.76148748397827,0.0,0.0017820381116438484,0.0,0.0017769197259634626,0.0,0.0006866717840820347,0.0,0.000361094429602333,0.0004676593934859644,10
305.8623640537262,0.0,0.001817613000243695,0.0,0.0018120107192774173,0.0,0.0010947231683627735,0.0,4.980402696233605e-05,0.0004771686441562537,10
305.96274876594543,0.0,0.0017879989239761463,0.0,0.0017839183678136294,0.0,0.0013842698310192376,0.0,0.0008456118065447726,0.0003640839842958656,10
306.06161880493164,0.0,0.0017535264602636879,0.0,0.001747782170786471,0.0,0.0008157049384470223,0.0,0.0002774259660918603,0.00045607128614023017,10
306.16216373443604,0.0,0.0018088148339177894,0.0,0.0018032115662577266,0.0,0.0011315061238089392,0.0,0.0009896405493796945,8.630180843502404e-05,10
306.26159167289734,0.0,0.0017586018343492577,0.0,0.0017538698829870558,0.0,0.0005654381906099405,0.0,0.0001708234835298679,0.000255817146402391,10
306.3620493412018,0.0011192478353225603,0.00208954302638944,0.0011192478350825978,0.002086190686659405,0.0,0.0010623926799549384,0.0,0.0010579645819641815,0.00027316360016277753,10
306.4616394042969,0.0013195479507044684,0.0028284577871730628,0.0013195479499884775,0.0028251572561397353,0.0,0.0005886193050793151,0.0,8.669267461701426e-05,0.0005597544447805765,10
306.5612440109253,0.0013342079052193357,0.0012508672797540417,0.0008832167126286449,0.0009019618566315988,0.0,0.0003945837902630875,0.0,0.0001169383580305592,0.00030375472306166246,10
306.6616563796997,0.0009999991942693095,0.002114793815671908,3.421224769573146e-08,0.001778124243067571,0.0,0.0001689114351616482,0.0,9.552113522707674e-05,0.000245478447253903,10
306.7615852355957,0.001048328089884934,0.0007700506547423742,0.0010483280895906058,0.0007542784254090672,0.0,0.000948907347754393,0.0,0.0005465745239437714,0.0004254558859927017,10
306.8616020679474,0.001048328089884934,0.0028196407991467466,0.0010483280895906058,0.0028166366228839115,0.0,0.0003845700548760135,0.0,9.925550709667147e-05,0.0001530343317217907,10
306.9619085788727,0.0011070058986020633,0.002257087167527335,0.0011070058982735403,0.002253319479664235,0.0,0.0003816476156421368,0.0,0.00026726949070065675,0.00034312187618571014,10
307.06151843070984,0.0011070058986020633,0.0019130737005204049,0.0011070058982735403,0.001907493202832569,0.0,0.0007086823324645708,0.0,0.0001684221646944741,0.000287485051834058,10
307.1951231956482,0.001048328749632326,0.002176353490748335,0.0010483287493430924,0.0021621914184015065,0.0,0.0005901607288558579,0.0,0.0005336797637141136,0.00022236129882836515,13
307.2625238895416,0.001048328749632326,0.0013367390715540303,0.0010483287493430924,0.0013353541115717715,0.0,0.0005221227617021369,0.0,0.00029601758714421864,0.0002666238863051175,7
307.3650050163269,0.0010000000223643545,0.0021916688094946496,3.421533014809344e-08,0.0018742543633766436,0.0,0.0006854814964155839,0.0,0.0004185307248842514,0.0004069384697839502,10
307.4626679420471,9.599893882626598e-10,0.0017071896486175197,3.33832340727339e-10,0.0016959268033297297,0.0,0.0005384559257053073,0.0,0.00016508075592810598,0.0007156229389892096,10
307.5618872642517,0.0014917971901483892,0.0024052567230581426,0.0011070305622047768,0.00223299282948356,0.0,0.001210937942590081,0.0,0.0011368627330024274,0.00039809542390412486,10
307.668025970459,0.001107006014390675,0.002129395740348033,0.0011070060140358916,0.002124064311934037,0.0,0.0008428631737019346,0.0,0.0007602314701110965,0.000255688108908826,11
307.76200437545776,0.0,0.0015790680471497946,0.0,0.0015743031597985676,0.0,0.00032935941655842083,0.0,0.00016442849174336369,0.0005794026847950089,9
307.86250734329224,0.0,0.0018102948776318303,0.0,0.0018049244376158154,0.0,0.0008476875826261034,0.0,0.0002264627617527604,0.0005185730799364846,10
307.96211218833923,0.0,0.0017658211404161768,0.0,0.0017607381968275384,0.0,0.0008524506013414653,0.0,0.0007705611888400221,0.0003746703060394951,10
308.062947511673,0.0,0.0018049811175691753,0.0,0.0017997064882191438,0.0,0.0004383295059229667,0.0,0.00042690005967838145,0.00047884492548312246,10
308.16213035583496,0.0,0.001748629532703534,0.0,0.001742764898492839,0.0,0.0007095874459840434,0.0,0.00039076124450685367,0.0004288119402743225,10
308.2633502483368,0.0,0.0018349392552711493,0.0,0.0018283647036885194,0.0,0.0009022846648983266,0.0,0.0008200759270518616,0.0003336602371731796,10
308.3645043373108,0.001107006014390675,0.001968021927228765,0.0011070060140358916,0.001963787177330019,0.0,0.0008182778653809855,0.0,0.00024328014129105583,0.0005490772967989278,10
308.4633209705353,0.0009999980651045556,0.0019184863375684093,3.4184049210512744e-08,0.001711675929565628,0.0,0.0002935600048824655,0.0,6.625962738750141e-05,0.00013557872838654357,10
308.56362771987915,0.0018233074108757504,0.0019841000971240626,0.00152461399939822,0.0016146075230587316,0.0,0.0005572256597760229,0.0,0.00038146806218750773,0.0002772388837544153,10
308.66392827033997,0.0010483274301375915,0.0028266193333355487,0.0010483274298381247,0.0028233546152321236,0.0,0.0005760451676578701,0.0,0.0005518848185220429,0.0005492431751526302,10
308.76227259635925,0.0,0.0017260235311725072,0.0,0.0017204981674430703,0.0,0.0007273489939396143,0.0,0.0007066038956248956,0.00020715350823494988,10
308.86301279067993,0.0,0.0018218610282219269,0.0,0.0018171270200933393,0.0,0.00015989548755933705,0.0,0.00013340931974605846,0.00025392512084846693,10
308.96191930770874,0.0,0.0017539593924175258,0.0,0.0017468386288524238,0.0,0.0003976004190554012,0.0,0.00014239947983245985,0.0002998844609018249,10
309.0649929046631,0.0009999999503852817,0.002062229534897225,3.404585005519068e-08,0.0018743760662362405,0.0,0.0007066873179699126,0.0,0.0003468179724008428,0.0005114308560865707,10
309.19627141952515,0.0009999999503852817,0.003393771088599326,3.404585005519068e-08,0.003031003660397945,0.0,0.0002476558993073295,0.0,0.0001151261533903739,0.00069750614546757,13
309.2644417285919,0.0,0.0008257796068893124,0.0,0.0008236929647048171,0.0,0.0006923470122393227,0.0,5.755939045775557e-05,0.00031309974334444725,7
309.36179280281067,0.0,0.0016863770568658044,0.0,0.001682169509817292,0.0,0.0008043558290791225,0.0,0.0007397334035910081,0.0002820388850560132,10
309.46287775039673,0.0009999999503852817,0.0021483588961802216,3.404585005519068e-08,0.0018152435667361533,0.0,0.0009097089953000886,0.0,0.000587594602794923,0.00026530734119169393,10
309.5618314743042,0.0014487895961090293,0.003008621831027693,0.0010483039323568731,0.0027730924012505055,0.0,0.0004128269140761141,0.0,0.0003718433971159279,0.0002983624540661565,10
309.6632812023163,0.0018233084214360296,0.001402003139772029,0.0015245816898825787,0.0010644035613831628,0.0,0.0005081888959494477,0.0,0.0004590317711542677,0.00031519823088445846,10
309.76204681396484,0.0014917988755992276,0.002346537465799315,0.001107031207400891,0.0021851967542443613,0.0,0.0006090579831248303,0.0,0.00021756803904401944,0.0002851923695104501,10
309.8640172481537,0.0,0.0018478968438550483,0.0,0.0018427618468232379,0.0,0.0005853639858071938,0.0,0.00038546645391132134,0.0005875995011245703,10
309.9629120826721,0.0011070066853534088,0.0022092644093851224,0.00110700668504444,0.002205624862901504,0.0,0.000875364373739991,0.0,0.0002990302733709275,0.00030626495565037865,10
310.0631778240204,0.0011070066853534088,0.0019405169860504834,0.00110700668504444,0.0019361136272761387,0.0,0.0006624458604053094,0.0,0.0004886966786165348,0.0003392176889226007,10
310.161780834198,0.0,0.0017327800619722417,0.0,0.0017277707284669987,0.0,0.0004732395628464073,0.0,0.0002765323903736584,0.0001120845581431762,10
310.2624263763428,0.0001853676302219497,0.0016288146730114234,0.00018536763017273306,0.0016233269287420722,0.0,0.0005646406736780528,0.0,0.00030638744724666785,0.00030453173253433097,10
310.3630828857422,0.0006775920837510233,0.0011478638458929944,0.0006775920835711171,0.0011372559427373855,0.0,0.0006667369020186895,0.0,0.00014066632686110482,0.0003600778472246616,10
310.46226978302,0.001922854052393218,0.003482932592082366,0.001642390117646245,0.0033682438762935676,0.0,0.00044718583012893934,0.0,0.0004145995373139685,0.00034895136619285226,10
310.5649344921112,0.000510486516118575,0.0013746358150805002,0.0005104865159813731,0.0013621550095840517,0.0,0.000764853236235946,0.0,0.0006181653189484746,0.00037238624044541,10
310.66248393058777,0.001267864419674166,0.002622014993585726,0.0007794315517926787,0.002459514041915422,0.0,0.00044859919034130965,0.0,0.0001288436299131519,0.0003807253668382831,10
310.7640435695648,0.0022580956685612544,0.002345239349321895,0.0010483754403054321,0.0007705005184331063,0.0,0.0004957422707361635,0.0,0.0004428902193853499,0.000368910079133761,10
310.86217856407166,0.0011070058986020633,0.002192747792585259,0.0011070058982735403,0.002189070934843015,0.0,0.0008630938047198548,0.0,0.0007046996623474465,0.0005547043237298397,10
310.9625713825226,0.0015246164374526092,0.001099456061973496,0.0015246164365795827,0.0010888070697171888,0.0,0.0003716379167599609,0.0,0.00029541555358678285,0.00028812093118392245,10
311.0637035369873,0.001048328749632326,0.0028711694844371066,0.0010483287493430924,0.002867896740693777,0.0,0.00041197827563633674,0.0,0.0002826818684524134,0.0003530883037601669,10
311.1630618572235,0.0010000008504595656,0.001961609756976632,3.422367889183285e-08,0.0017659418417472106,0.0,0.0010112395454355107,0.0,0.0003322654004335689,0.0003953730915281645,10
311.26334261894226,0.0010000008504595656,0.002127001563347867,3.422367889183285e-08,0.001794161472870593,0.0,0.0007575846983810385,0.0,0.00039327400995284155,0.00028046601404836766,10
311.36782598495483,0.0,0.0019509428655641338,0.0,0.0019459667392958556,0.0,0.0006833106885306586,0.0,0.00045564264511123567,0.00036868827777675103,10
311.4919493198395,0.0010483289695291866,0.0037708066615436756,0.0010483289692416412,0.0037645358373457846,0.0,0.000704019298796614,0.0,0.0005690980971208692,0.00046325716202372784,13
311.5653133392334,1.1641072440963433e-09,0.0013849194592089051,1.1070893972459265e-09,0.0013826561390802125,0.0,0.00026421842197353997,0.0,0.00014931736539348266,0.0002355318141750273,7
311.6616277694702,0.0014917987836535434,0.0017586048853068634,0.0011069810663982037,0.0015210725047498594,0.0,0.0005183536480469579,0.0,6.680619601518024e-05,0.0003949827230812227,10
311.76149344444275,0.001823309011270737,0.0019820760666901882,0.0015246143935242712,0.0016031948376898858,0.0,0.0002657262553437371,0.0,0.00019234991729389215,0.0001913471114315994,10
311.86174058914185,0.0,0.0017822830889073708,0.0,0.0017777012724846215,0.0,0.0012400648639644617,0.0,0.0009261825725126774,0.000361892400043499,10
311.96150827407837,0.0,0.001755587596978215,0.0,0.0017512662432868237,0.0,0.0008110643951895001,0.0,0.0005721711378839911,0.000449247886843792,10
312.0617365837097,0.001039615978941442,0.000801879659690297,0.0010396159786751965,0.0007901935330399671,0.0,0.0008744948755818902,0.0,6.865806517468701e-05,0.00039075704964459447,10
312.162725687027,0.0010309032941643874,0.0028509583148271836,0.0010309032939003731,0.00284813195240785,0.0,0.0005113262223491232,0.0,3.5959827879273306e-05,0.000143184424000033,10
312.2622961997986,8.712684777054729e-06,0.0017765563548188428,8.71268477482341e-06,0.0017724073624418748,0.0,0.0008507339348533251,0.0,0.0008126237099836857,0.0005788883709816547,9
312.3621644973755,0.0015246161900720776,0.0015890568529561887,0.0015246161900704714,0.0015837967802541353,0.0,0.0005190808865780241,0.0,0.0003015263043666255,0.0003120338536356912,11
312.4620428085327,0.0015807137929522278,0.002963206799727835,0.0015246170388930889,0.002913073159433678,0.0,0.0007649512797022913,0.0,0.00068554197052388,0.0002522659180722274,10
312.56125354766846,0.001533545937081711,0.0015938062604022992,0.0015246159048360468,0.0015655130564565746,0.0,0.0005023898017378921,0.0,6.698963035899034e-05,0.0002315438370787798,10
312.66121435165405,0.0016321483541516313,0.002944112565474393,0.0015246150562101875,0.002907110653501285,0.0,0.0003912779069951369,0.0,0.00033806487783284576,0.00041353862738993067,10
312.7616527080536,0.0,0.0017952642105609883,0.0,0.0017889552741199384,0.0,0.000961935345282206,0.0,0.0006554071624424194,0.00041204898872379406,10
312.8621835708618,6.499063860985449e-07,0.0017928199263508695,5.228657328759062e-07,0.001788378640219145,0.00739864461087362,0.0076160247190670246,7.436671178448188e-09,0.0008254863558982804,0.0005169443297875439,10
312.96487069129944,4.213994763100039e-07,0.0018793355352557774,3.3907612391973565e-07,0.0018735427090983644,0.004797283006276691,0.0021511670915248596,9.695043113349447e-09,0.00020384445221769846,0.00035348767619357513,10
313.0642137527466,1.106920220989146e-06,0.0017676218883635852,8.905508024074769e-07,0.0017629633773633868,0.012601367820067216,0.009834639116827514,1.2632399861649537e-09,0.0008696936356706245,0.00023216037033524096,10
313.1616406440735,1.625961612596724e-06,0.001685240699828414,1.308035205523026e-06,0.001678914735207828,0.01851022288449679,0.008330078081765922,4.7220957467002734e-08,0.00064876017747128,0.00045044617821169184,10
313.2621431350708,0.0005110919213096323,0.0018511619014766393,8.743242265397388e-07,0.00181337958857641,0.012125017482540851,0.0038851173679884557,1.842747226902587e-08,0.0004911780183757147,0.0003363311128257207,10
313.3621051311493,0.001048142128826919,0.002824686323185183,0.0010479237065703553,0.0028202005678845863,0.008719391173473891,0.005068761156233304,2.8770534315395422e-09,0.0005466542714161882,0.00020762105241720486,10
313.46364307403564,0.001165949847426314,0.0008903620736101017,0.001048097238153545,0.0008188611283152197,0.005104590359958627,0.0009331780411199194,1.0588957089902857e-08,0.0008429736128970332,0.00040564340297559703,10
313.56432938575745,0.0012074024528832118,0.0027071556675428514,0.0006773712185073408,0.002463622167728106,0.010000006215470645,0.010071153270408804,5.526938925510234e-09,0.00028565131493645,0.0002335663486213577,10
313.6613507270813,0.0016831269426169217,0.0009710180277346933,0.0013542751455243012,0.0004199762386730248,0.010000006215470304,0.0005418236253563064,4.031230925455239e-08,0.00020101253912653108,0.00010967700554201582,10
313.76140308380127,0.0012075585797003737,0.002724443931484242,0.00067688080240424,0.00245575611960439,0.0,0.0002987815079196813,0.0,1.715162804999153e-05,0.00016373398909380553,10
313.86274814605713,0.0,0.0018216134960358657,0.0,0.001816067160301694,0.0,0.0005619717858258533,0.0,0.0004942283293175279,0.0003678351310228501,10
313.9655158519745,3.696662383342645e-07,0.0018915485975887244,2.974056169366475e-07,0.0018845617827042064,0.004208343159028291,0.002978317031869151,6.565097417977378e-09,4.676656271343677e-05,0.0005797722586949561,10
314.0626537799835,0.0002774597636199433,0.001696607894134062,1.0242172816131811e-07,0.0016892093293586327,0.00158331989741399,0.0063523758433337235,1.4426996035118512e-09,0.00032056409859136485,0.00036193127702612867,10
314.1619200706482,0.00044521863243143274,0.0017722527049608488,3.964338399025692e-07,0.0017471639494472421,0.0057916630564425215,0.0005272130011718812,1.2706290508009298e-08,0.00039171713314348607,0.0007313563109622669,10
314.2615547180176,0.0007224587100382414,0.0019479331675859,2.4615702396439694e-08,0.001755159310421852,0.0,0.0007614074117202231,0.0,0.00010472913727949888,0.00027624425816240116,10
314.3611886501312,0.0025148476189709034,0.0023774822281353645,0.001524685037155823,0.0010607429827343931,0.0,0.0010849151498158365,0.0,1.5920039977127877e-05,0.000439152755003137,10
314.4626591205597,0.0014917992621418315,0.0024811745766363633,0.0011070310012618793,0.002316955798039411,0.0,0.0005814870928130231,0.0,0.0004585229654049885,0.00022619592745212082,10
314.56307911872864,0.001448788593000973,0.00292674624807549,0.0010483504881110902,0.0027990558140833055,0.0,0.0009493332620132032,0.0,0.0004227217308723522,0.0002310027844154,10
314.6614170074463,0.0010483291894544744,0.0007152188834083516,0.0010483291891686124,0.0007042699628021974,0.0,0.0009046907767956365,0.0,0.0005703482927108412,0.000380400684278134,10
314.76168847084045,0.0010483291894544744,0.002861423051785387,0.0010483291891686124,0.002858319403124328,0.0,0.0008825684754626574,0.0,0.00044431295212812687,0.0005045448781552276,10
314.8626956939697,0.0,0.0018516999690751555,0.0,0.0018471325684914265,0.0,0.0005742077854586802,0.0,0.0002655580193670097,0.0003454712777128348,10
314.9619631767273,0.0,0.0017446893222706412,0.0,0.0017395370190660293,0.0,0.0004441611339397198,0.0,0.00032840159690898955,0.00031573396956564046,10
315.0615825653076,0.0,0.0017633883277256301,0.0,0.0017587669946724966,0.0,0.0007662277871662202,0.0,5.439645477700549e-05,0.00041073309635775526,10
315.16168689727783,0.0,0.0017914410622232747,0.0,0.0017864222510857416,0.0,0.00160001832061754,0.0,0.0015074329920679104,0.0005099443148108473,10
315.26142382621765,0.0,0.0017690771986546923,0.0,0.001764750123704907,0.0,0.0006105510586952655,0.0,0.00016075654182161393,0.00021410346614430425,10
315.36147379875183,0.0018233100506322034,0.003120603319682795,0.0015246188614151557,0.0029065033378931483,0.0,0.0005846057924847581,0.0,0.00011902227544707137,0.0004461078632005086,10
315.46314096450806,0.001107006363196222,0.0022923074728886427,0.001107006362898522,0.002289059325807817,0.0,0.0005977461463163234,0.0,0.0001184612290617047,0.0002806000013184643,10
315.5626962184906,0.0018233080741990478,0.0013558291635727816,0.0015245818650090808,0.0010707563492965814,0.0,0.000873893750330652,0.0,0.00013148248895837516,0.00029076876426533467,10
315.66145873069763,0.0014917983032734395,0.0024738424988661376,0.0011069814922019794,0.0022054788197713978,0.0,0.0010649050280816625,0.0,0.000697782577624648,0.00041534879508781645,10
315.7618570327759,0.0009999999503923723,0.001994347595052192,3.4045829314816425e-08,0.0017873838298802242,0.0,0.000640764352775489,0.0,0.0003242724600119967,0.0002239761744512968,10
315.8617126941681,0.0010483276500628407,0.0007834266233107149,0.0010483276497650917,0.0007686605012348469,0.0,0.0006921075229030499,0.0,0.0004865057831924227,0.00043544660298199195,10
315.96186804771423,0.0010483276500628407,0.0028417887285412083,0.0010483276497650917,0.0028390693777332566,0.0,0.0009587730590419557,0.0,0.0008993433226520746,0.00032290356289307534,10
316.06383776664734,0.0,0.0018397017380302483,0.0,0.0018342349228886298,0.0,0.0009601636884286539,0.0,0.0006584589655987113,0.0003218600221494932,10
316.16214776039124,0.0,0.001707554319701424,0.0,0.0017035010575484593,0.0,0.0006925019856666322,0.0,0.0006352435440710834,0.00013310957494811358,10
316.26205587387085,0.0,0.0017758043115863047,0.0,0.0017695048116929074,0.0,0.00030984546151877686,0.0,0.0001987876439545407,0.0002317978281606012,10
316.361364364624,0.0020966563997235534,0.0038342437295313036,0.002096656399136602,0.0038321482812812974,0.0,0.00021352773271907376,0.0,1.8499089302232696e-05,0.0007769364689368695,10
316.46138405799866,0.0014196006458216945,0.0013418550088813634,0.0010483510223409894,0.0007628393490239447,0.0,0.0011586664144123296,0.0,0.0008026433782398515,0.00041446585862487247,10
316.56140208244324,0.001391114150056658,0.001089670190204976,0.0010483063825243322,0.0007574060630746234,0.0,0.0007237448049443669,0.0,0.0004257306049625532,7.984078588100907e-05,10
316.6621491909027,4.277830808708873e-05,0.0018281080141300569,1.4636835188863262e-09,0.0018260459475935426,0.0,0.0011388619763983841,0.0,0.0007275220391715369,0.0002627212863745409,10
316.76151990890503,0.0,0.0017619456493364399,0.0,0.001756912104884962,0.0,0.00039488280960373566,0.0,3.219089879962017e-05,0.00013841730590108585,10
316.86203122138977,0.0011070063111753672,0.0019337093651170055,0.0011070063108412395,0.0019288017308486376,0.0,0.0010334648091968623,0.0,0.0007339919941637728,0.00026830850442462374,10
316.962158203125,0.0014224960393471374,0.0016692248911453372,0.0014224960393346155,0.0016636975056857305,0.0,0.0005513789335566394,0.0,0.00043816460902394884,0.00010130895702456448,10
317.06401777267456,0.0017866521404821451,0.003644755290918922,0.0017866521399776147,0.0036411987378685384,0.0,0.000582465990627939,0.0,0.0004164408826795897,0.0006491806165979683,10
317.1614966392517,0.0008933260702410726,0.0008702427067605953,0.0008933260699888073,0.0008609353568470871,0.0,0.0005927329496346487,0.0,0.00043525157390096456,0.0002096824213643426,10
317.2614459991455,0.001000000022357249,0.002099819396329167,3.421533014809344e-08,0.0017726278968411785,0.0,0.0005114683415853665,0.0,0.0002653767052572836,0.000365857089027632,10
317.36204957962036,0.0015227213612926875,0.003032902592707335,0.001340815701224004,0.0029130255514052783,0.0,0.0012436176488050596,0.0,0.00043565629340296027,0.0005898270674421386,10
317.4618422985077,0.0006423509696142721,0.001368399619382377,0.0004647879474155841,0.0013364237655278726,0.0,0.001128401009676769,0.0,0.0008386051050629363,0.0001368138247490461,10
317.567387342453,0.0017160060733910235,0.0021978883691533323,0.0011447717285685613,0.0018395967978334488,0.0,0.0008998600764034266,0.0,0.00017833588819350275,0.00021069819528021373,11
317.6616563796997,0.0010000001074825906,0.001922117248580414,3.3727282295356655e-08,0.0015726223430866419,0.0,0.0013637857602769351,0.0,0.0009521956005491232,0.00045482680606958914,9
317.7639796733856,0.0010000001074825906,0.002090320658365676,3.3727282295356655e-08,0.0018680485178116228,0.0,0.0003773064808594905,0.0,7.591887030457848e-06,0.00010955636352710153,10
317.86452746391296,0.0,0.0018026439398674497,0.0,0.0017980615526406029,0.0,0.0007781015838217814,0.0,0.0003513487622871185,0.0006829067304496342,10
317.9617455005646,0.001000000922445727,0.0020366997424598678,3.439199603029418e-08,0.0016888246097271093,0.0,0.0008206741658323006,0.0,0.00019292402993222347,0.00013811580077344594,10
318.06202149391174,0.001000000922445727,0.0020040740898998243,3.439199603029418e-08,0.0017899942839982087,0.0,0.0005536312140302082,0.0,0.0002479463733936643,0.0004094823230386646,10
318.196076631546,0.0,0.0032269822250848654,0.0,0.0032178568323608073,0.0,0.0007534005360736957,0.0,5.2147759565222616e-05,0.000388144387496806,13
318.2623517513275,0.0,0.0007860239881733792,0.0,0.0007843492862263109,0.0,0.00047893308383965415,0.0,0.000216718170381028,0.0001567526206930656,7
318.36300325393677,0.0014487910456713591,0.0011832087508588888,0.0010483055576853443,0.000805615171592717,0.0,0.0008485922787714551,0.0,0.0008132983356560603,0.0003962286808524499,10
318.46117639541626,2.0430755048922602e-09,0.0016835889246562547,1.5898594599816054e-09,0.001680774653827321,0.0,0.0007681569671277963,0.0,7.33497445645242e-05,0.00021666231844888278,10
318.5626018047333,0.0014487892399866714,0.003131538194111523,0.001048304286238077,0.0028966437510154325,0.0,0.000832223235563784,0.0,0.00024097792294176015,0.00027417270661243934,10
318.6623442173004,0.0,0.0017825613968760205,0.0,0.0017782454841373209,0.0,0.0006260916310362216,0.0,0.0002986493057169598,0.00038001440389374,10
318.7614920139313,0.00069808204830691,0.0017802013520425725,0.0006980820480997422,0.0017747057939790868,0.0,0.0009803930333718066,0.0,0.0005768839580645739,0.000457636731058285,10
318.8614146709442,0.0002891581980117566,0.001869947526758373,0.000289158197925944,0.001864967210201595,0.0,0.0004960697323736051,0.0,6.116634386170124e-05,0.00020230779302674417,10
318.9609797000885,0.0011252607975284345,0.0010080614263946884,0.0011252607974328963,0.0009987099038995001,0.0,0.001237013003829227,0.0,0.0011354697268178141,0.0001725457106925612,10
319.0617256164551,0.0010483287496039042,0.002860522508930834,0.0010483287493146705,0.0028575403803152615,0.0,0.0005538363678846263,0.0,0.00014372123238132195,0.00027586908639710885,10
319.1612558364868,0.0,0.0017730253710609549,0.0,0.001768575680809477,0.0,0.000522618359740017,0.0,4.319977653456329e-05,0.0003818497387992252,10
319.26230907440186,0.0,0.0018169589497705762,0.0,0.00181201102569365,0.0,0.00027750371518278264,0.0,0.00015295848411226112,0.0002393559950176801,10
319.3634443283081,0.0014487910456507946,0.0030741673124946994,0.0010483055576569235,0.0028605788409917154,0.0,0.00035060843471407304,0.0,0.00011197542803715701,0.0002999054390044982,10
319.4615442752838,0.0014487910456507946,0.0011196350509645105,0.0010483055576569235,0.0007386116735760499,0.0,0.0005814292763467018,0.0,0.00031312420329735824,0.0005210120914509592,10
319.56289982795715,8.341152331319182e-07,0.0018369345966831772,6.710662985270654e-07,0.0018326810115946402,0.009495709382800968,0.008935871846611295,4.415347786557461e-09,0.0006212772513815748,0.0003387180500992423,10
319.66192173957825,7.898171587564541e-07,0.0017545301932240592,6.35345292527391e-07,0.0017495607002235526,0.008991412550131448,0.0013864234096266177,3.466914013876275e-08,0.001277663716101192,0.0005196989752039567,10
319.7617747783661,0.0010000263340185385,0.0021046425498621756,6.985327718589061e-08,0.0017727532698728363,0.0005042968326696029,0.0008585298970998436,1.2000614479723625e-09,0.0006882996012261286,0.00019060064012788426,10
319.8625273704529,0.0014917987254427743,0.0021336380288599468,0.0011069811179778425,0.0019464927984750792,0.0,0.0004377871605965282,0.0,0.0002930895688861299,0.00015918386534445193,10
319.96135354042053,0.0011070059885837356,0.0022218597205796177,0.0011070059882271276,0.0022177784943260485,0.0,0.0006863791231440476,0.0,0.0003650469104009862,0.0007066101130534566,10
320.06131649017334,0.0,0.0017656357239140429,0.0,0.0017610457203197298,0.0,0.0005072523266679385,0.0,0.00012405847300344901,0.00033468701283818485,10
320.1626486778259,0.0,0.0018213380288328287,0.0,0.0018167887626147749,0.0,0.0008580859451378767,0.0,0.0007621820779113565,0.00040153125614777617,10
320.26134848594666,0.0,0.0017504748278394594,0.0,0.0017449251657699221,0.0,0.000829167381037795,0.0,0.00029896925165591996,0.00022551479453289638,10
320.36268281936646,0.0014917979654677216,0.002458296173358175,0.0011070308589751876,0.0023027282040914555,0.0,0.0007625079071389157,0.0,0.00011580918397110529,0.00031452393625978187,10
320.4618022441864,0.0014917979654677216,0.0021922457134521444,0.0011070308589751876,0.0018826784394581255,0.0,0.0002942966545451555,0.0,0.0002394645596572239,0.0006226374986392876,10
320.56420516967773,8.784133079218652e-07,0.0018504441415918634,7.067051921816665e-07,0.0018440462083772159,0.010000006215470645,0.010146444917938192,5.526938925510234e-09,0.00017437793012346593,0.0003440939983224499,10
320.66203474998474,0.0007104643040765845,0.001808206733966226,1.437774883044106e-06,0.0017156965811698933,0.020000012430941,0.010250211265477538,2.373146703358424e-08,0.00014593247625639734,0.0003238016569548387,10
320.7615079879761,0.0004193605176184843,0.0018593245792401685,5.971279322734738e-07,0.001767116906034279,0.010000006215470304,0.0003419004527279568,4.031230925455239e-08,2.1271327096244737e-05,0.0003290615034082748,10
320.8617653846741,0.00029058129051278894,0.0018390363300694954,9.944751697121002e-09,0.0017887806747680078,0.0,0.0009166212512884451,0.0,0.0006010038235201948,0.0002324371522886564,10
320.9620680809021,0.0,0.0017810597445711252,0.0,0.0017765084285586074,0.0,0.0007835368126539506,0.0,0.0006457451436389941,0.00030418224176795294,10
321.0617210865021,0.0,0.00178388038429076,0.0,0.001778271723746494,0.0,0.000699315777267781,0.0,0.00010165941968713025,0.00030056513185845024,10
321.16136717796326,0.0,0.0017708173731047331,0.0,0.0017661571034023858,0.0,0.0007310169435181814,0.0,0.00032359629925126623,0.00020807536960961484,10
321.29698848724365,0.0,0.003242138444069595,0.0,0.0032305586833045624,0.0,0.0004152810767939816,0.0,0.00012839024059653186,0.00018616736354142127,13
321.3645133972168,0.001448789536684643,0.002084976462025943,0.0010483513677864086,0.001859366835874082,0.0,0.0007850383986412468,0.0,0.0005548289606148115,0.0002356147036280664,7
321.4623191356659,0.0009999989914716357,0.0020127047198197265,3.30420650278938e-08,0.0012441750244302525,0.0,0.0002554474533680411,0.0,0.0002366688175895603,0.0001908255658678073,10
321.56206250190735,0.0014487896787944788,0.0011526362208850371,0.0010483053858553876,0.0007428217407045513,0.0,0.0005718751973303442,0.0,0.00038006460151965657,0.00034639421361190185,10
321.6619954109192,0.0009999999503852808,0.0020914912183866803,3.4045829314816425e-08,0.00175946013651629,0.0,0.0011208541149111465,0.0,0.0006953302654140461,0.00011311230166280614,10
321.7620356082916,0.0,0.0017721300702678076,0.0,0.0017665632830921477,0.0,0.0007862463168335267,0.0,0.0005965023135404278,0.00047250990674423403,10
321.86178612709045,0.0,0.001784741628676342,0.0,0.001781081143150471,0.0,0.0006077480305063027,0.0,0.00016907783158928122,0.00024798550968229636,10
321.961767911911,0.0,0.0017665798946730937,0.0,0.0017614210064884567,0.0,0.0006278257204155509,0.0,0.00045934117989012373,0.0003592320224632928,9
322.06269884109497,0.0,0.0018255440692273978,0.0,0.0018192648612170392,0.0,0.0018562848848971136,0.0,0.001806875385837133,0.00044876173318263726,11
322.16205883026123,0.0,0.001761900570484452,0.0,0.0017557299997113382,0.0,0.0008905228972887101,0.0,0.00018749776940415552,0.0003261514927798852,10
322.26135182380676,0.0,0.0017685447819970484,0.0,0.0017638120914519036,0.0,0.000730497121181982,0.0,0.00014985036562222375,0.0004671667633051847,10
322.36233949661255,0.0011070063111469457,0.001957983888207761,0.0011070063108128182,0.001952352019091956,0.0,0.00040746856543490465,0.0,0.0003684669640050742,0.0002591553629179204,10
322.46141743659973,0.0011070063111469457,0.0021976069529452843,0.0011070063108128182,0.0021942656205299876,0.0,0.0003441835586918972,0.0,0.00011505546815791099,0.00022120850403962506,10
322.5614318847656,0.0015246165591637423,0.001601847507617509,0.0015246165591597865,0.0015952947567604299,0.0,0.0005213707629506841,0.0,0.0003388485023354871,0.0003266940294488849,10
322.66181898117065,0.0015246165591637423,0.0029272457871874096,0.0015246165591597865,0.0029241859117816963,0.0,0.00044526347161803656,0.0,2.1334045624452637e-05,0.0006812843882869194,10
322.7615954875946,0.0,0.0017783115506059437,0.0,0.001773585499729231,0.0,0.0007150965618191348,0.0,0.0005994811725325444,0.00018037127555581032,10
322.8618195056915,0.0010144764177841593,0.001956542654357025,0.0001707461715376131,0.0017563755478036786,0.0,0.0003299001957271741,0.0,0.00026318923460356367,0.0005054622860525657,10
322.96141839027405,0.001259339350967019,0.0021172919890218495,0.0007654891266676199,0.0018032259035893022,0.0,0.0004046790991909139,0.0,0.0003945965470045991,0.00022834045144649477,10
323.06291699409485,0.0009362352965120724,0.002225804107262909,0.0009362352962277168,0.0022216739808935742,0.0,0.0008680697289828501,0.0,0.0004921259434632024,0.0003319154394243096,10
323.1627595424652,0.0,0.0017750332507198358,0.0,0.001769518069985975,0.0,0.0003838838117599793,0.0,9.634552031907167e-05,0.0003291786855432344,10
323.2614858150482,0.0,0.001722319068620382,0.0,0.0017162653583695164,0.0,0.0006571459238460581,0.0,0.0004185686853132634,0.000298510022928669,10
323.36195611953735,0.0,0.0018136296984235594,0.0,0.0018093403376832021,0.0,0.0012670567809657373,0.0,0.0011393563659616733,0.00023042288928456063,10
323.46152663230896,0.0010483277840455658,0.0007478425439146116,0.0010483277837705337,0.000734428203928042,0.0,0.0009411703955288488,0.0,0.0007850690861001292,0.0006450546408896578,10
323.5644314289093,0.001448790546411957,0.003056851580736891,0.0010483511959937586,0.002937428464919249,0.0,0.0007794252275568246,0.0,0.0005875144441403969,0.0002036990037150508,10
323.6618580818176,0.0014917990602950231,0.002429335587202827,0.001106980821166027,0.002170079141438558,0.0,0.0014398508831484245,0.0,0.0014214744956001265,0.0003155132247366326,10
323.7614607810974,0.0014917990312213433,0.0021061400697544534,0.001106980846998605,0.0019179561883955422,0.0,0.000631475872714517,0.0,0.0002853282726384519,0.0003592379460996454,10
323.8618290424347,0.0014487906137765141,0.0013780750366566507,0.0010483519416618757,0.0007729274559862563,0.0,0.0006350392112759552,0.0,0.0005515434353900852,0.00016382473373147157,10
323.9619069099426,0.0010483287496607474,0.0028124859273305973,0.001048328749371514,0.0028085624605104624,0.0,0.0006633920516323715,0.0,0.00047335641439529295,0.00030340053189132526,10
324.0620129108429,0.0,0.0017776692508882225,0.0,0.0017729641374258022,0.0,0.00023827277475321008,0.0,0.00015134037434817838,0.00022075892050682622,10
324.1628170013428,0.0,0.001812111177546377,0.0,0.0018062680860443533,0.0,0.00041264135171238214,0.0,0.00021419925486184142,0.0001769926138883613,9
324.26277112960815,0.0011070063369539266,0.0019206744157731377,0.0011070063366215648,0.0019159761894353448,0.0,0.000922384651409762,0.0,0.0007173544621432732,0.0003962369368123242,11
324.363303899765,0.001491798808173135,0.002434885777720709,0.001107031181559054,0.0022738500807607917,0.0,0.0009600899501753922,0.0,0.00047364681773937213,0.00040954210973754017,10
324.46218061447144,0.0031778913781152153,0.0041656642970244965,0.0010482589183771196,0.0027728746432566023,0.0,0.0006725062633690778,0.0,0.0006415834074050715,0.00048356465980324407,10
324.5624589920044,1.3171073082397816e-09,0.001777222141331956,1.2012268852916952e-09,0.0017745584736873934,0.0,0.0002889938363912518,0.0,0.00026025509571149036,0.0002450713648574,10
324.6621766090393,0.001448789241001541,0.0011418245658236094,0.0010483045061783485,0.0007558943389177608,0.0,0.0006669424210912607,0.0,0.0003874404048710549,0.0006093918849589089,10
324.7615420818329,0.0010000000223643545,0.00195514146948289,3.421533014809344e-08,0.0017485149622373129,0.0,0.0004256795003412636,0.0,0.0002809078362188485,0.0004642060364680193,10
324.8614659309387,0.0,0.0017777933367615685,0.0,0.0017733005653638293,0.0,0.00045001570899435504,0.0,0.00017707214333880986,0.0002651531189572932,10
324.9618899822235,0.0,0.0017858528101586425,0.0,0.0017805229787673659,0.0,0.0006218139380976288,0.0,0.0003644166875619642,0.0002628237468904491,10
325.0615141391754,0.0,0.001757264626145482,0.0,0.001750782704628108,0.0,0.0003458874674375257,0.0,0.00014993230065470605,0.0002854107025695893,10
325.16159677505493,0.0011070060143906746,0.00225557023134843,0.0011070060140358912,0.0022517965191720907,0.0,0.0004100381559826846,0.0,0.00027823909168950517,9.540132508816189e-05,10
325.2623541355133,0.0011070060143906746,0.0019399824703193948,0.0011070060140358912,0.0019356363678527354,0.0,0.0011525296971549074,0.0,0.00010287227393669795,0.0005163725620847017,10
325.36214447021484,0.0,0.0017838481063915622,0.0,0.0017798707861561558,0.0,0.0003076339083633776,0.0,0.00016471640443323842,0.0004474902627596066,10
325.46154737472534,0.0,0.0017517642970424636,0.0,0.0017468899759368378,0.0,0.0006415842757651443,0.0,0.00041066513066612587,0.00025829938525773606,10
325.5626850128174,0.0018233104861014563,0.0032689091307440427,0.0015246511505549389,0.0031521557770564286,0.0,0.0006402714552950097,0.0,0.0005718772151162125,0.0005665999223776986,10
325.6628534793854,0.0015180410292127255,0.0013331066585292794,0.0011421544188061873,0.0007178754295181476,0.0,0.0006141563614064445,0.0,0.00035524899842946314,0.00014193954365433864,10
325.76138186454773,0.00020047056797081283,0.0017082684625833048,0.00020047056791131976,0.001703066008306489,0.0,0.0007809399255310294,0.0,0.00018926648074784938,0.0002911000773610834,10
325.86294984817505,0.0004532676653156252,0.0017962004713755113,0.00045326766518111026,0.0017903979880083667,0.0,0.000488631519244833,0.0,0.0003312480662284899,0.00011415906802899235,10
325.96283864974976,0.0,0.001782308362874441,0.0,0.0017772269959964125,0.0,0.0011366415505572297,0.0,0.0008002888619027063,0.0003544400795796876,10
326.061616897583,0.0,0.0017314315265908426,0.0,0.001725149854561887,0.0,0.0008168673058390455,0.0,0.0008111185140073494,0.0002227893493635139,10
326.16151762008667,0.0,0.0017666786150898326,0.0,0.0017617038641420991,0.0,0.0007172562048559556,0.0,0.00028248119359389694,0.0004399193790875105,10
326.2623119354248,0.0,0.0018240115617334006,0.0,0.0018200720192293664,0.0,0.0006624060530948329,0.0,0.0003045960404062113,0.00026555501839865673,10
326.3616621494293,0.0011070058986020633,0.0018924677045224411,0.0011070058982735403,0.0018872488440635404,0.0,0.0010850603803150584,0.0,6.319309520970179e-05,0.0004693761214622757,10
326.46204566955566,1.06697526508566e-09,0.0017945829669208258,7.65797950777246e-10,0.0017891569077460292,0.0,0.0009835509947119614,0.0,0.0006942497942724297,0.0001904161364732198,10
326.5624930858612,0.0018233092996611578,0.0032689208147446015,0.001524650613881313,0.003155139710232785,0.0,0.000764003181735377,0.0,0.0005382094646293552,0.00045624246672069425,10
326.661652803421,0.0014487891109746028,0.0013410027592312326,0.0010483511478437282,0.0007401669963255704,0.0,0.0009004009466814883,0.0,0.00034315609689876885,0.0003769953220091757,10
326.763019323349,0.0,0.0018309652213585345,0.0,0.0018269364786127834,0.0,0.0009848299172142976,0.0,0.0005454400913333182,0.00037794667061848006,10
326.8617687225342,0.0,0.0017314331276315602,0.0,0.0017264734899770128,0.0,0.0010435355417259715,0.0,0.0009662157133127296,0.0006002764252329852,10
326.9611556529999,0.0011070058986020633,0.0022350248451267858,0.0011070058982735403,0.0022314038020285402,0.0,0.000916682452955705,0.0,0.0007217766703099453,0.0003665213222232151,10
327.0629484653473,0.0014917977455004003,0.0022909857095326975,0.0011070304206271633,0.0019773632344970474,0.0,0.0006018544171033955,0.0,0.00029741739261685213,0.00038913923264783,10
327.1631317138672,0.0019999981006364274,0.002559863257700842,6.774071145072252e-08,0.0017852926418484042,0.0,0.0006336032841538689,0.0,0.0006111259907769382,0.00047782877760224547,10
327.2636299133301,0.0009999990503182137,0.002120474988826222,3.387035572536126e-08,0.0017941262540411953,0.0,0.0006748447044593865,0.0,0.00032962961754450025,0.00011354746433369151,10
327.36133098602295,0.0015246157628541167,0.0010267480230002051,0.0015246157619992753,0.001018605499224243,0.0,0.0005478855709108392,0.0,0.00043378363130361234,0.0003353034483752722,10
327.46287274360657,0.0010483275640922334,0.0029131583959097324,0.001048327563822722,0.0029096417462706314,0.0,0.0005513206430339604,0.0,0.00035713052023104286,0.0003041523204752573,10
327.5630135536194,0.001107006775305812,0.002237611317610992,0.0011070067749695894,0.0022333980996057396,0.0,0.0007621065117424501,0.0,0.0001070911448661408,0.0004683781500062396,10
327.66195583343506,0.0,0.0017429723367272244,0.0,0.0017383177816466871,0.0,0.0005953169354320003,0.0,0.0002962479208786952,0.00044107538161968526,10
327.76248931884766,0.0,0.0018058892350848157,0.0,0.0017995702179704862,0.0,0.0013198068118218658,0.0,0.0012816728222486166,0.000395692367992615,10
327.8612368106842,0.0,0.0017265413216653591,0.0,0.0017221181481009984,0.0,0.0010352860328515434,0.0,2.3215147338370055e-05,0.0002682685168065317,10
327.9654266834259,0.0010483287496607474,0.0009124567643724979,0.0010483287493715137,0.0009019791983119689,0.0,0.001425949760832926,0.0,0.0010539081634374262,0.0008575510408175111,10
328.0639135837555,0.0010483287496607474,0.002699120237392878,0.0010483287493715137,0.002696120838587781,0.0,0.0005682773884113278,0.0,0.00027206235696957423,0.000279686577508936,10
328.16303873062134,0.0,0.001752077574675609,0.0,0.0017471779891516405,0.0,0.0010541740957537983,0.0,0.0004876204229312043,0.0002275811909701156,10
328.2647886276245,0.0,0.0018461525214919729,0.0,0.001841042473810792,0.0,0.0007008159741873218,0.0,0.0004841213481661666,0.00047966164930423883,10
328.36283254623413,0.0019529671484250382,0.0028019313259376156,0.0011069663383907553,0.002191302860270624,0.0,0.00044143869404533417,0.0,0.00011163610051041229,0.00032447293919297184,10
328.4628372192383,0.0011282352641869193,0.0019389544698585348,0.0011070004604295397,0.0019351779358439524,0.0,0.0007166922881611065,0.0,0.00029940167091396975,8.773639468609989e-05,10
328.5618622303009,0.0013910815236369638,0.002141531835375225,4.704160557815737e-08,0.0017377656749818923,0.0,0.00022069866991497052,0.0,0.000214465291111395,0.0007385397670469202,10
328.6612596511841,0.0,0.0017502519212399788,0.0,0.001745677479833693,0.0,0.0006959271041480662,0.0,0.0004156324414537686,0.0004029079680255259,10
328.76262044906616,0.0,0.0018432539323743147,0.0,0.0018382197978784327,0.0,0.0002984800342114117,0.0,0.00016230613633119297,0.00040609361598692163,10
328.8616271018982,0.0010000000943434686,0.0020785217695347357,3.438538127015713e-08,0.0017505191410454493,0.0,0.0004437847202058943,0.0,0.0003330016025605764,0.00033626127553866434,10
328.96165132522583,0.0010000000943434686,0.0019870713659977763,3.438538127015713e-08,0.0017835727258675147,0.0,0.0005266216842829936,0.0,0.0004964579148662292,0.0002652104663376105,10
329.0617151260376,0.0,0.0017892352440544406,0.0,0.0017831519554549122,0.0,0.0007177910016582819,0.0,0.00026104708133261164,0.0001912256119068678,10
329.1620852947235,0.0,0.0017840594519291408,0.0,0.0017786293366935093,0.0,0.0005813190810705757,0.0,0.00021166597356593624,0.0003375707624342268,10
329.2621896266937,0.0,0.0017910136447797456,0.0,0.001784528318944965,0.0,0.000658654798083554,0.0,0.0003431064636050759,0.0002495262651716228,10
329.3617241382599,0.0,0.0017559494296357188,0.0,0.0017511624366429426,0.0,0.0007061281468116347,0.0,0.00026880305597797434,0.00048284819695165737,10
329.4613823890686,0.0015246160575883025,0.0015776927150483219,0.0015246160575867992,0.0015724538449737738,0.0,0.0008277715085590172,0.0,0.0008139865861885794,0.00022319258425462443,10
329.5954039096832,0.0018233097314901813,0.004812929985505428,0.0015246182523499388,0.004645739531566827,0.0,0.0008051047920046569,0.0,0.0007629067111142101,0.00014208524180886112,13
329.66194891929626,0.001000000922438621,0.0008977953646912015,3.439197668240686e-08,0.0007925576266227212,0.0,0.0008926817599774308,0.0,0.0006031469991486436,0.0005148404655535272,7
329.7616710662842,0.0,0.0017639297069869293,0.0,0.0017589138220874545,0.0,0.000962805278645347,0.0,1.3003791501582285e-05,0.0004087609455227221,10
329.8619854450226,0.0,0.0017874007077459204,0.0,0.0017821434300450889,0.0,0.0009960977504467903,0.0,0.000994248293066377,0.0005648753492512316,10
329.96167612075806,0.001000000922438621,0.0019597838974463665,3.439197668240686e-08,0.001765785926955777,0.0,0.00035463851316711373,0.0,0.00024181327255074178,0.00020126134681712775,10
330.06176567077637,0.001000000922438621,0.002104905617629403,3.439197668240686e-08,0.0017755281193005084,0.0,0.0005327790675064085,0.0,0.00023246829550907475,0.00019517628253408012,10
330.16136384010315,0.0,0.0017589278355701528,0.0,0.0017549809231703728,0.0,0.0008229460997098426,0.0,2.5641040207899246e-05,0.0002367653593440138,10
330.2613248825073,0.0,0.001779787261151885,0.0,0.0017742871020986995,0.0,0.0008280675796566613,0.0,0.00011128535578469416,0.0001770222824026427,10
330.3618893623352,0.001000000922438621,0.002135594951998729,3.439197668240686e-08,0.0017979182627989433,0.0,0.0010923601623316803,0.0,0.0008553073144516609,0.0001848025604055902,10
330.4617347717285,0.0014487905463913908,0.00295160233995342,0.0010483511959653365,0.002822589858788821,0.0,0.00030103243743369784,0.0,0.00015787373629332186,0.0003612587949851009,10
330.562402009964,0.0014487891109902647,0.0013804747508286128,0.00104835114787215,0.0007848096565689037,0.0,0.000500883846671066,0.0,0.0004219001296308144,0.00033832632010212754,10
330.66156792640686,0.0009999988932067445,0.0019451502327205836,3.418907466208669e-08,0.0017562407702555783,0.0,0.0004464844136499272,0.0,0.0002780157007242316,3.527272702480095e-05,10
330.7621064186096,0.0,0.0017914642395938298,0.0,0.0017863038108040079,0.0,0.00032162580341263766,0.0,4.105865450121675e-05,0.0002960985155842305,10
330.8612930774689,0.0,0.0017486688240838687,0.0,0.0017429354614555254,0.0,0.00019546417341992342,0.0,0.00014870201465004012,0.00018215514498006233,10
330.9612994194031,0.0,0.001794230327262355,0.0,0.0017891502924524568,0.0,0.0003724583929421713,0.0,5.730677584362452e-05,0.00035968314747767376,10
331.0614356994629,0.0,0.0017925400115226232,0.0,0.0017876659242581317,0.0,0.0006128914477136569,0.0,0.00014007394855168224,0.0007095780470353735,10
331.1620054244995,0.0009999988932067445,0.00198719981127467,3.418907466208669e-08,0.001798762644886175,0.0,0.0006412758922881472,0.0,0.00028814987162334275,4.594540681090036e-05,10
331.26181292533875,0.0009999988932067445,0.002110046914097351,3.418907466208669e-08,0.0017785548315394832,0.0,0.0005276072898212841,0.0,0.00046097558722350525,0.00023245756557639137,10
331.3619406223297,0.001048328749632326,0.0028064443312076338,0.0010483287493430924,0.0028031802063212086,0.0,0.0006369131594080287,0.0,0.00021484715486756088,0.00010264011508834331,10
331.4617428779602,0.001048328749632326,0.0007720132174099531,0.0010483287493430924,0.0007606354962674731,0.0,0.0004273858993485792,0.0,6.785515615478995e-05,0.0002677559497482835,10
331.56223607063293,0.0,0.0018000304841404517,0.0,0.0017943370608980759,0.0,0.0013375260609810003,0.0,0.00040921262615041976,0.0002672298836802717,10
331.6615436077118,0.0,0.0017410153063184784,0.0,0.001734443711475252,0.0,0.0004181102753838881,0.0,0.00031544652382090716,0.000514722089549774,10
331.76133608818054,0.0,0.0017614461742476543,0.0,0.001756043529811117,0.0,0.0008255021233816808,0.0,4.8933094274466835e-05,0.000380327995117698,10
331.86212968826294,0.0011070062211661813,0.0022772543794730695,0.0011070062208592207,0.00227224766917463,0.0,0.00014654115831691064,0.0,5.3857646829971606e-05,0.0004007201389988867,10
331.9615070819855,0.0011070062211661813,0.0019022815631112523,0.0011070062208592207,0.0018978267167158171,0.0,0.0011140489957859178,0.0,0.00015448456976818983,0.00018422735323260858,10
332.0618495941162,0.0,0.0017930070615978493,0.0,0.001787511395236763,0.0,0.0005820091508225643,0.0,0.00012535842262096972,0.0003547018314408192,10
332.16242146492004,0.0010000000223643476,0.002008582312428333,3.421533014809344e-08,0.001806775151822866,0.0,0.0011576375401742861,0.0,0.0002030319587107688,0.00018565486213266622,10
332.2616958618164,0.0010261653446504483,0.002074128275977596,7.141349808609517e-07,0.0017363512442902945,0.01000000621639158,0.010043470260181125,2.5605378531144366e-05,0.00035748779165852284,0.00019346511229063255,10
332.36181020736694,0.0015269249360379828,0.0029202409276708726,0.0015260278591635314,0.0029189576008162737,0.020000012432783286,0.010330999904643201,5.124554144028471e-05,0.00026703474123672703,0.00039145772023508745,9
332.4619040489197,0.0014310764373957293,0.0011434297004483962,0.0010488553497566549,0.0007755886219247199,0.010000006216391827,0.0006732848747369438,2.5570593364370822e-05,0.00038211236195799444,9.304715799667936e-05,10
332.5618562698364,0.0018233084846886144,0.0033331650558697584,0.0015245825447736034,0.0031333927271274334,0.0,0.0005661862980965015,0.0,0.00013974456913842576,0.00044714740582339757,11
332.6615068912506,0.001048328749632326,0.0007766479255402907,0.0010483287493430924,0.000765100823971096,0.0,0.0008150580327557993,0.0,0.0007316889959170248,0.0004693410545493488,9
332.76152777671814,0.0,0.001781375190213548,0.0,0.0017773079548316414,0.0,0.0008101453102448509,0.0,0.00035704545405697665,0.00036342820220799834,11
332.8616831302643,0.0,0.0017810213782117328,0.0,0.0017754270947806328,0.0,0.0007803242452341646,0.0,0.0005098152851204175,0.0004467634948289783,9
332.96171522140503,0.0008880080501321443,0.0009251154601549602,0.0008880080498871433,0.000916647065456545,0.0,0.0005607743778149974,0.0,0.00015932322869652245,0.0005051146805329758,11
333.0625014305115,0.00123674119602701,0.0026737999629740917,0.0007277106287255555,0.002526453636727865,0.0,0.0005006718013885579,0.0,0.0002760747994679708,0.0003266845819202737,9
333.16129636764526,0.0010127699688531988,0.00220230995769741,0.0001602974234288782,0.001906790931174745,0.0,0.00024106337896858592,0.0,1.320239080644692e-05,0.00030459518595341635,10
333.2614076137543,0.0010299424026605098,0.0026618925458355017,0.0007452383751505992,0.002523137322097,0.0,0.00044598797995571213,0.0,0.0003551743823113027,0.00015178502547450766,11
333.361857175827,0.00044399714106828955,0.001344291513081523,0.0004421819911109332,0.0013318678130165768,0.0,0.0007569061082885885,0.0,1.5621284394677457e-05,0.00034928840704035385,10
333.46133160591125,0.001351371835739611,0.0028314452801973004,0.0013344984040481133,0.002830517634711484,0.0,0.0009225807265888222,0.0,0.0007267219761374132,0.0006016365541928393,10
333.5618495941162,0.0016167841167529467,0.001143958163900965,0.0015245978418327128,0.001068859734776693,0.0,0.0009651698097413812,0.0,0.0005037163270485561,0.00022372091126311345,10
333.6611247062683,0.0,0.0017442699233344142,0.0,0.001739738056967013,0.0,0.0005252929262513769,0.0,0.00020494729482116667,0.00022903187948295539,10
333.7624273300171,0.0,0.0018243548029035052,0.0,0.0018194281536907239,0.0,0.0008766132161801659,0.0,0.000414511328751877,0.0004236278986529229,10
333.8618230819702,0.0,0.0017608293508441586,0.0,0.0017549695793633471,0.0,0.00039058170461133595,0.0,0.00015430505157774794,0.0002329177764239138,10
333.9617774486542,0.0,0.001784472276904047,0.0,0.001779136136965107,0.0,0.00031638974585785945,0.0,0.00015981878832610865,0.0004176426235010042,10
334.061146736145,0.0,0.0017626992974557431,0.0,0.001757272785922751,0.0,0.001081427767428687,0.0,0.000938741280296357,0.0005916247372484856,10
334.16156697273254,0.0011070058986020633,0.002279330914051043,0.0011070058982735403,0.002274568935307324,0.0,0.00035249080733168876,0.0,1.808422090469284e-05,7.075016407775924e-05,10
334.2613134384155,0.0011070058986020633,0.001928035937383559,0.0011070058982735403,0.001923069753180663,0.0,0.0005976692918700415,0.0,0.0005466483734464757,0.0002714946790278318,10
334.3614933490753,0.0011070058986020633,0.001931847678819072,0.0011070058982735403,0.0019275249288037838,0.0,0.0005524978596702317,0.0,0.00034103676189399025,0.0003052505923900996,10
334.46221899986267,0.0018233082081849379,0.001970082843583842,0.001524613677768567,0.0016063818203869693,0.0,0.001326570166067803,0.0,0.00048178538728681084,0.0004377376450268773,10
334.562358379364,0.0014487899873078447,0.002922947785787831,0.0010483512818506883,0.0028008545993207655,0.0,0.0008563843675613843,0.0,0.0002565041137385716,0.0003281042659712926,10
334.6616220474243,0.001000000094350575,0.00195672350907955,3.4385401848361127e-08,0.001751060538454337,0.0,0.0007287177572683593,0.0,0.00019150490106323382,0.0001860265422049161,10
334.76125288009644,0.001000000094350575,0.0020952020404413274,3.4385401848361127e-08,0.0017536369344661573,0.0,0.000454450436966593,0.0,0.00038818762164059085,0.0001488121530477272,10
334.8622045516968,0.0,0.0018220598857321298,0.0,0.0018166496962181223,0.0,0.0007697165158806648,0.0,0.0006992412266157766,0.00019884712107145003,10
334.962931394577,0.0,0.0018021585512732875,0.0,0.0017956430679502615,0.0,0.0005825105154288667,0.0,0.0005403229855292872,0.0004883523858232543,10
335.0614595413208,0.0,0.0017306076195715244,0.0,0.0017263875809052343,0.0,0.0010535337756828367,0.0,0.0009693248954820302,0.0004129737516055677,10
335.1629316806793,0.0,0.0018202663879795782,0.0,0.001815486006003445,0.0,0.0005761213566682552,0.0,0.00012024816913116665,0.0002450283222229078,10
335.26141119003296,8.784132981323347e-07,0.0017365171698237698,7.066141142815549e-07,0.001732129344265919,0.010000006215476642,0.010598071763878877,4.031276725442652e-08,0.0006776423073235619,0.000685739503192002,10
335.36118936538696,0.0011254749522239117,0.002091249344004197,0.0005144222108082558,0.0017606379805243347,0.020000012430953135,0.00907768372527201,1.1541087939345776e-07,6.610744570832455e-05,0.0003427588763329792,9
335.4626958370209,0.0010036202508187186,0.0020091978027839026,7.9593048973499e-05,0.0018086319717999825,0.01000000621547684,0.0003958907831277064,5.527396925384365e-09,9.222680408965947e-05,0.000224316435710362,11
335.56178545951843,0.0011629242356736478,0.0022361397537666084,0.0005936038958504335,0.0019348554462723455,0.0,0.0011757467080435206,0.0,0.0010532614051490597,0.0002047258160542352,10
335.6613895893097,0.0014917983698741135,0.0021170550802451903,0.0011069822531374906,0.0019299928346441877,0.0,0.00046789204072976643,0.0,0.00012149125679209217,0.00043841956243657773,10
335.76159048080444,0.0011070067753342337,0.00227076882946917,0.001107006774998011,0.00226581845281083,0.0,0.0008772164437947778,0.0,0.0006466155826284434,0.0002899655023032961,10
335.86162543296814,0.0,0.001780088898034955,0.0,0.0017752935870759214,0.0,0.0004317448311135788,0.0,0.00032530166183348093,0.0004397214429895094,10
335.96311831474304,0.001048328749632326,0.0008411380919101767,0.0010483287493430924,0.0008298523042035367,0.0,0.0006455113346245743,0.0,0.00024930241160954833,0.0002678559160954102,10
336.0616240501404,0.001048328749632326,0.002752818245339294,0.0010483287493430924,0.0027502753786025156,0.0,0.0004512692787307786,0.0,0.00017931082896334362,0.00033721401797733627,10
336.16197896003723,0.0,0.0017978396620397183,0.0,0.0017915650261009326,0.0,0.0002554762286909136,0.0,0.0001249670209665362,0.0005900849495781286,10
336.26275873184204,0.0,0.0018125323446579048,0.0,0.0018072800964235723,0.0,0.00039129614328129494,0.0,0.00020872433456970192,0.0004939094628541948,10
336.3615732192993,0.0,0.0017077023157566079,0.0,0.001703453147023802,0.0,0.00013018735998493501,0.0,5.723187660520861e-05,0.0002951679574197609,10
336.4612135887146,0.0010000000223643476,0.00208671728180703,3.421533014809344e-08,0.0017481373057548742,0.0,0.0010998228453187897,0.0,0.00044010453588547746,0.00016753624372191055,10
336.56257033348083,0.0015246170688609716,0.003196482129000203,0.0015246170679488601,0.003194806447969883,0.0,0.0005639392212891754,0.0,0.0004517189322261208,0.0002705072368361489,10
336.662095785141,0.0015246168989019018,0.0010454308627791352,0.0015246168979872988,0.0010355148104743126,0.0,0.0003833354543730866,0.0,0.00020870415471358115,0.0001824310477521125,10
336.7621760368347,0.0010005220538216262,0.0019994555198652674,7.406571285871933e-07,0.0017955005100483536,0.010000006215476642,0.009838639309167957,4.031276725442652e-08,0.0005670564691736237,0.00022935123918656485,10
336.8619179725647,8.784132898543382e-07,0.0017600237535407286,7.065230166773525e-07,0.0017539607919511318,0.010000006215476448,0.000464745189797439,7.509813758346869e-08,7.367312799609519e-05,0.00019287343755723898,10
336.9622333049774,0.0,0.0017978066665721183,0.0,0.0017924377714308257,0.0,0.0004935925582188988,0.0,0.0001247630297309312,0.0002443187220110167,10
337.06228828430176,0.0,0.0017750628459742754,0.0,0.0017705404100372198,0.0,0.0001953915836271391,0.0,0.00011599519832998413,0.00021659366863070303,10
337.1617782115936,0.0,0.0017608272648593254,0.0,0.001755911803310907,0.0,0.00038687552495119255,0.0,6.204900768201314e-05,0.0004946619876656712,10
337.2619118690491,0.0,0.0017760206126389432,0.0,0.0017720670552305799,0.0,0.0007891356434940279,0.0,0.000609312003906576,0.0006105729349569066,10
337.3626697063446,0.0,0.0017970032097250088,0.0,0.0017920296523037476,0.0,0.0009384650650612051,0.0,0.00043730708013495147,0.00030502631909509086,9
337.46152687072754,0.0011070063369539264,0.0022076325507085154,0.0011070063366215646,0.0022043745622056746,0.0,0.0006391086504438888,0.0,0.00042917327974020206,0.00011798262079765114,11
337.5623962879181,0.0010000010075567284,0.001996288769573432,3.390267228339943e-08,0.001804330445194537,0.0,0.0007864246157751561,0.0,0.000433966208093547,0.00048138368794887944,10
337.6613485813141,0.0014917994309327231,0.002172428189251938,0.0011070310658233256,0.001871184109592492,0.0,0.0006449573667089977,0.0,0.0006174391609622622,0.00014221522587667742,10
337.7616937160492,0.0014487898149948056,0.003032812861677612,0.0010483043721811625,0.0028143232599515877,0.0,0.0006107106180278189,0.0,2.607651076288825e-05,0.000278624677631333,9
337.8631558418274,0.0014487898149948056,0.0011800760868425025,0.0010483043721811625,0.0007898205046534766,0.0,0.0005122843183907787,0.0,0.0001452177973245859,0.0003090721876279868,11
337.96365571022034,0.0,0.0017838521015844416,0.0,0.001778616731089004,0.0,0.0008993430498929113,0.0,0.0008572872774485201,0.0003541229260646241,10
338.0625784397125,0.0,0.001750271962059138,0.0,0.0017435820465706235,0.0,0.0004460522223022553,0.0,8.528098956908998e-05,0.0003607922304539258,10
338.1614043712616,0.0,0.0017322113646647422,0.0,0.001727877815458205,0.0,0.000159997017007081,0.0,4.370826590770722e-05,0.00016468857490080336,10
338.2623875141144,0.0,0.0018091823426959217,0.0,0.001802563770828376,0.0,0.0007744582120866873,0.0,0.000552512173365853,0.00019433344731181862,10
338.36122727394104,0.0,0.0017469756357173362,0.0,0.0017420169675176943,0.0,0.000313754454800973,0.0,0.00012545610625901282,0.00046761697532213774,10
338.4621548652649,0.0014918208743311065,0.00212889190352903,0.001107394859163689,0.001941106895712529,0.008125193072895023,0.008014586013120748,3.5404357158929866e-08,0.0004233069720934029,0.0004380308371935496,10
338.5647692680359,1.2453542245836412e-06,0.0018867227332406628,1.0060227177803735e-06,0.0018773972802008335,0.016250386145789872,0.007952627644770569,4.784383729582055e-08,0.0009512411225012143,0.0002296606824567276,10
338.66143465042114,0.0014917753365275715,0.002362626536908882,0.0011066703084890797,0.0021105305369974363,0.00812519307289495,0.0008633355755051179,5.836918329209414e-08,0.000761966555409365,0.00022837105539901534,10
338.76275300979614,0.0,0.0018241269141663471,0.0,0.0018185073870819412,0.0,0.0009605104483623666,0.0,0.0007161513621969137,0.00026883492796576464,10
338.86304330825806,0.0,0.0017927153538640924,0.0,0.0017888016372006822,0.0,0.0007041406774292776,0.0,0.0005951730930491737,0.00022467404641597052,10
338.9626178741455,0.0,0.0017496624761033878,0.0,0.0017437207514899363,0.0,0.0006438483143147751,0.0,0.0001533622445879648,0.0003567483861273423,10
339.0625035762787,0.0,0.0017896975762168707,0.0,0.0017861979644246888,0.0,0.0007847080657504419,0.0,8.22750900608493e-05,0.0002591845009865731,10
339.16206645965576,0.0,0.0017583114641862656,0.0,0.0017526196557184077,0.0,0.0002585957973478013,0.0,5.146948966418286e-05,0.000339602582140322,10
339.2618396282196,0.0,0.0017661689383491948,0.0,0.00176142244895686,0.0,0.0004740189057684675,0.0,0.00037030595413178706,0.0003325802966933593,10
339.36608719825745,0.0,0.0019442717490775593,0.0,0.0019380921235777639,0.0,0.001091475410229703,0.0,0.0008361346748098692,0.0003039664256676638,10
339.4646325111389,0.001049204803976521,0.0007188431227041105,0.0010488791217855252,0.0007012039672506707,0.010000006216398445,0.01056323139701233,2.560468634066793e-05,0.0006224968714342832,0.0003797220201687461,10
339.56383442878723,0.0015090422187781886,0.002402065917366278,0.0011065797231970453,0.002228072590960633,0.010000006216398445,0.0003891152945448933,2.5639470769552786e-05,0.0001220332800763535,0.0003029755438519576,10
339.66288685798645,0.0014918000040896476,0.0022215748989012074,0.0011070312852109628,0.001897745258219471,0.0,0.0005590146279877588,0.0,0.0004894319348974688,0.0004369222187334852,10
339.76277256011963,0.0010483277840455658,0.002809174286534449,0.0010483277837705337,0.0028059561825344325,0.0,0.0006042243648738423,0.0,9.894032249895835e-05,0.00020644056419858806,10
339.86187744140625,0.0,0.001754058258025159,0.0,0.001748693803880635,0.0,0.001036109420431666,0.0,0.00037737291580206244,0.000482443738793717,10
339.96187949180603,0.0,0.0017760022820558637,0.0,0.0017718948671495468,0.0,0.0009330046272553425,0.0,0.0009238951811968624,0.00021057801521875727,10
340.0628824234009,0.0011070066337393158,0.0022868682201850656,0.0011070066334269366,0.0022829637455786763,0.0,0.0012397201528798938,0.0,0.000774458640521243,0.00037629646116617364,10
340.16257524490356,0.0011070066337393158,0.0019141141242120636,0.0011070066334269366,0.0019093528990467776,0.0,0.0005205148097623286,0.0,0.0004870527389572174,0.0004450602832761003,10
340.2963194847107,0.0,0.003170036605103712,0.0,0.003162387765548502,0.0,0.000661743351269014,0.0,0.00037147195952334105,0.0003459920342589628,13
340.3622844219208,0.0016196938989109849,0.001941210770944529,0.0012741219894707022,0.0016980760192222511,0.0,0.0005311366599432597,0.0,0.0003294900824377367,0.00022769846408279986,7
340.4627459049225,0.00021333639907339106,0.00166112054475792,0.00021333639896590657,0.0015175275310865513,0.0,0.0004888761004455471,0.0,0.00014952829229929272,0.00029362165554407425,10
340.56226563453674,0.0016196957884419597,0.0029680321027538118,0.0012740991545237411,0.002743758555044466,0.0,0.0011165363084746514,0.0,8.742199382013556e-05,0.0002364351957171595,10
340.66168093681335,0.0010483292753974576,0.0007490148293451029,0.00104832927509019,0.0007344974553273743,0.0,0.0007254573160971429,0.0,0.00041573385323623156,0.0004307806227106294,10
340.7616949081421,0.0011070066595463383,0.0022400753120627487,0.001107006659235667,0.0022365622545897,0.0,0.0005751702639088742,0.0,0.0003207463801749362,0.000543906276825508,10
340.8629479408264,0.00149179836986935,0.002149093861763037,0.0011069822531374902,0.0019669703862589924,0.0,0.0006972077636734868,0.0,0.0006636377676497869,0.0002486230695293986,10
340.9619779586792,0.0010000001074825906,0.002061762663188799,3.3727282295356655e-08,0.0017402744502119094,0.0,0.0006762387527546993,0.0,3.9768296698726646e-05,0.00024349836945054983,10
341.0719554424286,0.0,0.0021716822770060542,0.0,0.002166245147090795,0.0,0.001234008678408547,0.0,0.00021547436559407734,0.0003156707338760542,11
341.16707015037537,0.0011070063369539266,0.0021109666388472036,0.0011070063366215648,0.00210728531769228,0.0,0.0003081642667167225,0.0,9.748680979830709e-06,0.0001675187084805891,9
341.2620873451233,0.0011070063369539266,0.0017902828932415892,0.0011070063366215648,0.0017867879402705792,0.0,0.0008955279741763371,0.0,0.0003215356553782468,0.00033586354811357747,10
341.3629081249237,0.0015246157642647426,0.002931081149039609,0.0015246157642617095,0.002927746764159633,0.0,0.00033175788052805934,0.0,0.0002000681169747474,0.0003676037318687552,10
341.4616005420685,0.0015246157642647426,0.0015446366159927844,0.0015246157642617095,0.0015399252039971065,0.0,0.0005862612640016414,0.0,2.1026304008138462e-05,0.00031496684293351614,10
341.56440114974976,0.001448789130533403,0.003123652639865627,0.0010483040663117023,0.0029115762278623877,0.0,0.0006311660291509985,0.0,0.00017769493266176365,0.00034937676696551853,10
341.66334319114685,0.001448789130533403,0.001117173512526432,0.0010483040663117023,0.0007476624750363292,0.0,0.00036480334574443533,0.0,7.238639037727683e-05,0.0006005377177008832,10
341.7618041038513,0.0,0.0017282568484167737,0.0,0.0017242371879050505,0.0,0.0003194132605091691,0.0,0.00021529112635821363,0.000327828660724114,10
341.86173844337463,0.0,0.001770491533545481,0.0,0.0017651625417884334,0.0,0.0007712778053958217,0.0,0.00040480889117967085,0.00032444392467063395,10
341.963698387146,2.6174720550425784e-05,0.001852561537156321,7.101517916086796e-07,0.0018489386813035395,0.010000006216398445,0.009349662018616032,2.560468634066793e-05,0.00017854606334340829,0.00022225022147181065,10
342.06238746643066,5.234944090162093e-05,0.0017406773559624827,1.415752952822738e-06,0.0017310168246784607,0.020000012432796654,0.009794291245789136,5.1174587438229e-05,0.0004295627139543985,0.00013804155718141438,10
342.1650218963623,0.0011068637121522443,0.002343248851642708,0.0011065550518014615,0.0023405549880348413,0.010000006216398445,0.0005555427717773338,2.5639470769552786e-05,9.231357977370034e-05,8.733023690897542e-05,10
342.26227593421936,0.0011070058986020633,0.0018213832927963646,0.0011070058982735403,0.001816256281227,0.0,0.001040954884630392,0.0,0.0007870254520020289,0.0007475560903609197,10
342.36171293258667,0.0014487890220900642,0.0011357871222961533,0.001048304066325621,0.000741576574229866,0.0,0.0008744295232915365,0.0,0.0006828410731057064,0.0004453190141557666,10
342.46266865730286,0.0009338293365546586,0.0021242229259324594,3.1972011878357864e-08,0.0018289802878006134,0.0,0.00029239656843213,0.0,8.994053044620405e-05,0.00022935315551215132,10
342.5645272731781,0.0013608175190312252,0.002978240943819932,0.0010483476868262058,0.0028876441597294107,0.0,0.00045204777548600133,0.0,0.00011335530056649079,0.000274506280203964,10
342.66216683387756,0.00090766551269654,0.0019502334888605649,7.086094216049792e-07,0.0016788650409216724,0.010000006216398445,0.009921763203295814,2.560468634066793e-05,0.00046784804955290034,0.0005544913398717171,10
342.7615501880646,5.23494409016348e-05,0.0017570664848448195,1.415752952822738e-06,0.001748134655323238,0.020000012432796654,0.010167393744553853,5.1174587438229e-05,0.00016262283092904664,0.00017090216996629593,10
342.8615984916687,2.6174720550919926e-05,0.0017761300400601315,7.147025756597762e-07,0.00177330629430122,0.010000006216398445,0.0010394585967411442,2.5639470769552786e-05,0.0007949335958333496,0.00014826614179627368,10
342.962322473526,0.0,0.001795455440284171,0.0,0.0017899007660846572,0.0,0.0008868782029659272,0.0,0.0006796083041231482,0.00037112286571259383,10
343.0622093677521,0.0,0.0017757192714386828,0.0,0.001770846251572611,0.0,0.0007197798655247715,0.0,0.00013523297433220817,0.00021808248005534265,10
343.1633553504944,0.0011070060143906749,0.002277356927343638,0.0011070060140358912,0.0022735142771562428,0.0,0.00021099289844143788,0.0,0.00012456882432419232,0.00036378870082957247,10
343.26165533065796,0.001491798667238968,0.002045985618118772,0.001106981169586078,0.0018515250312482856,0.0,0.0008332730757328101,0.0,0.0007336461002928326,0.0003772706612142953,10
343.36150646209717,0.0011498736946636485,0.0019665199667860634,0.001107013938231785,0.0019143789141653443,0.0,0.00048422341163829646,0.0,0.0004173424624544808,0.0003246880705203318,10
343.4631006717682,0.0012698232298938054,0.0023273063057648756,0.001107021888283027,0.0022841402209437017,0.0,0.0006828585846085492,0.0,0.00026996059900763177,0.0003451605870071178,10
343.5617046356201,0.001311041962482722,0.002218107429548766,4.475765181268416e-08,0.0017289043392361531,0.0,0.0012381693207902385,0.0,0.0005053101837600819,0.00035724281335045954,10
343.66228008270264,0.0,0.0018082259205063115,0.0,0.0018026576759689514,0.0,0.0004815567472114559,0.0,0.00046157808895859015,0.0004442769466518279,10
343.7613968849182,0.0010000000223572346,0.0019394385704122822,3.421531062895928e-08,0.0017304405304511597,0.0,0.0009356461890255197,0.0,0.0005492443857892521,0.0002743544662024492,10
343.86358189582825,0.0011606961293735864,0.0023495191667168985,0.0005892245307655734,0.0020407600914317233,0.0,0.00015116958290635905,0.0,0.00010973913200152211,0.0002065148134299076,10
343.96198749542236,7.149281335891277e-05,0.0017237255367066474,7.149281333588227e-05,0.0017186915250145239,0.0,0.0004995886167251744,0.0,7.431209626638041e-05,0.00023200393223192538,10
344.0620265007019,0.0005177565876266221,0.0017608478399606686,0.0005177565874598335,0.0017545381598975238,0.0,0.0010746249577135052,0.0,0.000982316506527849,0.0003277258208702578,10
344.16491508483887,0.0,0.0018897094380172293,0.0,0.0018848049936401414,0.0,0.0006822279336798739,0.0,0.00045901915839751176,0.0003411653349539445,10
344.26301884651184,0.0,0.001717702852258628,0.0,0.0017130524926079998,0.0,0.0009280904531437451,0.0,0.0007062635096604417,0.0005009532135829905,10
344.36175751686096,0.003101843215575379,0.0023013137583855563,0.002371020477589145,0.0008937879001180649,0.0,0.0007639754378710418,0.0,0.0005406805698979034,0.00020123034385416896,10
344.4616458415985,0.0023229226431320756,0.003984133311526911,0.002096680031045266,0.0038813455916450923,0.0,0.0010124786208575277,0.0,0.0009118388199139038,0.0002376887842766035,10
344.56260919570923,0.0011798545948224944,0.0019787974245903343,0.001179854594660091,0.001974835922214544,0.0,0.0006063544822418767,0.0,8.01373507636842e-05,0.00037512027998223656,10
344.66173100471497,0.0010265608719567509,0.0017293131185572145,0.0002319802726621474,0.0015065834122540873,0.0,0.0006227568940663657,0.0,0.00045234370026119746,0.0002385641022607585,10
344.761376619339,0.0012787789828936549,0.0027810774957159616,0.0012787789822491017,0.0027774968532816853,0.0,0.0007124983845646768,0.0,0.000585258513064936,0.00040613570052064926,10
344.86288261413574,0.001107006221166181,0.001989335626542446,0.0011070062208592205,0.0019830757454653803,0.0,0.0003924858772860242,0.0,6.362225707086902e-05,0.00044230207924191923,10
344.9643666744232,0.001000000251447855,0.0021579752305805593,3.406936521100363e-08,0.001838710371146619,0.0,0.0006923868860059713,0.0,0.00012086259328997495,0.00034373268253730366,10
345.06451082229614,0.0014487907895702951,0.0029324640657935946,0.0010483526873234126,0.0028053624631572713,0.0,0.0009174809399448671,0.0,0.00011864570914644964,0.0002565178050467979,10
345.1618101596832,0.00104832896958603,0.0006991245317497438,0.0010483289692984846,0.0006848725775428831,0.0,0.0013494323323373846,0.0,0.0009948000114955295,0.00034182364679000447,10
345.26170086860657,0.0015071068978520126,0.001584464130506255,0.0015071068978489946,0.0015784898657971828,0.0,0.0005483761487405642,0.0,0.0003044051714267777,0.0002886134628782528,10
345.362144947052,0.003985307047977429,0.005325779387734918,0.003804469409069041,0.0052243277000040556,0.0018213268334946256,0.0025474102452721064,4.6660380887729175e-06,0.0008867329901912493,8.708680863068513e-05,10
345.46158146858215,0.0023781097914578006,0.001521836637749068,0.0023485409154317093,0.0014410202211147538,0.003642653666989328,0.0011825705481944648,9.330922323196274e-06,0.0006608633179962715,0.00038572510796364303,10
345.563462972641,0.001064939199235041,0.002865072516655264,0.0010484150527401935,0.0028648777674897827,0.0018213268334949602,0.0003680476912700873,4.6671919685669145e-06,1.0927257882707534e-05,0.00021479116334251251,10
345.69736552238464,0.0014495067375898006,0.002422409137548935,0.0010488455108782833,0.001866803703762845,0.010000006215478438,0.010360111363173934,4.1004957730862794e-08,0.0004804396758485332,0.0003934833993802888,14
345.7631130218506,0.0011080323718580547,0.0014570813574897588,0.0011080319056967019,0.0014558382260447381,0.020000012430957146,0.010158450194979327,4.7225333910244427e-08,0.00012075105561373926,0.00013262403342796165,6
345.8643476963043,0.0011078107526676243,0.002280578924486508,0.0011078103617736812,0.00227670612984808,0.015683437246099854,0.005424887030532871,1.0336123348276469e-07,0.0004901099166148101,0.0001762173119891862,10
345.9625289440155,1.2056819462850595e-07,0.0017036925087768595,9.723752772758528e-08,0.0016981774437968527,0.0013668558457641442,0.004159389992288756,2.9025487578661535e-09,0.00023587355101000737,0.00035336428562533263,10
346.0616421699524,2.6402390557702108e-05,0.0017538930950671402,7.98990141714287e-07,0.001750168716268733,0.010891875210419481,0.010017690479325565,2.5612330434900485e-05,0.0006463384206459475,0.0002974692449281324,10
346.1619162559509,5.2151859449616675e-05,0.0017960507216344779,4.511251733142277e-05,0.0017885478862901068,0.010000006216391827,0.0012124697106060934,2.5570593364370822e-05,0.0010156860265291114,0.000360543054241935,10
346.261638879776,0.0010176708472017545,0.0022006524131461375,0.0010176708468702489,0.002195361874644533,0.0,0.0005610643959478722,0.0,0.00014277199853374953,0.00012856965199651454,10
346.36151123046875,0.0034255616026708075,0.0036171286099958735,0.003276375922150551,0.003434322484802635,0.0,0.000488207441612824,0.0,0.00045984194148228027,0.00024108951130645493,10
346.46170449256897,0.0026459101687469023,0.003875199910423988,0.0024496941545405996,0.0037769930828955543,0.0,0.0010165021748970932,0.0,0.0006826191876877969,0.00024116980997146865,10
346.563533782959,0.0010483275640918199,0.0008289888413146586,0.0010483275638151364,0.0008161003260029355,0.0,0.0009380056268529362,0.0,0.0008577951453921681,0.00015008232145889702,10
346.66267228126526,0.0,0.0017378899250960539,0.0,0.0017324279580536366,0.0,0.00032006959604660034,0.0,0.00020671819708359174,0.00032258540992422755,10
346.76300954818726,0.0,0.001803453908101802,0.0,0.0017969270365170078,0.0,0.00033379467193835836,0.0,5.83974626724334e-05,0.00017513347534672203,10
346.86287212371826,0.0,0.0017671214425966652,0.0,0.0017607614585586195,0.0,0.0004120262035285185,0.0,0.00012486280810773193,0.000451962444724824,10
346.96248173713684,0.0,0.0017801195892454562,0.0,0.001775030864707563,0.0,0.0006635945834937422,0.0,0.00020217026202291684,0.0003558094721788462,10
347.0616126060486,0.0011070060143906749,0.0022443442028561842,0.0011070060140358916,0.002240934750792862,0.0,0.0006400222614970974,0.0,0.0006341927321107604,0.00019341695719302495,10
347.1629168987274,0.0011070060143906749,0.0019635129722257384,0.0011070060140358916,0.00195839352785071,0.0,0.0006461223806888455,0.0,0.0005679357441002003,0.0004929343304537943,10
347.2634084224701,0.0,0.0018056681174826513,0.0,0.0017988285584342367,0.0,0.0009671462934886937,0.0,0.0005285260630331398,0.00023268054980874047,10
347.36173939704895,0.002429372738134484,0.0027851678557296016,0.0022140370797386496,0.0025489569376047853,0.0,0.0005174557540556807,0.0,0.0002668736087133434,0.00047899579286635944,10
347.46413707733154,0.002214012209777408,0.003187804202790427,0.0022140122091147693,0.0031859120076344247,0.0,0.00037525154598679847,0.0,1.5947481370364107e-05,0.0003923873715645843,10
347.5632884502411,0.0014917979017556968,0.0020748254016754097,0.0011069810280214109,0.001898626420607216,0.0,0.0002553358344129648,0.0,0.00012889707732801885,0.0003303910765647786,10
347.662312746048,0.0022140117972041266,0.0030360311998484223,0.0022140117965470806,0.0030329469734473864,0.0,0.00040009661163460246,0.0,2.8340497572690854e-05,0.00016371272918225686,10
347.7619798183441,0.0011070058986020633,0.001899207985920072,0.0011070058982735403,0.0018936713811540393,0.0,0.0006982095376648446,0.0,2.031427615770953e-05,0.0002977405368056994,10
347.8615689277649,0.0,0.0017508675375252423,0.0,0.00174560407477302,0.0,0.0005562215409829815,0.0,0.000543394875313281,0.00043498145528015876,10
347.96388959884644,0.0,0.0018609018450643036,0.0,0.0018551997532132135,0.0,0.00045732713636893117,0.0,0.0004227503025838333,0.0001553179244857554,10
348.06239199638367,0.00040538474635214296,0.0018457580367933647,0.0004053847462304324,0.001840522191357983,0.0,0.0009608027431000479,0.0,0.0007704808439576584,0.0005195877825691631,10
348.16177105903625,0.00029623684427806246,0.0018479379237457117,0.0002962368441891219,0.0018429525507206493,0.0,0.0006540860090762548,0.0,0.0002740421399724828,0.00034518537676103635,10
348.26144194602966,0.0007016215906302054,0.0018042499537151235,0.0007016215904195542,0.0017991448613090767,0.0,0.00010064675608035699,0.0,2.8900080546681925e-05,0.0005122229547995539,10
348.36151027679443,0.0011070063369823483,0.0019273358576207388,0.0011070063366499865,0.0019233460731660531,0.0,0.0005116957635443843,0.0,0.0002648085772269743,0.000368432254617651,10
348.46234011650085,0.0011070063369823483,0.0022716487583508975,0.0011070063366499865,0.00226757970160851,0.0,0.0009863493069469475,0.0,0.0004555545914548793,0.000408342203845796,10
348.56239104270935,0.0,0.0017636857894892943,0.0,0.0017587798754485873,0.0,0.0002847974313541676,0.0,0.00017685894673829026,0.00034356105302476745,10
348.66140389442444,0.0,0.0017430374551111315,0.0,0.001737109246805951,0.0,0.0009869005807153011,0.0,0.0006896066153135968,0.0003677320980127661,10
348.7610836029053,0.0,0.0017660105877112732,0.0,0.0017599276224529654,0.0,4.8522087941352294e-05,0.0,7.737533076875298e-06,0.00020659176250644668,10
348.8613717556,0.0010000000223643476,0.001989227067303039,3.421533014809344e-08,0.0017932115727155675,0.0,0.0004903060862660747,0.0,0.00047298427489245463,0.00027207349649764113,10
348.9612762928009,0.0010000000223643476,0.002105072906050453,3.421533014809344e-08,0.0017808119335879621,0.0,0.000308124735487601,0.0,1.2807914547969484e-05,0.00014719086974738238,10
349.06245708465576,0.0,0.0018127127169848397,0.0,0.0018077668128188324,0.0,0.000210506829795079,0.0,0.0001492739432905272,0.00037428264858897,10
349.161821603775,0.000235639571896358,0.0015449980263931562,0.00023563957183453716,0.0015402492914520268,0.0,0.0005838325433406759,0.0,0.00037036180764899276,0.00040036802062342437,10
349.2616066932678,0.0005770486402528499,0.0012073107674669043,0.0005770486401014593,0.0012007816620555995,0.0,0.000763293455063329,0.0,0.0005733861950620645,0.00029747588111570097,10
349.36145639419556,0.0014596164219230028,0.0028974482049369155,0.0008126599893830482,0.0025736258713428798,0.0,0.0002690280497289478,0.0,4.362019774802155e-05,0.00030591146415927484,10
349.461323261261,0.0004248864969069748,0.001791806977030178,1.4650572442161675e-08,0.0017684413447638535,0.0,0.0004080444776112127,0.0,0.0004015959929542072,0.0002943725693608125,10
349.5617022514343,0.00021244331386731572,0.0018325561251860028,7.823261807446448e-09,0.0017992123617206518,0.0,0.0008638725477656182,0.0,0.0007376763274861193,0.0002486373811525541,10
349.6616234779358,0.001000000094350575,0.0019777850270708084,3.4385401848361127e-08,0.0017779471082807051,0.0,0.0005841811528323939,0.0,0.0003100467422247844,0.00019212147918980956,10
349.76249718666077,0.0,0.0017998245999309153,0.0,0.0017949250486213075,0.0,0.000334493267901724,0.0,0.00030058776122844833,0.0003135648745054608,10
349.86151599884033,0.0,0.001749142359611584,0.0,0.0017447478018072283,0.0,0.001285018009401693,0.0,0.0010079451428778236,0.0002171135911531521,10
349.96158170700073,0.0,0.0017923322164285407,0.0,0.0017869717021768065,0.0,0.0003541317117745971,0.0,0.000315460116188505,0.00019047532029216823,10
350.0615568161011,0.0,0.0017739127400479154,0.0,0.0017686980503999654,0.0,0.0012024390727227183,0.0,0.0011860227955774068,0.00048126952022358664,10
350.1615126132965,0.0,0.0017533521330388943,0.0,0.0017483440539419407,0.0,0.0003600064885799699,0.0,0.00010585597144304028,0.00011981385420190697,10
350.2616195678711,0.0,0.0017863260141668417,0.0,0.0017813967059432426,0.0,0.0009294816007031847,0.0,0.0005611417910660068,0.00019341174840946629,10
350.3614594936371,0.0,0.0017562607883935411,0.0,0.0017520086433124272,0.0,0.0009948287585944203,0.0,0.0007220416196749087,0.00048256389632920745,10
350.4613845348358,0.0,0.0017667572438838646,0.0,0.0017619014471525311,0.0,0.0004926982054397485,0.0,0.00037880733173996194,0.00023140727101500212,9
350.56224727630615,0.001524616755754267,0.001103931564521178,0.0015246167548759156,0.0010956076101176762,0.0,0.000505824359226594,0.0,0.0004513293461849661,0.0007077181226815795,11
350.66173219680786,1.1641868268987337e-09,0.0017342355144099606,1.1071707712436314e-09,0.001729036514220999,0.0,0.001334175902187755,0.0,0.0011563615920618996,0.00012942847100160123,10
350.76127767562866,0.001524615906020819,0.0031240608372965456,0.001524615905130209,0.003121783318266406,0.0,0.00018402093497355088,0.0,0.00015022565987908397,0.000365275437416859,10
350.861501455307,0.0,0.0017741340764538525,0.0,0.0017695036020006253,0.0,0.0005990615850777485,0.0,0.0005770049419118802,0.0004561853372885822,10
350.9614281654358,0.0,0.0017778509736077082,0.0,0.0017729554968339103,0.0,0.0006669910245250428,0.0,0.00018009766200954762,0.00020698992061483275,10
351.06192994117737,0.0,0.0017880904625063602,0.0,0.001782833680448618,0.0,0.00035431775657962023,0.0,0.0003255014055273644,0.0003089453743988342,10
351.16152238845825,0.0,0.0017598823322588996,0.0,0.0017558593540510307,0.0,0.0006390131282183174,0.0,0.000571291867053969,0.00015705336240988494,10
351.2615683078766,0.0,0.001776802115938943,0.0,0.001771632919459095,0.0,0.0005730270555563334,0.0,0.0003874181053660722,0.00027097085146189854,10
351.362238407135,0.0013548152326513035,0.0012695622684342786,0.0010483489469320247,0.0007726275631044355,0.0,0.0006618466916074045,0.0,0.00031056808587328456,0.00017024271464246118,10
351.461448431015,0.002476834081280835,0.004089791220724597,0.0023709803433203374,0.004049744366205031,0.0,0.0007992176773692722,0.0,0.00045262881279073067,0.0006488728326649423,10
351.5619511604309,0.0014007128034922121,0.0021800061326989247,0.0011070281641340249,0.0019428605164999394,0.0,0.0004923531677208209,0.0,6.044298344049789e-05,0.00044069306803821274,10
351.66142678260803,0.0010483276500344195,0.0007775322315501512,0.0010483276497366704,0.0007647985150570587,0.0,0.000540281499902798,0.0,6.536515314987975e-05,0.00024209702114222652,10
351.76203083992004,0.001448790054673901,0.002960265958422004,0.001048352027547303,0.0028290176788167217,0.0,0.001291469476850424,0.0,0.0009252655407380328,0.00035401726318583904,10
351.86121225357056,0.0010483287496607476,0.0007648241572988745,0.001048328749371514,0.0007536118810295157,0.0,0.0005758041831747637,0.0,9.945160193100216e-05,0.0003948466663985589,10
351.96185970306396,0.0,0.0018064876343310027,0.0,0.0017997551471567446,0.0,0.00108371395339518,0.0,0.0008012352996610471,0.0005505174589820441,10
352.0621690750122,0.0,0.0017877596506646813,0.0,0.0017831121946133893,0.0,0.000829939182999656,0.0,0.0007185743616267936,0.0001765956653748658,10
352.1633279323578,0.0,0.0018263220554326895,0.0,0.0018201650461495322,0.0,0.0008449924733401051,0.0,0.0004360216797485434,0.0002662751731403026,10
352.26126289367676,0.0011070063369823483,0.0022037382493059234,0.0011070063366499865,0.0021989993170803018,0.0,0.0010538752134746914,0.0,0.00015494415248988559,0.00016686024541649318,10
352.3614242076874,0.0011070063369823483,0.0019440710324859715,0.0011070063366499865,0.0019395375287418074,0.0,0.0008666179034784985,0.0,0.000489946807440303,0.00022796453048690184,10
352.4613313674927,0.0010483277840171441,0.002826759284646399,0.001048327783742112,0.002823072613695994,0.0,0.0002538626000063176,0.0,0.0002313793008625786,0.0002468078534057846,9
352.5613281726837,0.0015246162510954265,0.0010770576348362892,0.001524616250237732,0.0010668469374851889,0.0,0.0012147944267927252,0.0,0.0011360233114437869,0.0005577828568464322,11
352.66148710250854,0.0015246159060599048,0.003143660658097038,0.0015246159051692952,0.0031412011452452756,0.0,0.0004027555329075265,0.0,4.531471237421754e-05,0.0003576715946217216,10
352.76175260543823,0.0010483276500912622,0.0007778942187556589,0.0010483276497935134,0.000768191782869131,0.0,0.0004318828613617279,0.0,0.00027277352347490657,0.00022883634572130106,10
352.8623855113983,0.0,0.0018095640462162674,0.0,0.0018046744467135173,0.0,0.0008523086042616176,0.0,0.0006695136449495116,0.0005316421783639811,9
352.9622161388397,2.4212389527237886e-05,0.0017746737225398676,2.421238951992986e-05,0.0017700570523799999,0.0,0.0005787846887332574,0.0,0.00023011296795237476,5.690450988695575e-05,11
353.0626254081726,0.0014562260052183294,0.0024997059587443743,0.0010585566873691943,0.0022241503722676796,0.0,0.0005445195244659906,0.0,3.154914945232148e-05,0.00032048360977969276,10
353.16195487976074,0.0014739517257092057,0.002074346189064262,0.0010827698364665702,0.001887327513509602,1.7209671845852908e-05,0.00042692916849008846,4.403600089786007e-08,0.00021812542669739162,0.0004397574214017598,10
353.26177763938904,2.6084628936317465e-05,0.001770427995625098,7.035701188704246e-07,0.001766878989410203,0.009965586872687374,0.010358042562966326,2.5482521922352726e-05,0.0008766444054953877,0.0003043979912416063,9
353.3617424964905,5.2304395095298186e-05,0.0017660793156294642,1.4062529837938209e-06,0.001755957306617843,0.019982802760911987,0.00962943872310192,5.106248530259289e-05,0.00037293250056283855,0.00028981517067761024,11
353.4627935886383,0.0015247830900609668,0.0010811754011103038,0.0015245576836797447,0.0010745243184835179,0.010000006216379028,0.0010220578928507335,2.5605378963699803e-05,0.0008045226252069454,0.0006230554355840549,10
353.5617735385895,0.000541625661626496,0.002268080281606417,0.0005416256614621186,0.00226349213030496,0.0,0.000882731617569911,0.0,0.000832867341314699,7.59213892190956e-05,10
353.66215920448303,3.492345333879185e-05,0.001773052384030374,3.4923453285377716e-05,0.00176839475419525,0.0,0.0004288686316516268,0.0,0.0002844566066927842,0.00022387481860516967,10
353.76312160491943,0.001232527609583741,0.002726829693846192,0.0012322507127205408,0.0027248820448939593,0.010000006216379073,0.010030652208579287,2.557059379692626e-05,0.0004779104049013037,0.0004851938380852339,10
353.86307525634766,0.0010261655838154197,0.0021189728861490437,7.050894244130151e-07,0.0017710347894066424,0.010000006216379413,0.0010503562004562513,2.5535807866819596e-05,0.0007064079493606352,0.00027408075218546507,10
353.9621696472168,0.0010000000223572413,0.001932333671627825,3.421531062895928e-08,0.0017281956208307627,2.676220490278785e-16,0.0008618096625028549,0.0,0.0005221177143673063,0.0002689312384455985,10
354.0616934299469,0.0010483277840171441,0.0027896631983348173,0.001048327783742112,0.002785995807121969,2.2225344072030355e-16,0.00021122470831297076,0.0,0.00013657046632663356,0.0003327413134423209,10
354.16204833984375,0.0010483277840171441,0.0007766888094685546,0.001048327783742112,0.0007633226602308592,1.1116740674542017e-16,0.0012650726278094718,0.0,0.001242372881513619,0.00032206084366397824,10
354.2959671020508,0.0,0.003184779834472246,0.0,0.0031746868138335504,3.143099934759113e-16,0.0003664618354711443,0.0,0.00017414095592514762,0.00047306737672733843,13
354.3629856109619,0.0,0.0007949734020651121,0.0,0.0007926679830719749,2.676220490278785e-16,0.0011506323080673854,0.0,0.0008494912690341596,0.00042449567603771295,7
354.46355390548706,0.0009999991222830857,0.0019912016807425844,3.404100066478895e-08,0.001804877392654156,2.4848083448933725e-16,0.0005676929559087091,0.0,0.0003483631087650915,0.0002237553203028688,10
354.56247067451477,0.0009999991222830857,0.0020458609856149335,3.404100066478895e-08,0.0017180098594503234,1.1112400740480647e-16,0.0009999125634644545,0.0,0.0009015872620440534,0.0003236063854138065,10
354.662011384964,0.0010483273442233444,0.0027815963590408018,0.001048327343945005,0.0027784491920336512,2.4848083448933725e-16,0.0010551350044869017,0.0,0.0009487726881607098,0.00039806556847581646,10
354.762131690979,0.0010483273442233444,0.0007802306469265599,0.001048327343945005,0.0007687573290942389,5.06805828968681e-16,0.0009098248566414213,0.0,0.00038474186093612336,0.0005824781146467668,10
354.8624153137207,0.0,0.0017883907233495493,0.0,0.0017839685391945735,3.143061567542511e-16,0.0007353282323917358,0.0,0.0003811587072411925,0.00024574655715296886,10
354.96144223213196,0.0,0.001728989481014866,0.0,0.0017230455042996048,5.06805828968681e-16,0.0007767337913611708,0.0,0.0006887084690365399,0.0003449085857738537,10
355.0624210834503,0.0,0.0017981823257658166,0.0,0.0017931068780302334,1.1112400740480647e-16,0.0008456891734974327,0.0,0.0005824513376156367,0.0003586670311881541,10
355.16210317611694,0.0,0.0017739175938097467,0.0,0.0017677472175197993,0.0,0.0004759139857488392,0.0,0.00034120007218133095,0.0003338581851353885,10
355.2624399662018,0.0,0.0017695883378935264,0.0,0.001764579406434773,0.0,0.0013321657671257646,0.0,0.0008599472460387197,0.0002493756595086641,9
355.3611979484558,0.002514846506798888,0.002431809746586192,0.0015246197004428828,0.0015705871180942185,0.0,0.0009561017363881566,0.0,0.0008256429146822543,0.00024564445463682113,10
355.46271657943726,0.0014917981002845436,0.002341261341639433,0.0011070309106305156,0.0020118096156235836,2.4848083448933725e-16,0.0010179518642514382,0.0,0.0006447390190826122,0.0007240189353232374,11
355.56471967697144,0.0014097025493904005,0.0030919068929388606,0.001050396213584609,0.0028961586077781687,2.676220490278785e-16,0.0004893282641840768,0.0,0.00033457080770876594,0.00018770557435713722,10
355.6629865169525,0.0013132253745034568,0.0022650962969559354,0.000974516261122945,0.0021365282920136077,0.0,0.0004724882059405053,0.0,7.885627404875455e-05,0.0004812920449810507,10
355.76122307777405,0.0023445121374855767,0.002715883161896415,0.002147780064145817,0.002499172338595605,2.4848083448933725e-16,0.0007661401039222966,0.0,4.833128040430404e-05,0.0003773014796485945,9
355.8620717525482,0.0015246157412573992,0.003184983856453482,0.0015246157403924466,0.0031821900554027454,1.1112400740480647e-16,0.0013016580597807299,0.0,0.0008113551249354342,0.0004314874418581057,11
355.9613072872162,0.0010483275641202416,0.0007577263577094306,0.0010483275638435582,0.0007471616463509581,0.0,0.0004486509610552816,0.0,0.00025586084528202374,0.0005644133331793354,9
356.0629222393036,0.0010000001074825906,0.0020290962844076604,3.3727282295356655e-08,0.001836394490745977,0.0,0.0009628515261341999,0.0,0.0007991982294486603,0.0002788428352000886,11
356.1616837978363,0.0010000001074825906,0.002057192504267573,3.3727282295356655e-08,0.0017299042105490057,2.4848083448933725e-16,0.0004935425200570086,0.0,0.00033781904698562817,0.00035970132108611324,10
356.26208329200745,0.0,0.001787662630706299,0.0,0.0017825869010027434,2.676220490278785e-16,0.0002558443961256873,0.0,0.00020593431480335456,0.00029527154943021936,10
356.3627724647522,0.0010760461744914935,0.0021637636037080193,3.6340397807322525e-08,0.0017958089938950271,0.0,0.0005433215809063459,0.0,0.00044629728647934015,0.0002864135551694847,10
356.4618077278137,0.0010593027934173594,0.0027753982249069946,0.0010483308843601902,0.0027753891732581228,2.4848083448933725e-16,0.0004628375708395699,0.0,6.565874119608366e-05,5.552230992166211e-05,10
356.56876158714294,0.001108436008166349,0.0009658642695663597,0.0010483190866760201,0.0009231357658653259,2.2225344072030355e-16,0.0005718383848427426,0.0,0.00017884637052765449,0.00031897795657644595,10
356.6627061367035,0.0001277961048070968,0.001547725229614715,4.3725950839624135e-09,0.0015466463062919196,1.405962991530139e-16,0.0010961404496740764,0.0,0.00010451715084186889,0.00046239509131484245,10
356.76257610321045,0.00043610195877862886,0.0017937786115343128,1.49213675320753e-08,0.0017620197218384986,3.143099934759113e-16,0.0005654989040102958,0.0,0.0005628659362739484,0.0001715034633096679,10
356.8619010448456,0.0,0.0017539913240793485,0.0,0.0017488180821200454,5.06805828968681e-16,0.0012324691265851997,0.0,0.000489091295913529,0.0004915378007978893,10
356.9627585411072,0.0,0.0018144797161487897,0.0,0.0018096402620657451,3.143061567542511e-16,0.0012141057415015004,0.0,0.001187307924115445,0.00022490488548193734,10
357.0619034767151,0.0,0.001759515624157326,0.0,0.001753550998802713,5.06805828968681e-16,0.001071766032540789,0.0,0.0010255174895867473,0.0004142131618036268,10
357.1619746685028,0.0,0.0017762526752305525,0.0,0.0017709604013286086,1.1112400740480647e-16,0.00037766916865319245,0.0,0.0003519121416475107,0.00045588945628032495,10
357.26287627220154,0.0009738350787790034,0.001982087843671112,7.04034481793215e-07,0.0018034364962103632,0.010000006216379073,0.009328301665425157,2.557059379692626e-05,0.00033811403612978036,0.0006589321052990187,10
357.3618862628937,0.0018095379033338007,0.00307769810848031,0.0015251485960138627,0.002881646603372435,0.010000006216379073,0.0005305740317281399,2.5605378963699803e-05,0.00021077592602432025,0.00019795188310851768,9
357.4627730846405,0.0032090230192121324,0.0027964750834280146,0.0030492323340153963,0.0025587383813085265,0.0,0.0006742927645264671,0.0,0.00035201312710842413,0.00023796186454547692,11
357.5631687641144,0.0011070059631832978,0.0019042593255615592,0.0011070059628591534,0.0018977215519244606,0.0,0.0009894709684461198,0.0,0.0005926943006344048,0.0005200536472004638,10
357.661497592926,0.001448789469324645,0.0028673490946688755,0.0010483506221180946,0.0027392484216855477,0.0,0.0006480623555366403,0.0,0.00014813346958540095,0.0003696819504826887,10
357.7625858783722,0.0,0.0018262218774897012,0.0,0.0018213286174668837,0.0,0.000567465068700361,0.0,0.00012076242220372656,0.00029674371275711735,10
357.86254596710205,0.0,0.0017673391463291974,0.0,0.0017616507429506917,0.0,0.001052368365134936,0.0,0.0010279359975390837,0.00014714346810272577,10
357.96238565444946,0.0,0.0017728666573025042,0.0,0.001767189863858312,0.0,0.0007701892810189391,0.0,0.00034956435938429263,0.00033435346361166584,9
358.06158924102783,8.784133079218652e-07,0.0017521193628432514,7.067051921816665e-07,0.0017465787089560566,0.010000006215470645,0.009963587291580051,5.526938925510234e-09,0.0003553239581238624,0.000325542585516061,11
358.1617031097412,8.78413318506303e-07,0.0017780096469383001,7.067962495990446e-07,0.0017732560751288703,0.010000006215470572,0.0005729815082161125,2.9258405959094473e-08,9.60856094107236e-05,0.0001599247250954578,10
358.2626152038574,2.6707285140707944e-05,0.0018112366212244058,1.0431840575689278e-06,0.001807424131010608,0.014142144404786417,0.013812384718973085,2.557612073585177e-05,1.0286048517260445e-05,0.0003884520066798227,10
358.3614137172699,0.0010528537390700533,0.0020846960084764635,1.646469696272533e-06,0.0017110069984537317,0.02236069365135497,0.010448967705600698,5.2890653935502025e-05,0.0007299688583352039,0.00029361534168377605,9
358.462690114975,0.0010259168515006824,0.0020539935066385398,9.137292665152518e-07,0.0018395274992999634,0.011078195772010722,0.005024511975598156,2.5598405406727412e-05,0.0004424108502039808,0.00021309173578591467,11
358.56348299980164,0.000999523159044316,0.0021343426079585962,6.121320076725813e-07,0.0018056195038333304,0.009143196246387826,0.004243573168684817,5.171632800934582e-09,0.0008887801997575163,0.00039576373418436547,10
358.6644711494446,0.0009992708633733798,0.0020058611655500067,1.0306252518779087e-06,0.0018140547636296194,0.013984766788667662,0.010069274806711662,1.742150098993514e-08,0.0004941970372649055,0.0002628955289376998,10
358.761830329895,0.0011065172113942877,0.001856821506546394,0.0011065170847335518,0.001851897724233173,0.009608781182139378,0.0009632868433262858,2.745994223113284e-08,0.0007104574696205086,0.00022788146321170373,10
358.86234521865845,0.0011070064269641804,0.0023100999944352823,0.0011070064266035737,0.002306943229559907,0.0,0.0008544771246239348,0.0,0.0007189558848854975,0.00023364620600368046,10
358.96366000175476,0.0010483277840171441,0.0008315922022390283,0.001048327783742112,0.000816414050961207,0.0,0.0008645318746991373,0.0,0.0007392077172131459,0.0001923944603500548,10
359.06714940071106,0.00144878998727747,0.003078171889622657,0.0010483512818222668,0.0029604368152270455,0.0,0.0006803508809954304,0.0,0.000151741777676641,0.0002527599785830315,10
359.19677114486694,0.0010000000223572413,0.0033404317885003085,3.421531062895928e-08,0.0030067295899781706,0.0,0.0008321016848545745,0.0,7.96308702288771e-06,0.000331833287802499,13
359.26448678970337,0.0008512428306848788,0.0012252264274463538,2.912554103800786e-08,0.0008195117207150946,0.0,0.00038070370088329783,0.0,0.00030500421159881393,0.0004643235513233532,7
359.36275267601013,0.002117660004754663,0.0005000684707572158,0.002096663524125691,0.0004993973759591342,0.0,0.0012649499475018433,0.0,0.0007020590217590461,0.00040025033556932834,10
359.46517062187195,0.0015551958645470877,0.0031645713497659798,0.0010483548633484225,0.0029911186031324616,0.0,0.000657816712954027,0.0,0.0005967059396483554,0.00022083073211661902,10
359.562705039978,0.0009999977052237128,0.001999012873372146,3.333697424320871e-08,0.0016467480897688965,0.0,0.00037478825891523894,0.0,0.00020449544130534674,0.0004915878907487973,10
359.6632173061371,0.0014487885518820038,0.003009808941894011,0.0010483512337291512,0.002876180834330678,0.0,0.0009450714104377332,0.0,0.00047520146111234136,0.000298780891975054,10
359.7625982761383,0.0,0.0017575541072313958,0.0,0.001751948215544496,0.0,0.0005477212494772086,0.0,0.00018395337351601756,0.00032401115258363987,10
359.8635621070862,0.0,0.0018192556953448387,0.0,0.0018143831945338237,0.0,0.0007476892541191414,0.0,0.0005389474551440934,0.00012338008193176167,10
359.96238255500793,0.0,0.0017330468212338754,0.0,0.0017290606358751361,0.0,0.0005626091436279503,0.0,0.0003240345241920538,0.0002752225929344861,10
360.06182312965393,0.0,0.0017625488021689492,0.0,0.0017577356477059653,0.0,0.0007870663767184737,0.0,0.0003528805287699304,0.0003690571884094876,10
360.16318941116333,0.0,0.0018333031653316252,0.0,0.0018268892177352892,0.0,0.0005073485848514509,0.0,9.753063364348547e-05,0.0001608225864533246,10
360.26287055015564,0.0,0.001775789167917805,0.0,0.0017711825928806407,0.0,0.0006510624374439698,0.0,0.00012040965571389741,0.00034919765455754975,10
360.36175537109375,0.0010483275641202413,0.0027837478061771676,0.001048327563843558,0.0027803457720913375,0.0,0.00034882422112244915,0.0,0.0002772150447329376,0.00026940692591843917,10
360.4623153209686,0.0014917977470685873,0.0024194957153843085,0.0011070311295354352,0.0022611544807026288,0.0,0.0010183355432119843,0.0,0.0005926433423979648,0.0004580965041849764,10
360.56266140937805,0.0018233089273744034,0.0015488795552029374,0.0015246511132750917,0.0010567159081178678,0.0,0.0012135362649266159,0.0,0.0006343531851404419,0.00045493967251613384,10
360.66247153282166,0.0,0.00176630779778543,0.0,0.0017615891967723307,0.0,0.0008085473803069496,0.0,0.0007252697944098406,0.00033955091382746513,10
360.7615451812744,0.0,0.0017469483159809449,0.0,0.0017428355906259408,0.0,0.0005689755235070253,0.0,0.00014344110423897448,0.00021637159566757896,10
360.86228466033936,0.0,0.0018101894747812916,0.0,0.0018056355593394921,0.0,9.297240436032213e-05,0.0,6.012883992738755e-05,0.0004699627013161947,10
360.9622268676758,1.8596378328030458e-07,0.0017949071432154914,1.4961245717718068e-07,0.0017906839769971103,0.0021170432123668284,0.0019763073328292685,1.7325117460868068e-09,0.00026350012425656826,0.0002611332032320693,9
361.0643894672394,1.7047130741108488e-07,0.0018714461522088546,1.3714429728617886e-07,0.0018640963724507336,0.001940674224185624,0.0011339553306556113,9.951319487363051e-11,0.0008658139134189755,0.00042581300395304604,11
361.16493129730225,0.000999871109619464,0.002005944767921876,1.404983923731323e-07,0.0018090889224486883,0.002469781188729235,0.002724452353899913,1.8696063750766104e-09,0.0003911025642312731,0.00032971500876494895,10
361.26466512680054,0.0009998803092637334,0.0020854498868292035,8.801198768431685e-08,0.0017539201596879948,0.0022934122005482207,0.0007883393256443288,3.636111889598899e-09,0.0005387667434823128,0.0003025299258853811,10
361.3638982772827,0.0018609061638750625,0.0033116100767815867,0.0018609060927401522,0.0033086756603416235,0.010000006215470645,0.010832487176609918,5.526938925510234e-09,0.00019124109379728988,0.0003393568321319199,10
361.4652087688446,0.0016701528844422677,0.0019730610921111624,0.0013385068556827644,0.001776511223537905,0.02000001243094099,0.010212641350125212,4.5839248180062625e-08,0.00019625622849923387,0.00036004711665150714,10
361.56485199928284,0.0010127639484382594,0.002216991830153261,0.0001640282146081299,0.0019168327823527714,0.010000006215470572,0.0003394170099049042,2.9258405959094473e-08,0.000264111775302472,0.0005138292240925854,10
361.66261291503906,0.0009064749238565182,0.0008542365137084826,0.0009064749236005399,0.0008443527480995804,0.0,0.000583508088982486,0.0,0.0005805359745086907,0.0004965428813110668,10
361.7650816440582,3.9566571051942966e-07,0.001882181686099906,3.1832283187801244e-07,0.0018773226243573805,0.0045043256237605345,0.004658238929026188,1.8159186120535061e-09,0.0009047078649745486,0.00032276986482725623,10
361.86522912979126,0.0009995301194882474,0.001977411837466491,6.02584458813306e-07,0.0017823662524233375,0.009008651247521033,0.004233589933236391,3.4257372807481763e-09,0.00030506025538952285,0.0006069100947423185,10
361.9626705646515,0.0009997649967565907,0.002008452737741185,2.0568359414225756e-07,0.0016761885957967623,0.004504325623760879,0.0008154467177473464,8.873493116908695e-09,0.0001332637158865183,0.00023748625182166668,10
362.06384778022766,0.0,0.0018240481212576881,0.0,0.0018188860282489076,0.0,0.00044645734184770096,0.0,0.00038783857632340566,0.0005862595696943051,10
362.1627097129822,0.0,0.0017419245729920596,0.0,0.001737028600425552,0.0,0.000572437368031021,0.0,0.00020522023702182233,0.00024722530229693906,10
362.26761054992676,0.0,0.0019793889950577882,0.0,0.0019745811433367877,0.0,0.0010856777825945985,0.0,0.001037677188439862,0.00045525041475727294,11
362.36481404304504,0.0009999999503852747,0.002024321148190972,3.404585005519068e-08,0.001686968116429087,0.0,0.0006135179684634232,0.0,0.0005915168271041135,0.0005136883601639267,9
362.4623386859894,0.0010483271242696093,0.002731389740130082,0.0010483271239896089,0.002729315015806029,0.0,0.0008547707986919639,0.0,0.0003953210998539192,0.0002919804250814676,10
362.56327533721924,0.0010483270382994243,0.0007889243521337854,0.0010483270380433252,0.0007837022721860453,0.0,0.00021281113164984153,0.0,9.884460650470783e-05,0.00037853626717244656,10
362.6628475189209,0.0010000010075709366,0.001960343856685208,3.390259322411092e-08,0.001765472443672508,0.0,0.0005922262809319436,0.0,0.0003836406585574266,0.00024017954311050495,10
362.762499332428,0.0,0.0017585421671680666,0.0,0.001753582788783051,0.0,0.0004862530302003893,0.0,0.0003320678885985165,0.00044960077666183806,10
362.861643075943,0.0,0.0017635460770457805,0.0,0.0017593952236966417,0.0,0.0003660475796496261,0.0,1.1061305718423558e-05,0.00027556263476495954,10
362.9630558490753,0.0,0.0018460422538027288,0.0,0.0018411862316411681,0.0,0.0006124475009594569,0.0,0.0001754290614369234,0.0002078224042215765,10
363.0616750717163,0.0,0.0017323070218246519,0.0,0.0017275121933496165,0.0,0.0009377439930267444,0.0,0.0009282253977733715,0.00019068952797720253,10
363.16212248802185,0.001107005576038684,0.0019351017314830161,0.001107005575687867,0.0019309512705142366,0.0,0.001193648828598337,0.0,9.56691134342977e-05,0.0005752673006071377,10
363.26274371147156,0.00149179744206009,0.002563407647538058,0.0011069806154775086,0.0022891647609285977,0.0,0.00014663607889200551,0.0,2.487963081104154e-05,0.00047375068888517617,10
363.3616762161255,0.0014487890230893944,0.0011355271612972912,0.0010483042862376522,0.0007380559610310698,0.0,0.0005217315299611401,0.0,0.00019174932763194846,0.0003044245638911015,10
363.46513319015503,0.0014487904983956413,0.003214743286146003,0.0010483044580535982,0.003007251515635235,0.0,0.0006917554703571716,0.0,3.086191028530225e-05,0.0001802198413872789,10
363.5671293735504,0.001000000850452454,0.0020447263160412047,3.422369979232393e-08,0.0018638311819335232,0.0,0.0007757930845430167,0.0,0.0007045659551109701,0.00034326694074187617,10
363.66315937042236,0.0,0.0016491354861298733,0.0,0.001643716846450509,0.0,0.0008813104289287567,0.0,0.0005168209057988841,0.0003373063535211687,10
363.76289343833923,0.0007679004767039364,0.001804479665676429,0.0007679004764605841,0.0018000446593840287,0.0,0.0012966004003895227,0.0,0.0010968914371721563,0.0004197266938804782,10
363.86151361465454,0.001081423050869724,0.0021714360340309028,0.0004287740690724344,0.001858045908060857,7.219574893013776e-05,0.0007388663192234054,8.47554211516398e-11,0.0004185141856945745,0.0002793382859796708,10
363.9618022441864,0.001478398148608413,0.0013140133486988011,0.0011014911263143778,0.0009824563966960114,0.009855614717610152,0.00983309048336323,5.694643212754442e-09,0.00020659799931673604,0.0005621222472516872,10
364.06340646743774,0.0010478632504784438,0.0028893771712593655,0.0010478411693989507,0.0028864255608553714,0.009927810466540553,0.0002403369244926658,3.989662347990384e-08,0.0002026023013191822,0.0002140738492138654,10
364.1618344783783,8.784133079218652e-07,0.0017230290409128086,7.067051921816665e-07,0.0017165160437050482,0.010000006215470645,0.009421213373572776,5.526938925510234e-09,9.52129508775509e-05,0.00028704515969183103,10
364.2647490501404,1.756826619737978e-06,0.0018983365112531575,1.413501441780711e-06,0.0018933294748116581,0.020000012430941,0.009741383380262824,2.373146703358424e-08,0.0009381443459059643,0.0006920272573745781,10
364.3637092113495,1.7568266158872102e-06,0.0017408881802951001,1.4133193269459549e-06,0.0017360294204114613,0.02000001243094099,0.009552358563910204,4.5839248180062625e-08,0.0011185280946362217,0.00018454639206230957,10
364.4648058414459,1.756826619737978e-06,0.0018386606332689865,1.413501441780711e-06,0.001833208551093527,0.020000012430941,0.010229099928131105,2.373146703358424e-08,0.0002544327007364007,0.0005882079003148966,10
364.56494784355164,0.0010478384816036532,0.002827495397059111,0.0010478383390007094,0.0028248236915177066,0.010000006215470304,0.00034380808705519977,4.031230925455239e-08,0.00010985528855559952,0.00022025428987517765,10
364.66217851638794,0.0014917992287321966,0.0023754244409896837,0.0011070309883833935,0.0022042333864862565,0.0,0.0006814063326131299,0.0,0.0005700960508831632,0.00037144589122169327,9
364.7619333267212,0.0014917996671059302,0.002234671750645054,0.0011070311561740087,0.0019037186298886432,0.0,0.0007996763209550256,0.0,0.00033003381535919485,0.0005507623274110415,11
364.86168003082275,0.001048329495351103,0.0007527513844661783,0.0010483294950455757,0.0007369955106615471,0.0,0.0005841697731501683,0.0,0.00033436030012728513,0.0002502184708157288,10
364.96238589286804,0.0,0.0018046998790061711,0.0,0.0017993308515203514,0.0,0.000646789330464815,0.0,0.0005867091718665938,8.306927917875162e-05,10
365.0633502006531,0.0,0.0018184111987993286,0.0,0.001813693251897488,0.0,0.00045543434952441126,0.0,0.00027136160436360215,0.00012657032695056943,10
365.1634805202484,0.001048329495351103,0.000793597212362665,0.0010483294950455757,0.0007832418242249536,0.0,0.000326218667652497,0.0,0.0002032625867101645,0.00025206905030885707,10
365.26320457458496,0.0015246172249792802,0.0029096913335869257,0.0015246172249782969,0.0029062463162269577,0.0,0.0012035834480205935,0.0,0.0010772418462321087,0.0003300975998816699,10
365.36164379119873,0.0014917979308667843,0.0024556659776658117,0.001106981002245754,0.00218541505237739,0.0,0.0003928747649732928,0.0,0.00031340314198858817,0.0004497450966495176,10
365.466845035553,0.0020477488726681056,0.002807480253823765,0.00043967968748930214,0.0020656101136663284,0.0,0.00035190697074419166,0.0,3.219729810108371e-05,0.0005311248584825654,10
365.56209564208984,0.0008887015632882975,0.0018689711476379757,0.00022776742705461062,0.0016722651429020904,0.0,0.0010767959236483386,0.0,0.0006933714100029417,0.0004998219715077009,10
365.6627445220947,0.0018431179339144506,0.002663506023781387,0.0006674187230610439,0.0017971859363445826,0.0,0.0006547557466684575,0.0,0.00045964221521783646,0.0002111131281495656,10
365.76135659217834,0.0001409750131159749,0.0017334033223229306,4.819801903101508e-09,0.0017106849779129833,0.0,0.0005614139901535997,0.0,0.0005302574202633216,0.000651001190944068,10
365.8642680644989,0.0010000001794616459,0.0020595342752626022,3.389804226828099e-08,0.0018698889445453869,0.0,0.0004897921152621046,0.0,0.00042656123661305364,0.0004322123044192803,10
365.99660778045654,0.0010000001794616459,0.003441074824318693,3.389804226828099e-08,0.0030772506830690077,0.0,0.0011696117490165394,0.0,0.0002431246684502279,0.0003672735114677879,14
366.05296301841736,6.795638931061302e-07,0.0005645318107397917,5.467259284074316e-07,0.0005627204519945131,0.0077362707320202066,0.007876013877170516,7.321738654478823e-09,3.519408928949425e-05,0.00033198125573958854,5
366.16302371025085,4.807144829455448e-07,0.0021677792915510345,3.8680115850760293e-07,0.0021630435088487213,0.005472535248570058,0.0025993393060957082,1.1702405672789606e-08,6.397998540411233e-05,0.00025481474167066175,11
366.262202501297,1.9884941260206016e-07,0.0017573822048045958,1.5998392700314224e-07,0.0017521010915316432,0.0022637354834505103,0.0005479753790173086,3.5773861279603568e-09,0.000452166307393727,0.00021094449392559838,10
366.36117219924927,0.0,0.0017397762911989631,0.0,0.0017350523607697816,0.0,0.0007717471322801278,0.0,0.00022366263011252538,0.00030806490356114966,10
366.462504863739,0.0010483273442233446,0.0008188975587439498,0.001048327343945005,0.0008074930307423989,0.0,0.000802921926488729,0.0,0.0005157984051007804,0.0001787146058799177,10
366.5626504421234,0.0010483273442233446,0.002818828658430677,0.001048327343945005,0.002814723687672908,0.0,0.00024964473178914885,0.0,8.489407196242414e-06,0.0006170182498040389,10
366.661568403244,0.000495962976690503,0.0017330863608857811,0.0004959629765333293,0.0017280447682185573,0.0,0.0012100736064896327,0.0,0.0010829690269263657,0.00024393559214592222,10
366.76207160949707,0.00011507962265767756,0.0017839119867699245,0.00011507962262120813,0.0017787068246019032,0.0,0.0005891055855939913,0.0,0.0003475468636285262,0.0002068419403981201,10
366.86150789260864,0.0012134102264702072,0.0011555161640954279,0.0012134102264327819,0.0011474635152855354,0.0,0.0005309602937318137,0.0,0.00012925601864848435,0.00012143971092320495,10
366.9621112346649,0.0014487893278463916,0.002981091534801595,0.0010483511478304186,0.002851629304452446,0.0,0.001230134379806143,0.0,0.0007762910440245439,0.00012247845337268293,10
367.0618648529053,0.0010000001074896893,0.0020966580622329245,3.3727282295356655e-08,0.0017670534782356399,0.0,0.0007013670809452832,0.0,0.0004766848377202298,0.00031563745058724776,10
367.16206073760986,0.0,0.0017993697457813283,0.0,0.0017947080985872743,0.0,0.0005849946573682767,0.0,0.000554098473613789,0.00022195245713854797,10
367.2621228694916,0.0,0.0017813704127708054,0.0,0.0017764773482779295,0.0,0.0008142007865992532,0.0,0.00011656662294160974,0.0003214339225444044,10
367.3628342151642,0.0,0.0018180187437591222,0.0,0.0018133438651128846,0.0,0.0006814104985158423,0.0,0.00016546243747665525,0.00019315995119953012,10
367.4617598056793,0.0,0.0017302051267570058,0.0,0.0017256137068899053,0.0,0.0006669138263049042,0.0,0.0005981564715331593,0.0006552244570441223,10
367.5629577636719,0.0,0.0018133479822583282,0.0,0.0018065575390126317,0.0,0.0008836499146229265,0.0,0.0004140835048355643,0.0002601085280150277,10
367.66135931015015,0.001000000094336364,0.0019315397499982516,3.4385401848361127e-08,0.0017200752908009722,0.0,0.00042619471747576653,0.0,8.140249859921373e-05,0.00024598673344116193,9
367.76160645484924,0.001000000094336364,0.0021306382429331244,3.4385401848361127e-08,0.0017888973391210305,0.0,0.00033974689311814865,0.0,0.00033852525047710217,0.00036030945424376273,11
367.8613157272339,0.0010483292753974576,0.0007941950772073468,0.00104832927509019,0.0007821775134999036,0.0,0.00042180970810139153,0.0,0.00031775314158977153,0.0003977890365345868,9
367.96179604530334,0.0010483292753974576,0.0028406310621990434,0.00104832927509019,0.00283679700206811,0.0,0.0006512255578273162,0.0,0.0004222334762644251,0.0004170349858965286,11
368.0613543987274,0.0,0.0017550838081960062,0.0,0.001749760353686505,0.0,0.0009470865299454886,0.0,0.0006114790841260108,3.5925665366682696e-05,10
368.161536693573,0.0011070060143906746,0.002271133812660337,0.0011070060140358912,0.0022671761092840905,0.0,0.0010065848653972378,0.0,0.00034535359067617866,0.00020466858878503952,10
368.26429319381714,0.0011068391035789875,0.002014391823811448,0.0011068390856841795,0.002009238353400682,0.003277790063289064,0.0030818344840889606,2.020695444664853e-09,0.00021382230427388084,0.0003173423720491389,10
368.36247420310974,0.001503703081744447,0.0030497619694880695,0.0011226617171171556,0.002832437102948195,0.006555580126578029,0.0034937987163370515,3.040610275479122e-10,0.0008016106999703227,0.000237756483763169,10
368.4640579223633,0.0010902371518471616,0.0009517810346373477,0.0010902368814431752,0.0009464120156174472,0.013277796278759834,0.010098909814438594,2.3103549206150987e-10,0.00040837053949051186,0.0006909251144004789,10
368.56306982040405,0.0012227462580455758,0.0019421383919676208,0.0007050027978721885,0.0017523880732557388,0.017055329141093062,0.006610801899705807,4.782516107873099e-08,0.0006603343364110927,0.0004521057833374651,10
368.6616475582123,1.2394971432508622e-06,0.001742476504579637,9.972513777289513e-07,0.0017374180636429055,0.014110645851245102,0.006573610974899125,2.2895413707796012e-09,0.0011177455914444946,0.0005028293982710703,10
368.7618820667267,6.197485792863842e-07,0.0017777821956558137,4.985577076386523e-07,0.0017734736595429207,0.0070553229256223576,0.0006097679257047415,2.482817317662776e-08,0.0005560534801466177,5.890462014532397e-05,10
